ID,Segment,WC,WPS,BigWords,emopos,emoneg,anxiete,col√®re,tristesse,cognition,perspicacite,cause,divergence,tentative,certitude,inhibition,inclusion,exclusion,perception,remplisseur
SPC01,1,463,17.81,26.57,2.81,1.3,0,0.43,0.86,15.98,3.02,2.59,0.65,1.51,1.51,1.08,11.02,1.3,1.73,0
GRE13,1,549,13.73,24.23,2.91,2.37,0.36,0,0.91,22.77,2.73,3.64,2.19,2,4.19,0.73,9.11,2,2.55,0
BRE13,1,627,14.93,21.05,1.12,0.96,0.32,0.16,0.32,19.14,2.71,2.55,2.55,0.8,1.12,0.48,10.21,2.71,3.03,0
UPL02,1,564,14.46,23.05,3.72,0.89,0,0.53,0,20.57,3.01,2.84,1.95,1.77,2.48,0,11.35,3.01,2.13,0
UPS01,1,502,19.31,27.29,4.78,0.8,0.2,0,0,20.92,2.59,3.59,1.99,2.19,2.79,1,11.35,3.59,0.6,0
BOD02,1,494,12.05,23.08,2.43,1.42,0.2,0,0.4,23.48,4.25,4.86,2.83,2.43,2.83,1.21,9.92,3.85,2.83,0
BFC10,1,448,18.67,29.69,3.35,1.79,0.22,0.45,0.45,20.98,4.46,4.24,2.46,1.56,2.01,0.45,11.16,3.13,2.68,0
UCA12,1,595,10.82,34.45,0,0,0,0,0,9.41,0,0,0,0,0,0.17,9.58,0,0.17,0
UCA07,1,426,8.35,1.64,0,0,0,0,0,0,0,0,0,0,0,0,0,0,0,0
LOR02,1,469,18.76,27.29,2.56,0.64,0,0.21,0.21,14.29,2.99,2.13,1.71,1.28,0.64,0.64,8.53,1.71,5.33,0
ALS08,1,602,13.68,27.41,2.66,0.66,0.17,0.17,0,23.09,4.15,3.49,3.16,2.99,2.49,0.17,10.8,2.82,2.82,0
BRE04,1,524,19.41,24.24,2.1,0.57,0.19,0,0.38,16.98,1.91,2.86,2.1,0.19,2.29,0.76,10.69,2.86,1.91,0
SPC09,1,384,13.24,26.82,3.91,1.3,0.78,0.26,0,21.35,4.95,2.86,1.56,1.3,2.34,0.26,7.81,2.34,2.86,0
OCM11,1,444,10.09,21.62,3.38,2.48,0.23,1.58,0.9,14.64,2.25,1.58,1.35,0.9,0.9,0.45,9.01,3.15,3.38,0
LRE07,1,600,15.79,17.67,3.17,1,0.33,0,0.17,20,1.83,3.67,2.17,2.17,2.17,0.5,10.17,3.33,2.17,0
OCM02,1,462,14,27.27,3.25,2.16,0.87,0.22,0.43,19.7,3.03,3.46,2.38,2.16,2.38,1.73,11.26,1.95,1.95,0
LOR05,1,509,25.45,24.95,4.72,2.55,0.59,0.2,0,22.4,2.95,2.16,1.96,2.55,2.95,1.18,11.39,3.93,2.55,0
ALS07,1,582,30.63,18.73,2.23,0.52,0.52,0,0,19.76,4.3,2.92,2.41,2.41,2.23,1.72,8.93,2.92,2.23,0
UPL01,1,415,20.75,27.47,3.86,2.89,0.48,0.72,0.48,13.98,2.41,2.65,1.2,1.69,0.96,0.48,7.95,1.69,1.2,0
SPC06,1,517,15.21,24.37,2.32,2.13,1.35,0.39,0.19,20.31,1.93,4.26,2.51,2.13,1.35,0.58,11.03,4.06,3.48,0
UPS10,1,572,19.07,15.73,1.92,0.87,0.17,0.87,0,17.83,1.57,3.32,1.57,2.45,1.75,0.52,11.71,2.8,4.72,0
UPS03,1,473,16.89,28.75,2.54,1.06,0.21,0,0.21,20.72,2.75,3.81,1.48,2.33,1.9,0.42,11.63,2.54,2.75,0
UCA08,1,464,77.33,11.21,0.65,0.22,0,0.22,0,24.14,7.33,1.08,7.76,0.22,6.25,0.22,16.38,0.86,6.47,0
LRE06,1,392,14.52,26.79,3.32,0.77,0.51,0.26,0.26,21.94,1.53,4.59,1.02,2.55,2.55,0.26,12.5,2.3,2.3,0
BOD05,1,551,13.77,25.77,2.72,0.91,0.18,0,0.18,17.97,2.36,4.54,1.27,1.63,1.63,0.18,9.07,3.45,2.18,0
BOD10,1,462,21,28.14,2.6,1.08,0.22,0.65,0.22,16.88,1.52,3.03,1.3,1.3,0.22,0.87,11.9,2.6,1.73,0
PES02,1,526,21.04,24.52,2.28,0.38,0,0,0.19,20.91,3.8,3.23,3.23,2.47,1.33,0.76,11.41,3.23,0.95,0
LYO11,1,525,13.13,21.52,2.86,3.24,1.33,0.19,0.38,19.43,2.29,1.71,1.33,1.71,1.52,0,11.62,3.43,2.48,0
BFC01,1,611,13.58,16.37,3.27,0.65,0,0,0.16,22.42,3.44,4.42,0.98,1.8,2.78,0.65,12.27,3.6,1.64,0
OCM20,1,479,18.42,26.93,3.55,1.04,0.21,0,0,20.46,1.88,2.3,2.09,2.3,2.92,1.46,10.65,3.34,0.21,0
CFE01,1,585,18.87,16.24,2.39,0.51,0,0.51,0,19.32,2.91,3.08,2.05,2.05,3.42,0.34,12.14,3.08,1.71,0
UCA15,1,355,59.17,3.38,0,0,0,0,0,1.13,0,0.28,0.28,0.56,0,0,0.28,0.56,0.28,0
UCA14,1,689,6.26,2.47,0,0,0,0,0,1.31,0,0,0,1.31,0,0,0,0,0,0
UCA01,1,619,619,0,0,0,0,0,0,0.16,0,0,0,0,0,0,14.38,0,0,0
NOR01,1,454,16.81,22.25,1.98,1.1,0.22,0.66,0.44,19.38,3.08,3.08,1.32,1.76,2.64,0.66,9.69,3.3,1.1,0
LOR10,1,532,19.7,21.43,2.07,0.75,0.56,0.38,0,18.23,2.44,2.63,2.63,2.26,1.69,0.38,6.95,4.32,1.69,0
CFE08,1,493,14.94,18.46,5.27,2.03,0.41,0.41,0.61,18.46,2.23,2.43,0.61,0.2,1.42,0.81,12.37,2.03,1.42,0
OCM01,1,595,13.84,17.98,4.37,1.34,0.5,0.34,0.17,16.47,2.86,2.86,2.52,1.18,1.51,0.67,9.41,4.03,3.03,0
LYO03,1,654,21.8,24.77,3.21,1.83,0.15,0.61,0.31,19.42,3.67,1.53,2.45,1.53,2.14,1.07,9.02,3.21,1.83,0
LRE03,1,351,19.5,18.52,1.42,0,0,0,0,16.81,1.42,2.28,1.14,2.28,1.14,0.28,13.11,2.85,1.14,0
PES01,1,447,13.97,17.9,3.8,0.67,0,0.22,0.45,17,3.8,1.57,2.01,1.79,1.79,0.45,9.4,2.91,2.01,0
LRE02,1,549,17.71,23.86,2.73,2.37,0.36,0.73,0.36,15.3,2.19,4.01,3.1,0.91,0.73,1.09,8.01,4.37,1.09,0
LOR07,1,487,16.23,24.23,1.64,1.85,0.21,0.41,0.21,20.12,3.29,4.93,2.87,2.67,2.26,0.21,9.86,4.11,1.85,0
GRE08,1,575,15.97,25.74,3.48,3.13,0.17,0.87,1.22,25.22,3.3,2.96,2.09,2.96,2.43,0.7,10.26,6.09,2.26,0
UPS13,1,554,20.52,19.31,4.15,2.35,0.18,0.36,0.18,19.68,2.17,5.6,1.62,1.81,0.9,1.08,9.39,3.25,2.35,0
CFE03,1,535,13.72,21.12,3.36,1.31,0.56,0,0.56,20.19,2.24,2.06,2.62,1.68,2.8,0.37,10.09,4.11,1.87,0
HES05,1,463,14.94,23.97,2.81,0.43,0,0,0,22.68,7.13,4.1,1.3,1.08,2.16,0.86,11.23,3.24,3.02,0
PES03,1,491,22.32,28.31,1.43,0.61,0,0.2,0.2,18.33,2.44,2.85,1.63,1.83,2.04,0.61,9.98,1.63,1.83,0
SPC12,1,574,19.13,25.44,1.74,1.57,0,0.17,0.52,16.9,4.18,1.92,1.22,1.22,0.87,0.52,9.93,2.09,1.22,0
SPC07,1,550,14.86,21.27,5.27,1.45,0.18,0.73,0.55,19.45,3.64,4,1.09,2.91,2.73,0.73,9.64,3.27,4.36,0
ALS06,1,697,18.84,20.09,3.44,1.29,0.14,0.43,0.14,20.37,1.15,2.87,2.3,2.01,2.01,0.43,11.19,4.3,1.87,0
LDV01,1,547,16.09,21.02,3.47,1.28,0.55,0.18,0.18,18.1,3.11,2.01,0.73,1.1,1.46,0.18,12.43,1.65,2.74,0
BOD11,1,495,17.68,18.38,4.65,0.81,0,0.2,0,18.79,3.64,2.22,2.42,2.02,1.62,1.82,10.3,2.63,3.43,0
BOD04,1,519,20.76,21.19,3.66,1.35,0,0.96,0.19,20.04,3.85,2.12,2.7,2.5,3.08,0.58,9.06,3.85,1.73,0
CFE09,1,558,16.41,23.66,1.97,2.15,0.36,0.9,0.18,17.92,1.43,2.15,2.87,2.33,1.25,1.08,9.68,2.87,1.25,0
GRE09,1,562,19.38,24.91,3.91,1.42,0,0,0.71,25.98,3.91,5.34,1.78,2.14,3.2,0.53,11.92,5.87,2.49,0
UCA09,1,265,17.67,33.96,0,0,0,0,0,0.75,0,0.75,0,0,0,0,0,0,0,0
BRE01,1,567,16.68,19.75,1.76,1.06,0,0.71,0.18,17.64,2.65,2.29,1.41,1.41,1.76,0.35,10.23,2.82,1.23,0
UCA06,1,776,40.84,0.26,2.06,0,0,0,0,1.03,0.13,0.13,0.13,0,0,0,0.52,0.39,0,0
UCA13,1,134,7.88,31.34,0.75,0,0,0,0,0,0,0,0,0,0,0,0,0,0,0
UPS02,1,462,17.11,24.03,2.6,2.6,0,0,0.87,19.91,4.11,3.9,0.43,1.95,2.81,0.65,11.47,1.3,1.3,0
LDV06,1,505,10.31,17.23,2.18,0.2,0.2,0,0,19.8,2.38,3.76,2.38,2.77,1.58,1.39,9.5,3.96,1.19,0
GRE11,1,585,12.72,26.15,4.62,2.56,1.2,0.17,0.51,19.83,2.56,1.88,1.03,2.22,1.54,0.34,9.74,4.27,1.54,0
CFE11,1,520,17.33,24.04,4.62,1.35,0.19,0.38,0.58,16.35,2.69,1.92,1.15,1.92,1.35,0.58,9.81,3.08,1.15,0
SPC08,1,477,11.93,26.83,2.31,0.63,0,0.21,0,19.92,2.1,2.52,1.05,3.14,1.89,0.84,10.69,2.52,2.31,0
ALS09,1,502,14.34,24.3,3.78,0.8,0,0.2,0.4,19.72,4.78,2.79,1.79,2.99,2.59,0.8,7.77,3.19,2.19,0
GRE10,1,594,15.63,21.21,3.2,1.35,0.34,0.67,0.17,19.87,2.36,4.88,1.52,2.02,2.69,2.19,9.76,3.87,2.19,0
ALS01,1,623,15.57,22.79,2.41,1.12,0.16,0.16,0,18.14,1.44,3.21,1.12,2.89,1.44,0.32,9.95,3.53,2.25,0
HES06,1,388,16.87,26.8,1.8,1.55,0.26,0.52,0.26,21.13,4.64,2.32,1.29,0.52,1.29,0.77,12.11,1.8,3.87,0
CFE05,1,527,17,20.49,2.85,0.38,0,0,0,19.17,0.95,3.42,0.76,2.85,2.09,0.76,11.01,3.04,2.09,0
PES05,1,436,13.21,25.23,3.44,1.38,0.23,0.23,0.23,20.64,2.52,1.15,2.75,2.75,2.52,0.23,8.94,3.44,2.29,0
BOD03,1,450,15.52,18.44,2.89,0,0,0,0,16.89,3.11,2.67,1.11,0.89,1.11,0,10.44,2,2.89,0
BOD16,1,540,10.59,27.04,2.59,0.56,0,0.37,0,22.22,3.33,2.96,2.22,1.48,1.3,0.56,10.93,3.33,3.89,0
NOR12,1,627,17.42,20.73,3.99,0.32,0.16,0.16,0,15.63,2.39,2.55,1.91,1.75,0.8,0.16,8.93,2.71,2.07,0
GRE15,1,494,15.44,22.67,4.25,1.01,0,0,0.4,26.11,4.25,2.83,2.43,3.44,2.83,1.01,12.15,3.44,4.86,0
NOR11,1,635,20.48,20.31,2.36,1.26,0,0.47,0.16,22.68,4.09,2.52,1.89,2.2,2.36,0.47,12.13,1.89,3.78,0
LDV10,1,547,17.65,25.23,4.02,0.73,0,0,0.37,19.01,3.47,2.74,1.46,2.19,0.55,1.46,10.97,2.74,1.46,0
OCM17,1,511,13.1,22.7,1.76,1.37,0.39,0.39,0,11.94,2.15,2.54,1.17,1.37,1.17,0.2,7.24,1.17,2.74,0
OCM18,1,530,18.28,25.85,2.08,0.94,0.19,0.38,0.38,21.7,3.02,4.34,2.08,2.64,1.89,1.13,9.06,3.58,1.7,0
GRE06,1,450,13.64,26.44,1.33,2.67,0.22,0.22,2,17.56,0.89,2.22,2.67,3.11,1.11,0.22,10,3.11,2,0
LDV05,1,583,14.22,18.87,2.4,1.03,0,0.34,0.34,17.67,2.23,2.92,1.89,2.23,1.72,0.86,9.78,3.95,1.72,0
UCA04,1,672,336,0.45,0,0,0,0,0,0,0,0,0,0,0,0,0,0,0,0
UCA11,1,630,11.25,0.48,0,0,0,0,0,0,0,0,0,0,0,0,0,0,0,0
LRE11,1,527,15.97,22.01,1.33,0.38,0,0,0.19,18.98,2.47,2.28,1.33,1.71,2.85,0.95,11.76,1.9,1.9,0
BOD09,1,554,17.87,27.98,3.61,0.9,0,0,0.36,23.1,2.53,4.87,1.99,2.35,1.81,1.44,11.91,3.07,1.62,0
UPS08,1,555,15.86,17.84,4.68,0.72,0,0.18,0.18,22.34,1.98,2.52,2.7,3.96,1.98,0.36,11.89,5.59,4.32,0
BFC07,1,396,19.8,25.51,2.02,0.51,0,0,0.25,15.15,2.53,3.54,1.77,0.51,1.01,0.25,9.09,1.52,3.54,0
CFE07,1,547,20.26,22.85,3.84,0.37,0,0.18,0.18,18.65,5.12,2.19,2.01,1.1,1.46,0.18,10.79,2.19,0.91,0
GRE05,1,563,25.59,20.6,2.49,1.78,0.18,0.53,0,20.96,3.73,2.49,1.6,2.13,1.07,0.89,12.79,2.84,1.95,0
BOD01,1,574,15.94,24.22,2.09,1.57,0.35,0.35,0.7,16.9,2.61,2.09,1.57,1.92,0.52,0.87,8.89,2.26,2.09,0
BOD14,1,537,19.89,20.67,3.17,1.68,0,0,0.56,21.79,3.91,2.98,1.86,2.98,1.68,0.93,11.17,3.54,2.23,0
OCM12,1,557,16.88,24.42,2.87,0.9,0.36,0,0.36,18.85,3.77,3.05,1.62,1.97,2.69,0.36,10.23,2.33,1.08,0
POF02,1,437,14.57,26.09,4.35,2.06,0.23,0,1.37,24.26,5.03,2.29,1.83,1.6,2.29,1.14,11.9,6.64,2.29,0
LYO13,1,639,14.86,20.34,6.42,0.16,0.16,0,0.16,21.6,2.03,3.76,1.41,2.82,1.72,0.31,12.21,4.69,2.5,0
SPC02,1,576,15.16,27.26,1.04,2.26,0,0.69,0.35,19.79,2.43,2.26,2.95,1.39,1.91,1.04,10.94,3.65,1.74,0
ALS03,1,533,21.32,25.7,3.75,0.75,0,0,0.19,20.83,3.94,2.06,2.06,3,2.44,0.94,12.95,3.94,1.13,0
NOR09,1,612,13.91,15.36,4.41,3.43,0.33,0.49,0.82,18.14,0.82,2.45,1.8,2.29,2.12,1.14,9.97,4.25,2.78,0
BRE14,1,507,14.49,24.46,1.18,0.99,0.2,0.59,0.39,20.12,5.52,4.93,1.97,0.79,1.58,0.99,7.89,1.18,3.16,0
LYO12,1,452,12.91,25.66,4.2,0,0,0,0,24.34,3.98,4.65,1.33,3.76,2.65,0.44,10.18,2.65,1.99,0
PES04,1,280,12.73,26.43,1.79,0.71,0.71,0,0.36,12.86,2.5,0.71,0.36,2.14,0.36,0.71,9.29,2.14,2.86,0
CFE06,1,453,14.16,25.61,2.87,0.44,0,0.22,0,17.22,2.65,2.43,2.43,1.77,1.1,0.22,8.83,4.42,2.21,0
UCA03,1,847,8.07,0.12,0,0,0,0,0,40.73,0.12,2.01,0.12,12.28,13.7,0,19.83,0,7.2,0
HES08,1,545,17.03,26.61,4.04,0.92,0,0,1.1,23.49,5.5,2.57,2.39,2.02,2.57,0.37,7.89,3.49,3.67,0
BOD13,1,487,19.48,27.31,2.46,1.03,0,0.41,0,12.94,2.05,2.05,0.82,0.62,0.82,0.41,8.21,1.03,1.44,0
BOD06,1,490,14.41,30.2,2.24,3.88,0.2,1.02,1.43,21.84,4.29,2.86,1.63,1.63,2.65,2.04,7.55,2.45,2.86,0
BFC09,1,487,18.73,26.08,4.72,2.46,0,0.41,0,23,2.87,4.11,3.7,2.05,2.87,0.82,10.68,4.31,1.64,0
BRE08,1,453,19.7,26.49,2.87,1.55,0.22,0.88,0.22,18.76,3.31,2.87,0.88,3.09,1.1,0.88,10.82,2.21,3.09,0
LYO01,1,515,11.7,25.83,2.72,0.58,0,0,0.19,19.81,3.5,4.08,1.55,2.33,1.17,0.78,11.46,2.72,5.24,0
ALS04,1,608,19,17.93,3.62,0.82,0,0,0.33,17.6,3.62,1.32,2.96,1.81,1.81,0.49,9.05,3.78,1.15,0
ALS11,1,580,14.87,22.41,4.14,0.69,0.17,0,0.17,19.31,2.24,2.41,0.86,2.41,3.28,1.55,10.69,2.07,2.24,0
BRE06,1,513,19,25.93,2.14,1.36,0.39,0.58,0.19,18.13,1.75,2.34,2.34,2.34,0.97,1.17,10.72,2.92,2.14,0
SPC10,1,577,14.07,22.88,6.07,1.04,0.52,0.52,0.35,21.84,2.08,2.08,2.77,2.6,1.91,0.69,11.27,4.85,3.12,0
SPC05,1,549,17.16,22.4,4.01,0.36,0,0,0.36,17.3,2.91,1.82,2.73,1.82,1.46,1.46,8.74,3.28,2.55,0
PES10,1,600,12.77,21.17,3,0.83,0.17,0.17,0.67,18.5,3.83,2.67,1,3.33,2.83,0.33,8.67,1.33,1.83,0
OCM15,1,503,19.35,29.82,5.17,0.2,0,0.2,0,20.08,3.38,3.18,0.99,1.59,2.58,0.2,9.94,1.59,4.17,0
BOD07,1,547,14.39,19.93,2.01,0.73,0,0.18,0.18,21.02,2.56,2.38,2.74,1.28,1.46,0.55,12.61,4.2,3.66,0
BOD12,1,583,19.43,20.93,4.29,1.54,1.03,0.17,0.17,19.9,2.06,5.66,1.37,1.2,1.54,0.86,11.49,4.29,2.57,0
SPC04,1,592,14.1,23.31,2.03,2.2,0.17,0.17,1.18,17.57,2.53,3.04,1.35,1.52,2.53,0.68,10.98,1.01,1.86,0
SPC11,1,433,15.46,27.02,3.23,1.15,0,0.46,0,18.94,3,2.54,0.69,1.62,1.62,0.69,9.93,2.31,2.54,0
BRE11,1,447,15.96,23.27,5.15,0.89,0,0.22,0,21.48,3.36,3.8,1.57,1.57,3.13,1.12,10.07,4.03,1.57,0
ALS10,1,599,16.19,21.54,3.34,0.5,0.17,0.17,0,15.53,2.84,2.67,1.5,0.67,0.83,0.5,10.68,3.01,2.17,0
ALS05,1,551,21.19,24.5,2.9,0.18,0.18,0,0,17.97,1.63,2.36,0.73,2.36,1.27,1.09,10.34,3.09,2.54,0
LOR01,1,562,16.06,23.31,2.14,0.71,0,0.18,0.36,20.11,0.89,4.09,1.25,2.67,1.6,0.89,9.96,2.85,1.6,0
UPS14,1,586,18.9,16.55,4.61,0.85,0,0.17,0.51,20.99,2.22,4.61,2.56,2.56,1.02,1.02,11.77,3.58,4.1,0
UCA02,1,625,125,5.12,1.28,0.48,0,0,0,5.44,1.12,0.96,0.32,0.96,0.48,0,4.16,0.8,1.28,0
POF01,1,463,20.13,28.51,3.67,0.22,0,0,0,22.25,1.73,5.83,1.73,0.86,3.02,0.86,11.02,2.81,1.73,0
LYO06,1,529,17.06,23.63,1.51,0.95,0,0.76,0,18.9,3.78,3.78,1.32,3.4,1.13,0.95,9.45,2.08,2.84,0
OCM03,1,556,16.85,21.94,3.42,0,0,0,0.18,18.17,3.78,3.42,1.8,1.8,1.8,1.08,9.17,2.88,2.52,0
OCM06,1,550,13.75,25.09,3.27,2.36,0,0.55,0.73,22.18,3.64,3.64,1.09,1.64,2.36,0.18,12,2.18,2,0
BOD15,1,626,14.9,23.96,3.19,0.8,0,0,0.16,23.96,3.99,4.47,2.72,2.08,2.08,0.48,9.58,4.63,1.44,0
ALS02,1,637,18.74,21.04,4.71,1.26,0,0.31,0.31,22.61,1.57,2.98,1.88,2.35,1.57,2.2,11.93,4.08,3.3,0
SPC03,1,447,18.63,25.95,2.01,2.46,1.34,0.22,0.45,25.28,2.68,3.36,1.79,2.68,2.91,1.34,12.53,2.91,0.45,0
CFE10,1,445,445,24.49,3.82,1.12,0,0,0.45,17.3,2.92,0.9,0.67,0.9,2.25,1.57,8.76,2.02,2.7,0
OCM19,1,566,18.87,24.73,3.36,1.41,0.35,0.71,0.35,19.79,2.3,2.47,1.94,2.47,2.12,0.35,10.95,2.83,1.94,0
LOR03,1,552,15.77,22.46,3.8,1.27,0.18,0.18,0.36,25.18,4.17,6.7,2.36,2.17,4.53,0.91,9.24,4.17,1.45,0
OCM07,1,577,18.03,27.38,4.85,2.6,0.17,1.04,0,20.62,2.77,4.16,1.73,1.56,3.12,1.21,10.92,3.12,1.21,0
LYO08,1,536,15.76,22.95,3.54,0.56,0.56,0.19,0,18.47,2.43,2.8,1.12,2.05,1.49,0.75,11.01,2.05,1.49,0
LYO02,1,530,17.67,21.32,3.58,0.75,0.19,0.19,0.19,27.55,4.91,4.34,2.26,2.64,3.4,0.75,13.02,3.58,1.51,0
OCM10,1,477,18.35,25.16,3.14,1.26,0,0,0,18.87,2.1,2.31,1.05,1.47,2.52,0.84,11.53,1.89,2.1,0
BOD08,1,457,11.72,23.41,3.06,1.31,0,0.44,0,13.79,2.41,1.75,0.88,0.66,0.88,1.09,10.5,1.75,2.19,0
UCA10,1,290,19.33,32.76,4.14,0,0,0,0,16.9,5.17,0.34,5.17,4.83,1.03,0,6.9,8.97,0,0
UCA05,1,610,122,2.13,0,17.21,0,0,17.21,0.33,0,0.16,0,0.16,0,0,0.16,0,0,0
GRE12,1,570,15,26.14,2.11,1.75,0,0.18,0,16.14,3.16,3.86,1.23,1.4,2.28,1.05,9.3,0.53,1.93,0
SOU08,1,582,18.19,22.85,2.75,0.34,0,0.17,0.17,17.18,2.75,2.06,1.37,1.89,1.2,0.34,11.17,2.92,0.86,0
UPS04,1,451,12.89,31.26,2,2,0.22,1.11,0.22,24.39,4.21,3.55,2.22,2,2.22,1.11,12.2,1.33,1.77,0
NOR02,1,473,15.77,26.22,3.17,0.21,0,0,0,19.66,4.02,2.75,1.9,2.75,2.54,0.21,9.09,3.38,1.48,0
NOR07,1,438,24.33,31.05,6.16,0.91,0.23,0.23,0.23,21.46,2.05,3.42,1.6,1.6,2.74,0.68,11.87,2.97,1.83,0
UPS09,1,491,12.59,19.96,4.07,1.02,0.2,0.41,0,18.53,2.44,1.83,1.63,3.05,2.65,0.2,9.37,3.87,1.02,0
SOU15,1,559,29.42,22.36,2.5,0.36,0.18,0,0,20.57,4.11,2.5,1.07,2.15,1.43,0.36,11.81,2.15,5.55,0
LRE01,1,538,18.55,23.98,3.16,1.3,0.19,0.19,0.74,18.59,1.49,1.86,1.67,1.12,0.37,0.74,14.68,3.16,1.49,0
HES01,1,453,32.36,19.65,1.77,1.32,0.66,0.44,0.44,17.88,0,4.19,1.99,1.32,1.32,0.22,13.47,3.53,2.21,0
NOR08,1,432,12.34,27.31,4.63,0.93,0,0,0.46,21.06,2.78,4.63,1.85,3.01,1.85,0,10.42,2.78,2.08,0
LYO07,1,519,173,23.89,5.2,0.19,0,0,0.19,21.19,3.66,4.24,1.73,1.93,3.08,0.19,10.21,3.28,5.01,0
LDV04,1,609,20.3,23.81,3.94,3.45,0.49,2.3,0.33,18.06,1.48,2.13,1.64,1.97,2.79,0.99,12.32,1.64,3.28,0
BFC05,1,519,17.9,25.05,4.05,0.58,0.19,0,0.58,22.93,5.59,2.7,0.77,2.12,2.7,0.19,10.79,2.5,3.08,0
BRE12,1,374,17.81,24.33,0.8,1.87,0.8,1.07,0.27,4.55,0.27,0.8,0,0,1.34,0,1.07,2.14,0.27,0
NOR05,1,477,14.91,23.69,2.52,1.26,0,0.21,0.21,13.84,1.68,3.98,1.05,1.26,1.89,1.47,10.69,1.47,1.89,0
OCM08,1,454,17.46,23.13,2.64,0.88,0,0.22,0.22,17.4,2.42,3.08,2.64,1.1,2.2,0.88,10.13,3.3,1.1,0
LDV07,1,533,15.68,24.02,3.75,1.13,0,0.38,0.56,20.08,1.5,2.81,0.94,1.88,2.44,0.56,11.82,1.5,2.06,0
OCM14,1,552,15.33,19.57,5.07,1.63,0,0.54,1.09,23.73,3.8,1.99,1.45,3.62,3.08,0.36,10.69,5.25,2.72,0
BFC04,1,513,16.55,22.81,2.92,0.78,0.19,0,0.39,20.86,1.95,2.73,2.34,2.53,2.53,1.17,11.11,3.9,2.73,0
BFC06,1,561,21.58,27.99,4.28,0.18,0,0,0.18,17.65,1.78,3.21,0.89,1.6,1.96,0.53,9.98,2.5,1.43,0
SOU12,1,480,12.97,24.58,2.71,1.25,0.42,0,0.63,17.29,2.29,1.25,1.04,2.5,1.46,0,10.83,2.92,2.08,0
SOU07,1,568,13.21,22.01,1.58,0.88,0.53,0,0.18,20.6,3.7,3.52,2.64,3.17,1.94,0.53,9.15,3.52,2.99,0
UPS05,1,478,14.48,24.48,2.3,0.21,0,0,0.42,19.67,1.67,4.6,1.88,2.51,1.26,0.42,10.46,3.35,1.46,0
PES11,1,500,18.52,21.6,2,2.8,0.2,0,0,16.8,2.8,1,0.8,2.6,2,0.8,11.8,1.8,2.8,0
SOU06,1,597,17.56,24.62,3.85,1.17,0,0.17,0.5,21.11,2.18,3.85,1.68,1.68,1.51,0.5,12.4,2.85,3.69,0
SOU13,1,569,18.35,19.51,3.51,0.53,0.18,0,0,20.91,2.81,4.92,3.69,3.34,1.76,0.88,8.96,5.45,2.28,0
OCM16,1,563,18.16,16.16,4.62,1.24,0.36,0.36,0,22.91,3.91,2.13,3.2,1.78,4.8,1.07,9.06,4.62,2.66,0
ANT02,1,551,11.98,21.23,3.27,1.45,0.36,0,0.36,18.69,2.72,1.81,2.54,2,2.9,0.73,9.07,3.27,1.81,0
LDV08,1,513,18.32,22.03,4.29,1.36,0,0.39,0.39,20.27,2.14,2.73,2.34,2.14,2.92,0.39,11.7,3.51,2.92,0
PES09,1,556,17.94,23.56,2.7,0.9,0.18,0,0.36,16.37,1.62,2.34,1.08,1.08,1.08,0.72,10.07,1.62,1.8,0
CVL03,1,459,15.83,27.45,1.74,2.83,0.87,0.65,0.65,16.56,1.74,1.96,0.87,2.61,1.96,0.65,9.37,1.53,1.09,0
NOR06,1,534,11.87,19.85,1.87,1.5,0,0.19,0.56,16.67,1.69,2.62,1.87,1.31,1.12,0.19,10.3,2.25,3.75,0
LOR04,1,530,20.38,21.32,2.26,2.08,0.19,0.38,0.19,20.19,2.83,2.26,2.64,2.45,2.08,1.13,10.57,3.58,2.26,0
CVL02,1,571,17.84,22.59,2.1,1.93,0.35,0.88,0.18,22.24,3.5,4.38,1.58,2.1,2.98,0.35,10.16,2.45,3.15,0
POF04,1,570,17.27,26.67,2.46,0.35,0,0.18,0.18,16.49,2.11,2.46,2.28,1.93,2.28,0.53,8.95,2.81,1.93,0
BFC02,1,566,14.89,24.03,2.83,1.59,0,0.18,0.53,23.5,6.01,6.01,1.94,2.65,1.77,1.06,10.07,4.95,1.41,0
POF05,1,464,19.33,29.74,2.59,0.43,0,0,0.43,19.61,3.66,2.8,2.59,1.72,1.29,0.22,9.7,2.37,1.29,0
UPS12,1,519,16.22,26.2,3.08,1.54,0.39,0.19,0.39,17.53,3.47,2.7,1.54,1.93,1.35,2.12,8.29,2.7,1.54,0
BRE09,1,458,13.47,30.57,3.71,0.87,0.22,0,0,19.43,3.28,3.71,1.75,2.62,1.09,0,9.17,4.15,2.18,0
LYO10,1,564,14.46,22.87,2.66,0.89,0,0.18,0.35,19.68,2.3,3.37,1.42,1.95,1.95,0.71,10.28,3.01,1.6,0
CFE02,1,399,12.87,27.57,3.51,1.5,0,0.25,0.25,15.04,2.26,2.76,2.01,2.01,1,1.25,8.27,1.75,2.76,0
BRE05,1,717,13.28,18.97,2.93,1.53,0.28,0.42,0.56,19.25,3.07,2.23,2.51,2.37,1.95,0.14,10.74,4.04,2.09,0
SOU14,1,406,33.83,25.86,3.2,0.49,0,0,0.49,16.5,2.71,2.71,1.72,0.74,1.72,0.49,9.11,1.48,1.23,0
SOU01,1,590,16.39,22.37,2.37,1.02,0,0.17,0.34,20.51,4.24,3.22,2.03,1.19,2.71,0.51,10.51,2.71,2.03,0
SOU09,1,406,14.5,31.03,3.69,0.74,0.25,0,0.25,21.67,4.19,3.45,1.72,2.46,1.97,0.25,12.07,1.72,0.49,0
LOR09,1,445,17.8,22.92,3.6,0.67,0.22,0.22,0.45,16.85,1.57,2.92,0.22,1.35,1.12,1.35,11.24,1.12,2.02,0
GRE04,1,418,8.36,26.79,5.74,0.48,0,0,0.48,17.7,5.02,2.39,0.96,0.48,2.15,0,7.89,2.63,3.11,0
CFE04,1,573,20.46,24.43,1.57,2.09,0.17,0,1.22,20.94,2.97,4.89,2.27,0.87,3.32,1.75,10.12,3.66,2.09,0
LRE08,1,426,19.36,20.19,3.05,0.47,0.23,0,0,22.54,2.35,3.99,3.52,1.88,1.88,1.17,12.44,3.29,1.88,0
BFC08,1,494,24.7,26.92,3.24,0.81,0,0,0.2,21.46,3.04,2.63,2.43,1.01,1.82,0.81,12.15,3.04,2.23,0
LYO04,1,455,10.58,24.62,6.15,1.76,0.44,0.22,0,20.44,1.98,3.96,1.32,1.54,0.88,1.1,10.55,4.84,1.32,0
LRE09,1,443,15.28,23.93,3.16,1.81,0.23,0.9,0.23,17.38,3.16,3.61,1.81,1.13,1.58,0.45,7,1.35,2.71,0
SOU16,1,475,21.59,29.68,4.42,0.84,0,0,0,20.42,1.26,5.26,0.84,2.74,1.89,0.42,10.11,1.68,1.89,0
SOU03,1,491,13.27,24.24,4.07,0.81,0.41,0.2,0.2,18.53,2.04,2.65,1.22,1.02,2.44,0.41,12.02,2.24,1.43,0
ANT02,1,428,21.4,25.7,2.8,0.93,0,0.23,0.47,15.65,1.87,2.8,1.64,1.4,2.57,0.47,8.18,3.27,1.17,0
GRE14,1,565,17.12,26.37,2.65,1.42,0,0.18,0.71,20.53,3.19,3.72,2.48,1.95,2.83,0.18,11.5,2.3,3.89,0
LDV03,1,567,9.78,22.57,3.35,1.59,0.18,0.53,0.35,19.4,3,3,3,3,1.41,0.53,8.82,4.06,2.29,0
UPS07,1,463,15.97,22.03,4.97,0.65,0,0,0,23.76,3.02,4.1,1.3,1.51,3.67,1.08,14.04,3.02,1.94,0
ANT01,1,563,22.52,22.2,3.2,3.55,1.95,0.18,0.71,23.98,4.62,3.55,1.78,1.42,2.66,1.24,10.12,3.73,2.84,0
LYO05,1,589,21.04,27.67,3.23,1.53,0.51,0.34,0.51,21.56,4.41,3.4,2.38,3.4,1.7,0.51,9.51,3.06,2.21,0
BRE15,1,561,18.1,22.46,4.1,0.71,0,0.18,0,26.2,4.99,4.28,2.32,3.57,1.25,0.18,13.55,4.63,2.67,0
BRE07,1,406,15.04,26.85,1.97,1.48,0.74,0.25,0.25,23.15,7.14,1.72,2.22,3.2,0.49,0.49,10.34,4.43,2.22,0
LOR06,1,417,18.13,29.5,3.6,0.72,0.24,0.48,0,20.86,4.56,5.04,1.92,2.16,1.68,1.2,8.87,3.12,1.68,0
HES04,1,584,14.97,22.6,2.05,1.03,0.17,0,0,18.32,2.23,2.74,0.86,2.23,2.57,1.03,10.27,1.71,1.88,0
UPS06,1,461,12.81,21.48,2.39,2.6,0.22,1.3,0.65,20.39,2.39,3.47,2.17,1.95,3.04,1.3,11.28,3.04,1.95,0
POF03,1,639,19.97,20.5,1.88,0.94,0,0,0.16,21.13,2.66,2.35,2.03,2.5,0.94,0,11.11,3.29,3.13,0
OCM13,1,367,11.12,23.16,3,0.54,0,0,0,17.17,2.72,3.27,0.82,3.27,1.91,0.54,9.26,1.09,1.91,0
SOU04,1,548,14.05,22.63,4.74,0.55,0,0,0,17.7,2.19,2.01,2.01,2.37,1.46,0.18,10.22,4.56,5.11,0
SOU11,1,498,11.58,21.08,4.62,1.41,0.2,0.2,0,21.89,3.01,3.01,1.81,2.01,2.41,0.6,11.85,3.01,4.42,0
LRE10,1,521,12.71,27.26,4.41,1.34,0,0,0.38,22.26,3.65,4.99,1.15,1.15,2.5,0,10.75,1.92,1.92,0
ANT01,1,497,14.2,24.35,3.82,0.8,0.2,0.2,0,17.1,1.81,2.62,2.62,2.21,2.21,0,7.85,3.22,2.21,0
NOR04,1,446,24.78,26.68,2.47,1.79,0.67,0,0.45,21.97,4.04,2.69,1.35,2.24,1.79,0.45,11.66,2.69,2.47,0
HES02,1,569,14.59,22.85,2.46,0.53,0,0.18,0.18,20.39,2.81,3.51,1.93,1.93,1.05,1.05,11.25,2.99,2.46,0
CVL04,1,499,17.21,20.44,2.81,1.4,0,0,0.8,21.64,2.2,3.21,2.81,1.8,1.2,0.8,12.63,2.81,2.81,0
BRE03,1,649,14.75,25.12,3.24,0.62,0.15,0,0.15,16.02,2.62,3.08,0.92,1.85,1.85,0.62,9.86,1.39,2.47,0
GRE07,1,466,20.26,18.03,2.15,1.93,0,0.43,0.43,17.81,1.5,4.29,1.07,1.29,2.79,1.72,10.09,1.5,1.93,0
OCM05,1,608,12.16,22.2,2.47,0.99,0,0.49,0.16,16.78,3.29,1.64,1.48,1.97,2.14,0.49,9.7,2.47,3.29,0
BRE16,1,583,13.88,25.56,3.77,0.69,0,0.17,0.51,23.33,3.26,3.95,2.06,2.74,2.23,0.69,9.95,3.77,1.2,0
PES08,1,481,15.03,28.9,5.41,1.25,0,0,0,16.84,2.91,1.66,1.25,1.87,1.25,1.04,9.98,2.91,2.29,0
GRE03,1,430,14.83,29.07,5.12,3.02,0.47,0.23,0.93,22.56,5.35,3.26,1.4,1.63,2.56,0.47,12.56,4.65,1.86,0
SOU10,1,566,18.87,24.56,3.18,2.12,0,0.35,1.06,24.56,6.01,3.71,1.94,2.83,2.47,0.53,13.6,2.65,2.3,0
SOU05,1,482,14.61,22.82,3.94,0.62,0.41,0.21,0,18.67,3.32,1.04,1.87,2.28,2.49,1.04,9.54,3.11,1.66,0
GRE02,1,436,15.57,29.59,3.21,0.92,0,0.23,0.23,18.58,2.75,2.75,1.61,0.92,2.06,0.69,9.86,2.29,3.9,0
PES06,1,487,19.48,29.98,2.67,0.82,0.21,0,0.21,18.48,2.87,3.08,0.62,2.67,0.82,0.82,10.06,2.46,2.05,0
NOR03,1,659,15.69,20.18,3.34,1.06,0.3,0.76,0,17.6,1.37,2.58,3.19,3.03,2.43,0.46,9.56,3.34,1.37,0
UPS11,1,434,11.73,28.11,4.38,2.07,0,0.92,0.46,21.89,0.23,3.69,1.15,2.53,2.76,0.92,8.29,3.69,1.61,0
PES07,1,478,17.7,30.96,3.14,1.88,0,0.63,0.84,17.36,2.93,3.35,2.3,1.67,2.3,0.42,8.79,3.56,0.84,0
BRE02,1,527,18.82,24.1,3.42,0.57,0.38,0,0,19.54,2.85,3.42,2.85,1.9,2.47,0.76,8.35,4.36,1.71,0
NOR10,1,420,13.55,20.71,3.1,2.38,0.71,0.95,0.48,17.14,2.38,1.9,0.95,2.62,1.9,1.19,9.05,1.43,3.1,0
HES07,1,577,20.61,22.01,3.99,1.39,0.17,0.52,0.35,19.76,2.95,3.12,1.04,1.21,3.12,0.52,11.27,1.73,3.29,0
LDV09,1,489,18.11,22.7,2.04,1.23,0.2,0.41,0.2,17.79,2.04,3.68,2.04,2.04,1.23,1.23,9.2,2.25,2.66,0
OCM09,1,504,14.4,21.03,4.96,1.79,0.4,0.4,0.79,18.25,0.99,2.78,2.38,1.98,1.19,1.19,11.31,4.76,1.39,0
LRE05,1,520,21.67,22.12,1.15,0.96,0.19,0.19,0,19.42,2.5,3.85,2.69,2.5,1.15,0.96,11.92,3.27,0.19,0
BFC03,1,337,17.74,22.26,4.45,0.89,0,0,0.3,21.66,4.75,1.78,2.08,0.89,2.97,0.59,9.2,5.04,0.89,0
LRE04,1,537,17.9,22.72,3.54,0.93,0.19,0.19,0.37,18.99,1.86,1.68,2.61,1.86,1.68,0.19,10.8,3.54,1.49,0
BRE10,1,597,22.96,22.28,4.19,0.5,0.17,0.17,0,22.61,2.35,2.01,1.34,2.35,3.18,1.17,13.74,2.68,1.84,0
HES03,1,381,17.32,21.52,4.2,1.31,0,0,0.26,22.31,1.05,3.15,2.1,2.36,2.36,0.26,9.97,3.94,2.89,0
CVL01,1,414,23,18.12,4.83,2.17,0.72,0,0.48,21.98,4.59,2.66,3.62,1.45,1.21,0,12.8,4.11,2.9,0
LDV02,1,655,15.23,21.22,3.66,1.22,0.46,0,0.31,17.86,2.29,2.14,2.44,1.68,2.29,0.92,9.31,2.9,1.53,0
UPS15,1,504,16.26,24.4,2.38,2.78,0.2,0.99,0.79,20.04,2.18,3.37,2.38,2.38,2.38,0.6,10.71,2.98,2.98,0
LYO14,1,528,17.03,22.54,2.84,0.76,0,0.19,0.19,20.08,2.84,5.68,1.14,1.89,0.57,0.95,10.8,2.08,2.27,0
LOR08,1,524,17.47,22.33,2.29,1.72,0,0,0.95,18.89,3.05,3.82,2.67,2.1,1.72,0.38,7.44,3.24,1.72,0
LYO09,1,584,17.7,21.4,3.25,2.05,0,0.86,0.68,20.89,2.23,2.91,3.08,2.74,2.74,1.37,12.84,4.11,1.88,0
SOU02,1,537,10.74,18.44,1.68,0.93,0.19,0,0.93,10.99,1.86,0.56,1.3,0.93,1.12,0.19,7.45,1.49,3.72,0
GRE01,1,495,20.63,24.24,4.85,1.21,0.2,0.61,0.61,19.19,4.04,3.23,1.62,1.82,2.83,0.81,10.71,2.42,1.82,0
OCM04,1,530,16.06,20.75,3.4,0.94,0,0.57,0.19,20,3.02,2.83,2.83,2.64,1.13,0.19,8.3,5.09,2.08,0
