ID,F0semitoneFrom27.5Hz_sma3nz_amean,F0semitoneFrom27.5Hz_sma3nz_stddevNorm,F0semitoneFrom27.5Hz_sma3nz_percentile20.0,F0semitoneFrom27.5Hz_sma3nz_percentile50.0,F0semitoneFrom27.5Hz_sma3nz_percentile80.0,F0semitoneFrom27.5Hz_sma3nz_pctlrange0-2,F0semitoneFrom27.5Hz_sma3nz_meanRisingSlope,F0semitoneFrom27.5Hz_sma3nz_stddevRisingSlope,F0semitoneFrom27.5Hz_sma3nz_meanFallingSlope,F0semitoneFrom27.5Hz_sma3nz_stddevFallingSlope,F1frequency_sma3nz_amean,F1frequency_sma3nz_stddevNorm,F1bandwidth_sma3nz_amean,F1bandwidth_sma3nz_stddevNorm,F1amplitudeLogRelF0_sma3nz_amean,F1amplitudeLogRelF0_sma3nz_stddevNorm,F2frequency_sma3nz_amean,F2frequency_sma3nz_stddevNorm,F2bandwidth_sma3nz_amean,F2bandwidth_sma3nz_stddevNorm,F2amplitudeLogRelF0_sma3nz_amean,F2amplitudeLogRelF0_sma3nz_stddevNorm,F3frequency_sma3nz_amean,F3frequency_sma3nz_stddevNorm,F3bandwidth_sma3nz_amean,F3bandwidth_sma3nz_stddevNorm,F3amplitudeLogRelF0_sma3nz_amean,F3amplitudeLogRelF0_sma3nz_stddevNorm,alphaRatioV_sma3nz_amean,alphaRatioV_sma3nz_stddevNorm,alphaRatioUV_sma3nz_amean,logRelF0-H1-H2_sma3nz_amean,logRelF0-H1-H2_sma3nz_stddevNorm,logRelF0-H1-A3_sma3nz_amean,logRelF0-H1-A3_sma3nz_stddevNorm
SOU01,35.993343,0.151346,33.915077,36.378174,39.64462,5.729542,253.26102,316.132,113.075264,201.11295,550.2167,0.364025,1308.2958,0.17598505,-109.64827,-0.8077976,1645.1785,0.16083235,983.6531,0.36307752,-102.60179,-0.7667771,2710.4146,0.10080517,874.2326,0.42131242,-106.174255,-0.7111619,-23.454517,-0.3021412,-22.68325,13.625492,0.8505146,27.885113,0.39011848
PES05,37.48414,0.16852306,35.536724,37.998634,40.980026,5.443302,412.49384,668.30206,90.44592,97.92044,634.7365,0.33328915,1250.8491,0.18935883,-108.164024,-0.8402439,1733.1357,0.17621228,812.2762,0.492576,-102.35278,-0.8000037,2866.9675,0.102742776,634.1414,0.6471939,-104.768005,-0.7595061,-17.645082,-0.48731068,-3.0991569,9.916382,0.9823347,25.713842,0.42578915
SPC02,36.0968,0.118299596,34.360085,36.187733,38.417694,4.0576096,337.99295,625.13086,62.27284,85.32634,520.71027,0.43376142,1145.4536,0.22901475,-104.66349,-0.8577451,1646.815,0.17104183,729.87415,0.5947621,-92.38445,-0.86691946,2638.4895,0.0962023,872.5548,0.5570662,-90.77033,-0.8926673,-13.1673155,-0.6131657,-6.887396,10.947431,1.2503163,14.673202,0.7797971
BOD03,34.444622,0.24101341,32.118397,37.18078,40.262215,8.143818,279.0895,428.99063,150.07533,280.8174,576.6998,0.41283062,1269.3572,0.19406587,-94.44507,-0.9356792,1646.369,0.17502832,895.54663,0.43425316,-85.48032,-0.91034406,2722.5828,0.10553443,768.7275,0.5694933,-88.90513,-0.8448436,-17.782455,-0.43775967,-8.579746,9.96803,1.2357428,24.838398,0.4401836
BRE11,36.19167,0.16397063,33.729824,36.67772,40.503048,6.773224,272.92026,447.04034,188.90045,389.76627,572.25226,0.3857097,1270.2328,0.1923314,-106.33992,-0.85937434,1667.5815,0.17661645,915.9587,0.5764263,-97.68343,-0.8497565,2706.0005,0.11699842,851.757,0.71149266,-99.20358,-0.82257456,-15.400923,-0.46088672,-7.134967,10.905169,1.1012149,21.28568,0.53220797
LRE10,26.629208,0.19615152,22.748747,26.4705,29.976978,7.2282314,224.25021,336.4224,147.18307,314.92328,615.3989,0.4947942,1109.9467,0.23027839,-49.923237,-1.561917,1667.8042,0.19698867,801.283,0.35245433,-52.305378,-1.3952742,2651.1653,0.11680701,815.03613,0.30382448,-52.79575,-1.377779,-8.039981,-0.71385545,-5.033097,3.4758284,3.340289,12.280048,0.77072567
GRE11,32.348866,0.21049044,29.819557,33.42892,37.50502,7.685463,277.55374,396.26996,115.280975,130.21162,500.3073,0.43783757,1122.1852,0.20351914,-99.13558,-0.91745585,1641.7738,0.19601189,696.3282,0.5696654,-94.967415,-0.8478142,2643.4897,0.11551583,660.79626,0.60035986,-95.113945,-0.8426145,-13.131737,-0.49994093,-5.6660967,8.613738,1.5620276,20.832617,0.5113983
LYO06,34.871986,0.18147011,31.656195,34.912933,39.117836,7.4616413,241.5704,400.41177,216.80992,401.28284,576.8358,0.45263368,1159.6929,0.22929387,-101.535484,-0.8876094,1637.3652,0.19676274,802.14734,0.4697925,-91.80286,-0.8994568,2727.2996,0.11191648,797.4277,0.6340738,-93.27941,-0.8682273,-11.866137,-0.68233234,-0.62767106,8.193664,1.3522604,18.40698,0.60325867
OCM06,36.48517,0.2088713,33.42421,37.10002,41.303944,7.879734,421.61774,648.1716,167.57292,301.42618,544.9928,0.4331592,1153.0331,0.22429086,-116.26476,-0.7528724,1719.0557,0.18559834,774.58875,0.57194644,-103.05197,-0.7543534,2745.9612,0.10189112,641.13184,0.6175485,-101.56319,-0.77266616,-18.619123,-0.57009304,-6.8945656,10.221482,1.7036215,17.743322,0.8800892
LDV08,35.36831,0.20941648,32.45961,36.643185,40.947475,8.487865,314.74704,489.96075,160.19212,250.79135,689.8072,0.35156113,1291.9708,0.18450548,-88.60116,-0.9883307,1702.9811,0.16039582,976.1318,0.42224413,-84.917786,-0.9384617,2741.8188,0.12251602,797.4495,0.47265163,-88.24052,-0.8753623,-13.2817955,-0.53917134,-4.7558317,5.735944,2.4375412,19.163065,0.6686018
SOU06,38.192364,0.15423383,35.20622,38.960136,42.749367,7.543148,218.9306,301.6415,157.62953,369.05002,582.38385,0.31616008,1290.242,0.16258268,-96.9481,-0.9257433,1673.6265,0.15525447,952.1644,0.3806624,-89.95866,-0.8587375,2776.358,0.09218752,857.0965,0.465629,-94.44959,-0.78080875,-22.102531,-0.31970528,-21.822567,12.326778,0.84398794,28.334637,0.4175152
LOR06,35.07531,0.21908236,33.058193,36.868156,40.391468,7.333275,289.15353,457.06534,200.30362,411.77753,646.5792,0.38725245,1244.5033,0.22981025,-79.36635,-1.0578607,1748.053,0.16878578,873.1371,0.4955265,-76.56307,-0.9477899,2807.701,0.098086245,732.8096,0.54326004,-78.55865,-0.90607476,-19.946287,-0.4409912,-7.7789598,8.790259,2.1859515,20.459929,0.8664921
NOR10,26.333683,0.23062837,21.455463,27.4134,29.960861,8.505398,275.57187,402.657,129.11147,246.1007,563.9272,0.48242995,1149.5829,0.20825851,-69.17192,-1.2453622,1616.0242,0.20121759,812.45294,0.35746217,-72.34734,-1.0927153,2632.4104,0.11926855,735.40027,0.35468143,-73.97212,-1.0531008,-11.986117,-0.57196754,-2.5123055,4.511703,2.7220387,18.845673,0.619015
UPS10,35.166985,0.17995568,33.925938,36.413815,39.184315,5.258377,320.952,523.7118,142.0159,332.79593,591.29193,0.38721842,1264.4421,0.19563334,-84.00775,-1.0529749,1681.1133,0.16749245,896.1257,0.4958316,-80.90613,-0.9600669,2735.2678,0.103380896,805.2271,0.619866,-83.817314,-0.9017575,-16.640682,-0.44072643,-4.669127,8.40264,1.5162451,22.453533,0.49259624
HES03,35.909924,0.22363916,29.159472,35.271313,41.032852,11.873381,396.06305,664.6055,178.66287,397.54364,774.53625,0.40082794,979.48645,0.31315905,-128.14494,-0.7125711,1808.1285,0.1916419,784.1301,0.34986207,-115.11558,-0.79584044,2820.145,0.12956889,733.71326,0.37491265,-115.37351,-0.78099227,-2.9612324,-2.577725,1.6587762,4.795952,1.9347985,12.38791,0.87458336
LOR01,32.792603,0.23030275,30.794392,34.78555,38.031136,7.236744,293.1866,424.33652,192.25395,368.91315,575.22626,0.41208676,1259.4926,0.20902048,-62.62323,-1.276781,1688.307,0.1799792,896.7494,0.47737178,-65.2095,-1.0285373,2725.9126,0.10016537,807.26526,0.5299575,-67.24633,-0.97943777,-19.382912,-0.3940048,-6.8647623,7.893711,2.7560465,20.657421,0.96729314
BOD13,28.336233,0.21984926,24.208221,28.633503,33.29208,9.0838585,275.0099,365.44125,167.33458,207.81949,534.0974,0.46477163,1110.338,0.22655642,-78.15678,-1.1330701,1644.9791,0.20189358,711.5635,0.5199545,-83.60482,-0.9389513,2650.1885,0.11363384,644.35547,0.45057666,-83.832115,-0.93158656,-16.38077,-0.44457105,-7.913482,7.936702,1.8130668,23.663183,0.46403274
NOR09,29.753613,0.2364878,23.133993,31.03913,34.772976,11.638983,229.37244,343.35226,141.11443,268.71243,569.76575,0.38035363,1268.4778,0.17658603,-40.710114,-1.6946507,1624.6797,0.18343464,927.591,0.39776212,-49.03643,-1.2354264,2678.2214,0.1062983,799.3927,0.50201654,-52.804512,-1.113542,-15.396895,-0.4448058,-4.9262724,7.9614725,1.9510143,24.297316,0.45150182
OCM03,34.102768,0.19201215,32.181507,35.101017,38.560284,6.3787766,267.63477,420.95746,119.84995,141.72493,565.32587,0.30789953,1149.4346,0.18939298,-87.74261,-1.0137976,1822.2548,0.22552125,863.00116,0.5927366,-93.45598,-0.8180689,2821.0571,0.1129228,568.0444,0.7101625,-92.555756,-0.8292412,-19.21629,-0.40412995,-6.9515595,8.265568,1.7910709,26.095682,0.48096824
PES10,25.005829,0.2611624,21.306957,23.861109,27.309702,6.0027447,396.56598,753.2761,147.66737,226.33728,583.7323,0.4824215,1092.8412,0.25151893,-94.94111,-0.99489737,1620.765,0.20512705,770.3488,0.41446385,-98.84726,-0.8894551,2644.9888,0.12486838,690.0775,0.39218423,-100.011185,-0.8622177,-11.925866,-0.748364,1.1388642,5.1270604,2.0428672,23.117651,0.47197583
CFE04,33.984627,0.22375667,30.527931,36.415417,39.477345,8.949413,261.9771,321.12405,130.70692,127.8599,599.5211,0.3445544,1322.839,0.15530856,-53.628677,-1.3221977,1679.437,0.16082025,1003.5185,0.31608102,-59.477333,-0.97783786,2742.4502,0.10938686,859.3359,0.41617787,-64.29722,-0.86974066,-23.009075,-0.2971162,-11.8403225,9.362539,1.5196594,27.710503,0.45189664
SOU04,36.756058,0.22649573,33.791374,37.448273,43.269405,9.478031,307.19644,464.121,233.8765,476.75745,663.92694,0.29118627,1277.7917,0.17448393,-109.43409,-0.7959464,1747.1265,0.13323376,914.1139,0.4438654,-105.46414,-0.7519927,2864.1624,0.08706564,774.53613,0.5005262,-109.13028,-0.69580495,-22.365967,-0.3574872,-22.18646,9.798909,1.4411545,25.079937,0.538598
UCA05,40.726,0.13437371,37.095547,40.37197,43.795334,6.699787,222.49403,448.13885,183.22322,411.45743,718.08826,0.38213092,1213.2197,0.26835194,-69.0953,-1.240882,1737.3678,0.18213095,897.09576,0.47485468,-59.698986,-1.2302282,2818.5479,0.13059019,757.3154,0.62949944,-63.41974,-1.1176848,-9.702274,-1.1894875,2.6205225,7.479325,1.5490086,17.52667,0.80257744
BOD09,36.271984,0.19759896,34.02476,37.756752,41.175297,7.1505356,339.74155,515.5474,159.07784,276.2222,575.9453,0.46455404,1150.0913,0.24372151,-92.29852,-0.9527143,1708.7737,0.1639642,739.4035,0.6348136,-78.84068,-0.94555473,2757.5085,0.100918695,756.4003,0.7167493,-77.87042,-0.9632051,-14.135244,-0.58263093,-6.4397726,7.882068,1.9629883,14.805531,0.91145116
OCM13,32.884624,0.27767444,23.831827,35.375435,39.855343,16.023516,383.6582,458.79263,215.86075,358.45007,517.18536,0.43089467,1158.4158,0.20731463,-119.7764,-0.73786646,1696.3754,0.19319306,815.101,0.540015,-113.2123,-0.69594336,2712.6653,0.10794107,673.5951,0.6071881,-112.84141,-0.6998686,-21.054966,-0.4461964,-7.5788555,11.43565,1.9407219,23.411343,0.8507076
LRE07,30.087175,0.21133217,25.868029,30.274868,35.18223,9.314203,220.42944,400.38834,144.61299,232.39088,695.4651,0.4777967,1019.99567,0.32029223,-58.17704,-1.3405428,1736.8628,0.2052045,747.23193,0.34375954,-54.60353,-1.311267,2735.489,0.13227817,678.0044,0.3404983,-55.577095,-1.277145,-7.2972603,-0.79954517,-4.8461423,5.8057656,2.1638203,13.217476,0.63276744
POF05,37.33637,0.16482022,35.514812,38.36938,41.30005,5.7852364,258.5508,436.41266,119.78095,334.92435,616.0371,0.38399798,1270.9783,0.19902818,-86.990456,-1.0106692,1693.872,0.16133356,879.6633,0.5238694,-77.483246,-0.9956721,2775.977,0.11196805,836.38885,0.6893743,-80.47596,-0.93167245,-14.737217,-0.52514106,-3.020763,10.933349,1.0332246,21.61185,0.46289602
BOD10,32.81304,0.19454001,29.882305,33.997578,37.395218,7.5129128,258.20316,392.61758,189.97922,362.34756,504.82593,0.41658744,1208.3286,0.18831663,-80.532585,-1.108425,1608.3594,0.18620066,891.2123,0.4562197,-81.83854,-0.9289842,2626.6719,0.111272156,796.6435,0.5679728,-84.09433,-0.88362926,-17.684294,-0.4065717,-7.724569,8.675643,1.8323283,25.210543,0.5506351
LDV10,27.008335,0.15620865,23.931444,26.569439,30.560406,6.6289616,138.66006,237.27907,110.14587,161.25912,478.31772,0.44271588,1163.5646,0.19405316,-62.81109,-1.3804919,1535.6653,0.15996069,793.1611,0.41415688,-71.36793,-1.098971,2541.222,0.1031216,800.5092,0.39504054,-72.989006,-1.0586865,-14.050955,-0.43998113,-2.37487,6.253637,1.4256195,23.52112,0.37437493
OCM18,36.132122,0.19155909,31.795238,36.575356,40.828934,9.033695,334.3705,591.9209,142.16415,301.96832,514.94525,0.43579528,1090.7648,0.20927595,-101.57665,-0.90395856,1650.3651,0.20336169,708.16113,0.5492135,-90.46511,-0.886644,2685.887,0.12304199,691.62354,0.6005838,-90.76663,-0.8742792,-14.633376,-0.64919513,-3.362494,9.593362,1.2709965,22.108412,0.5889607
SPC10,31.745466,0.18389788,28.360325,31.356379,35.256805,6.8964806,316.39343,639.0041,141.76846,333.18488,587.04974,0.46195614,1086.4905,0.24859846,-84.446976,-1.0304514,1668.743,0.19377746,706.6561,0.46389952,-83.1904,-0.96394324,2670.7224,0.104735695,715.014,0.39704785,-80.6281,-1.0109551,-9.929399,-0.84471476,-4.6881323,5.3992205,1.8975892,12.744301,0.7916633
LDV05,37.281837,0.16749571,35.609325,37.8015,41.286476,5.6771507,349.6437,669.93024,144.5857,314.6015,661.42664,0.32580423,1283.2711,0.1985029,-81.89201,-1.0741334,1701.9537,0.16339765,921.3997,0.43812108,-77.898926,-0.9982128,2757.4448,0.11737193,818.0465,0.5159227,-82.679054,-0.90042746,-15.564318,-0.54155463,-3.8667016,8.019388,1.3842809,24.333231,0.49136063
NOR03,33.794598,0.24923463,28.775711,36.36129,40.112316,11.336605,240.40828,343.2058,135.90793,228.51443,598.3342,0.37562072,1281.4996,0.19061723,-65.686134,-1.2667377,1623.9125,0.16410296,932.1444,0.39423382,-61.992176,-1.1669679,2707.9094,0.11486427,844.9477,0.5594306,-67.04039,-1.0367323,-12.460825,-0.5274057,-4.4021373,9.951012,1.2561041,23.434414,0.36688623
CFE10,29.23934,0.19193132,24.54246,30.896843,33.49884,8.956381,198.6116,224.29474,84.476326,108.54371,494.88684,0.36727124,1230.1923,0.17954196,-44.9958,-1.6185327,1571.2418,0.18122147,962.556,0.39589152,-58.832226,-1.0699896,2603.0088,0.12105639,859.81683,0.4918084,-62.865807,-0.9693468,-20.687538,-0.3514858,-8.268433,6.3755717,1.9212437,29.757828,0.35310617
PES06,32.53835,0.2537377,27.7095,30.996614,35.18963,7.4801292,564.5102,969.3498,171.33014,281.45255,565.7463,0.5255957,1102.9746,0.2567752,-94.78008,-0.97316307,1620.5481,0.22944269,764.0184,0.42349443,-90.30287,-0.9383877,2648.5667,0.1303324,632.9718,0.40709925,-90.46077,-0.9236445,-8.537642,-1.2961717,-0.068416804,1.5874711,5.7126274,15.997958,0.83261245
ANT02,40.98907,0.12260853,37.166183,41.008095,45.314957,8.148773,155.28098,210.90218,127.02322,241.14343,709.5259,0.4401375,1216.4181,0.23356868,-54.065174,-1.5355736,1749.1306,0.16971475,956.9463,0.4407449,-40.70318,-1.6393892,2742.015,0.1135208,927.56744,0.5379176,-42.77901,-1.5345618,-7.0371537,-0.8176326,-0.8085546,5.9472685,1.4665635,14.884434,0.55994684
LDV03,37.07722,0.14998478,33.57623,36.488968,41.445034,7.868805,218.63521,433.82245,129.1046,212.63115,626.0664,0.38139156,1283.2493,0.20734498,-96.62978,-0.9476186,1659.4408,0.16561094,921.06647,0.3925928,-89.31563,-0.9253288,2699.263,0.10736115,823.3514,0.48717102,-92.71277,-0.860316,-13.976285,-0.6031428,-2.7710168,9.437702,0.97898394,23.12154,0.48256263
LOR07,34.71678,0.24355501,31.437729,36.618237,41.344482,9.906754,358.3293,550.7209,141.67014,140.98817,574.5075,0.45215565,1186.0349,0.23601925,-79.080536,-1.091486,1692.8811,0.17872433,788.8261,0.5143038,-73.41035,-0.9903532,2746.0662,0.09993364,770.3319,0.584076,-74.3424,-0.96796674,-17.495424,-0.45006686,-7.4559107,10.365773,1.7203187,18.391459,0.8498365
BFC06,38.482533,0.12766346,35.080734,38.791397,42.086555,7.005821,205.24461,406.21436,124.477745,312.7152,648.8492,0.4544335,1233.0693,0.26166326,-84.72034,-1.03861,1673.6438,0.15972432,922.8448,0.4679963,-71.98457,-1.0731657,2665.514,0.13000408,918.80164,0.5171039,-74.233894,-1.0188276,-10.820973,-0.77955705,0.6461256,8.59888,1.1812586,15.85428,0.6363961
SOU15,36.962135,0.14877948,34.79049,37.535503,40.43893,5.6484413,195.1649,380.1079,152.41199,383.9954,578.65717,0.35048527,1309.359,0.15557657,-103.02316,-0.87036103,1681.1079,0.17177211,969.38696,0.4033164,-95.209076,-0.8350961,2758.4048,0.09228926,893.3508,0.47151655,-98.58794,-0.7774059,-21.979712,-0.2948967,-24.219059,8.681499,1.1950212,25.18614,0.38003048
LYO14,34.56973,0.19521242,29.829107,33.795837,38.482513,8.653406,403.6684,773.8342,186.4711,431.79526,600.10864,0.5185297,1072.4197,0.29077202,-92.02027,-0.9662381,1660.0885,0.21195254,760.74445,0.47746843,-82.39063,-0.9941621,2667.5396,0.13141517,820.6982,0.5615633,-82.7136,-0.9767981,-7.7216034,-1.2324011,3.100964,5.4551163,1.8355423,13.419799,0.80477
UPS07,24.96589,0.27034327,20.75474,23.862997,28.935291,8.180552,293.72455,598.12775,179.06856,360.12573,521.68884,0.49545524,1160.4728,0.22821373,-83.83877,-1.0761008,1584.4705,0.20353007,812.6313,0.44195032,-89.96272,-0.91077816,2611.6343,0.114963494,672.69836,0.46877953,-90.72898,-0.8913067,-16.207548,-0.5734184,-3.1070025,7.1114736,1.8564796,25.848999,0.4928612
SPC08,38.235554,0.18101776,34.69739,39.178585,43.63372,8.936329,367.2376,554.37854,190.818,416.39496,665.0344,0.3785208,1221.5333,0.21489567,-108.14969,-0.8184222,1756.364,0.17042676,873.0285,0.53085333,-97.47158,-0.8315384,2774.6216,0.11500083,772.71576,0.57201004,-98.15704,-0.8167727,-13.851324,-0.6031467,-7.3836374,10.994107,1.4132508,17.971651,0.7276415
UCA06,30.92998,0.22018231,27.494144,29.547066,32.24819,4.7540474,386.5315,814.5673,191.66559,399.15198,547.20435,0.49111903,1194.3381,0.264686,-88.86027,-1.0717827,1565.4365,0.20641705,882.6592,0.3819509,-90.60318,-0.965574,2587.4507,0.11969741,814.41296,0.37430868,-93.15812,-0.9121561,-10.994462,-0.97668254,2.555212,4.4720373,2.3160427,22.12784,0.56557536
POF02,29.24843,0.2140946,25.907091,30.28929,33.94917,8.042078,215.86595,320.75058,154.1306,303.60828,546.9726,0.44929317,1234.9731,0.18871203,-98.86746,-0.9508571,1577.6853,0.18779087,911.215,0.31602547,-100.2819,-0.86003774,2590.8115,0.11835667,815.0634,0.35045528,-102.45322,-0.8224766,-16.230644,-0.45382702,-7.2378173,9.050539,1.5685872,25.715061,0.4710017
SOU13,32.09073,0.19651504,28.209738,31.856573,37.332813,9.1230755,262.44864,364.5407,140.50261,198.58594,530.64276,0.4185653,1232.0393,0.18749107,-94.51999,-0.93702835,1613.4542,0.1800501,878.4894,0.41476822,-94.94517,-0.82658577,2672.6016,0.106955074,790.2021,0.50460505,-97.067314,-0.7898749,-21.278654,-0.34886226,-21.069738,10.623192,1.1362534,25.62493,0.43016925
LYO09,31.490429,0.27262628,25.459106,30.370596,35.056385,9.597279,407.32013,715.46576,249.78546,467.50864,824.52625,0.38631248,874.85333,0.40129694,-82.588554,-1.069308,1897.6866,0.1845604,691.3792,0.47381988,-76.91815,-1.1022455,2899.3896,0.11758322,651.68274,0.38357162,-75.67968,-1.1208199,-3.8239124,-2.4820824,3.1072354,4.7068486,2.2256408,9.983442,1.164582
OCM15,26.461027,0.2253982,22.026464,26.442083,30.72083,8.694366,335.0272,571.35754,146.13748,254.19084,516.02045,0.4219739,1132.1663,0.20696579,-85.26647,-1.0527846,1700.4365,0.17509982,804.84796,0.57199025,-94.7279,-0.84004724,2620.7107,0.12502244,733.2385,0.5018782,-93.23051,-0.8618092,-17.699354,-0.4763407,-5.6914854,8.674344,2.107831,25.164873,0.49852523
OCM19,26.862717,0.20504159,23.538391,26.268108,29.550589,6.0121975,280.72028,532.57184,184.9892,368.8586,485.55023,0.39965993,1113.9874,0.22195439,-102.56406,-0.9048291,1629.6548,0.18543017,782.6361,0.59793025,-109.81142,-0.7592407,2583.865,0.12880288,655.1109,0.49791002,-108.596634,-0.7736298,-15.401092,-0.54975295,-6.375249,7.1515665,1.4421675,25.26079,0.39779916
LYO02,28.55484,0.22067839,23.923693,28.195196,32.860985,8.937292,268.51428,459.13556,143.65219,192.51173,751.931,0.3778393,1052.798,0.28995368,-91.63998,-0.96345776,1776.3202,0.18159178,824.8147,0.3113733,-89.120636,-0.9473728,2772.8074,0.1266424,710.78375,0.33977956,-90.67969,-0.9142417,-9.289463,-0.8535303,1.1376686,7.389039,1.5886326,16.977745,0.6264696
ANT01,30.577875,0.20565277,26.75978,30.576466,35.082283,8.322502,223.08656,311.59192,128.45987,194.06885,529.1512,0.41584376,1272.5857,0.18937247,-38.69794,-1.9139744,1555.2991,0.18444443,939.22815,0.31612876,-45.978348,-1.406114,2573.557,0.114920355,847.932,0.38540152,-50.785492,-1.224499,-16.0923,-0.40699556,-8.611783,6.1786237,2.0145614,24.06126,0.42818716
LRE09,35.33232,0.20492756,31.972815,37.1605,40.12904,8.156225,196.827,271.3907,108.86099,141.60716,640.13904,0.41908473,1278.6206,0.20714274,-55.28237,-1.4358757,1653.6753,0.14900686,994.58374,0.3936697,-48.635784,-1.3975244,2650.7617,0.11807022,920.3603,0.4648955,-51.593147,-1.2872816,-9.303688,-0.5988197,-5.1628428,6.219184,2.2444506,15.566608,0.65648717
BOD12,37.431744,0.14447224,34.670513,37.893597,41.170574,6.500061,227.24805,375.43326,159.52365,353.8163,519.15924,0.49371183,1101.4911,0.23180798,-109.93035,-0.8265982,1627.9813,0.20234862,683.0218,0.52246076,-84.63559,-0.9497948,2701.0996,0.102704585,645.61896,0.6786764,-85.14402,-0.9367474,-12.384592,-0.5742081,-7.631035,10.001239,1.2035518,16.444897,0.70662963
BFC01,29.584177,0.19387446,25.454105,29.003761,33.64966,8.195553,241.37303,570.2847,173.17633,244.85872,630.8193,0.49750558,1056.1332,0.31272078,-102.370995,-0.89640695,1670.4015,0.20607366,761.6391,0.3593153,-97.49049,-0.89440876,2680.421,0.13760388,729.27026,0.3289154,-99.27577,-0.86047906,-10.563397,-0.7691436,-0.226862,9.039883,1.1192546,20.183388,0.5007023
UPS09,38.034466,0.18009906,34.415775,38.827152,43.275414,8.859638,284.02255,456.00122,154.42111,265.74765,628.9165,0.40922314,1199.0879,0.22818527,-100.40344,-0.878566,1740.5898,0.16843352,793.60925,0.56796515,-87.7929,-0.89069587,2817.4592,0.10975185,735.8135,0.72206163,-88.695404,-0.871494,-14.863546,-0.6030889,-4.9982963,9.611591,1.2983938,17.663692,0.65726316
OCM11,28.076035,0.21738304,24.98094,28.057907,30.633347,5.6524067,289.8997,464.38095,141.28447,327.38828,491.5657,0.36427853,1171.2794,0.21003762,-92.128586,-0.9814071,1659.1053,0.20572324,886.8021,0.5435482,-102.493965,-0.7729372,2662.804,0.1253514,742.0407,0.56651294,-101.95977,-0.7730091,-20.24767,-0.514461,-5.7117453,8.767338,1.9169561,30.660198,0.45215064
CFE06,31.288284,0.25826684,22.122068,33.740788,37.656105,15.534037,295.52975,379.7615,146.1019,148.42253,512.6239,0.40885615,1219.6677,0.1850128,-77.1514,-1.1306698,1581.9119,0.17576921,880.68994,0.40281957,-76.11986,-0.9871561,2606.1448,0.1135578,804.0526,0.45256442,-78.69268,-0.93311983,-17.58483,-0.36473945,-9.709579,8.778496,1.7373348,23.65909,0.53246295
UCA14,31.51361,0.15017247,28.249287,30.8108,34.45088,6.2015915,261.09094,628.0955,85.81497,175.98491,532.73895,0.47792208,1142.5983,0.2294354,-85.33437,-1.0894763,1585.3174,0.19139792,820.79156,0.42487082,-85.43413,-0.9814879,2633.709,0.11921846,824.4314,0.5331983,-88.55456,-0.9162459,-12.052591,-0.68640834,0.21397427,5.952792,1.5348998,23.933903,0.39412332
SOU16,37.37697,0.15614535,35.07918,38.15164,41.186123,6.106941,234.70154,417.0638,210.22566,466.46942,584.44385,0.35806194,1307.3907,0.16911808,-112.561844,-0.7871158,1688.7606,0.15672556,971.3762,0.47604448,-100.9459,-0.7890867,2747.861,0.097855665,802.1877,0.5076848,-103.52984,-0.7469902,-21.316412,-0.31368652,-22.239218,11.184964,1.0474856,23.01596,0.4801469
LRE01,38.671432,0.18061791,35.138214,39.512722,43.949493,8.811279,216.49081,325.88257,140.20068,216.43501,669.5017,0.50102025,1100.347,0.28669193,-76.69689,-1.1430867,1742.1161,0.18770416,808.20294,0.51595205,-59.374184,-1.2571143,2761.8567,0.11092346,844.674,0.57858217,-59.916195,-1.2360966,-7.761197,-0.77814215,-2.339516,4.7796783,2.479481,11.587509,0.9701851
OCM05,32.290436,0.19342746,29.83664,32.32819,35.8696,6.032959,354.56992,427.29355,145.48131,210.23923,489.6649,0.42360735,1080.4103,0.21912791,-103.20186,-0.8818216,1618.7861,0.2030723,719.75226,0.570954,-104.93732,-0.7618986,2631.675,0.10704952,572.5399,0.5779472,-104.46787,-0.7645937,-17.112585,-0.5333972,-7.040554,11.445732,1.6163204,24.251366,0.648399
GRE03,34.14101,0.22474606,30.747515,34.464233,39.598267,8.850752,344.11713,530.3784,149.02164,256.94034,612.67456,0.387837,1238.6268,0.21154857,-100.60354,-0.9021976,1692.7672,0.20230289,879.5184,0.4669578,-98.17274,-0.83133376,2744.1443,0.10606947,714.5334,0.5279953,-100.23353,-0.7948826,-17.510546,-0.4266703,-4.174138,8.564218,1.5557423,23.539042,0.5077395
BFC10,35.113415,0.25686535,32.491604,37.07588,41.220478,8.728874,480.72046,792.71155,297.10977,591.7594,636.7766,0.49796748,1106.1464,0.30172363,-125.16192,-0.6929533,1697.0443,0.18019085,829.9747,0.47008744,-107.92342,-0.7842311,2697.0417,0.122926496,881.5355,0.51631963,-108.057884,-0.77715445,-9.951259,-0.86808324,-0.27097344,10.927625,1.6200508,15.490903,0.86507416
OCM16,28.293425,0.21190254,23.76885,27.990454,32.797283,9.028433,162.5418,367.6249,152.27252,313.5179,574.14685,0.44591624,1142.5924,0.21438394,-83.354355,-1.0899783,1763.4772,0.16447066,721.48517,0.67081153,-87.76907,-0.9419415,2698.4822,0.12033597,702.9733,0.5448834,-84.97596,-0.99246985,-11.579169,-0.6228568,-3.8750744,5.966274,1.6536882,18.628265,0.5030646
OCM09,28.699638,0.21770647,25.765673,29.33919,32.89047,7.124796,315.10004,482.48758,146.8867,282.64496,494.2346,0.44687802,1118.2053,0.21279027,-91.78985,-0.9902702,1640.9565,0.20405792,798.0953,0.54921126,-98.09128,-0.8186352,2644.246,0.12744041,586.28925,0.6192617,-98.35938,-0.8105812,-16.43188,-0.5194686,-6.155831,9.04937,1.7681358,26.948305,0.48959446
LYO13,31.30055,0.23454499,26.60474,29.813057,34.38056,7.7758217,378.69165,764.5875,217.47751,413.35413,592.14465,0.5228731,1046.9938,0.2768351,-98.61971,-0.937388,1660.0997,0.21250874,703.0457,0.47656038,-96.503494,-0.8817805,2693.2964,0.12421237,616.9999,0.47844392,-95.97087,-0.8848952,-9.54477,-1.0744117,1.4263265,8.265246,1.5366439,18.915071,0.6634022
BOD11,28.823671,0.2619819,22.97858,28.304567,35.626328,12.647747,248.41476,345.13364,180.06241,275.48352,491.20953,0.4310545,1128.761,0.19832373,-71.62022,-1.2433594,1587.6919,0.20560247,751.5053,0.47467154,-76.71887,-1.0162115,2640.0159,0.10944999,666.4929,0.48955694,-77.885,-0.9876838,-15.557936,-0.47891495,-6.6313396,4.9946446,2.9353733,22.00912,0.63054186
BRE03,35.668003,0.16815108,32.80317,35.96387,40.04534,7.2421722,321.70435,480.82492,135.62701,179.27544,571.5063,0.39112702,1244.3391,0.19771077,-83.28549,-1.0695198,1660.3838,0.16506828,888.5624,0.51699674,-82.06252,-0.9520916,2649.227,0.1040895,842.7788,0.5301544,-83.88529,-0.91445595,-15.298669,-0.48151672,-4.2252474,10.261818,1.1665994,22.123493,0.4989952
SOU11,27.171026,0.19052295,24.289764,27.30862,30.769224,6.47946,267.57947,432.76202,121.28346,165.9596,503.58157,0.4305306,1184.068,0.19808607,-92.23492,-0.9784996,1565.2743,0.17606997,825.9389,0.4216679,-97.91904,-0.84441733,2592.8862,0.111100815,772.775,0.4096312,-99.69668,-0.8128427,-18.295652,-0.3791187,-21.618519,6.86671,1.746334,24.494833,0.45641074
CFE01,24.05689,0.22895563,18.973843,24.591543,29.188482,10.21464,231.19606,252.94731,137.03897,158.57121,485.66812,0.37889907,1256.0498,0.168447,-51.094852,-1.4341993,1545.974,0.18028116,987.88257,0.32799152,-65.30439,-0.9918687,2627.8538,0.10852377,850.91614,0.43745548,-69.45576,-0.901585,-22.364012,-0.30244178,-10.478009,6.0568156,2.3614085,32.004253,0.3644819
LYO05,30.416271,0.27893227,24.99955,28.582088,33.538136,8.538586,564.24725,971.9053,203.769,471.42206,763.7109,0.43966746,943.7437,0.37146476,-84.49145,-1.0383886,1831.5122,0.2009979,694.55444,0.4742157,-79.65803,-1.0427698,2854.794,0.13063776,654.30524,0.41908738,-79.03977,-1.044401,-5.8569384,-1.7421434,4.382688,6.1931524,1.5103506,14.469273,0.8415884
LOR08,36.53915,0.1990275,32.83634,37.029495,42.195496,9.359154,255.3632,385.9546,161.10175,236.17108,605.7016,0.4199883,1197.838,0.23850824,-80.90313,-1.0778297,1714.9742,0.16812193,838.6129,0.4602143,-77.108894,-0.9703773,2713.5762,0.10836144,791.9763,0.4631605,-77.75457,-0.95380867,-16.32672,-0.54805386,-2.6572497,10.926972,1.3890612,19.165522,0.7652015
UCA12,40.235176,0.14066586,36.594864,39.7134,43.144432,6.549568,293.43167,541.37305,134.98433,320.60724,713.44714,0.4327535,1169.7699,0.290432,-82.95979,-1.043297,1747.2743,0.16771354,869.881,0.5029268,-69.08818,-1.101054,2778.152,0.11812977,862.3679,0.58583295,-69.82397,-1.0758406,-8.003622,-1.4476799,2.3934662,5.6942134,1.7557492,11.646291,1.0931631
ALS01,36.069675,0.21438378,33.85218,38.199944,40.9868,7.1346207,323.92093,503.87604,152.21057,338.51718,603.05817,0.35170245,1265.5513,0.2028379,-83.61485,-1.033381,1706.212,0.15266563,864.06476,0.5125616,-77.44692,-0.9639369,2744.0876,0.10993952,834.8109,0.55165297,-79.60626,-0.9192709,-17.127377,-0.4753677,-6.2099953,10.004763,1.181077,22.541231,0.52665865
GRE08,30.7157,0.18497036,27.162958,30.599072,34.304226,7.141268,185.75621,427.90128,118.433876,238.93616,543.3376,0.45634177,1122.7213,0.22463608,-81.69225,-1.0999455,1603.0144,0.21452051,750.47424,0.44854814,-83.8707,-0.9648124,2709.9104,0.1267641,624.14996,0.63162625,-86.25426,-0.9118292,-13.6300335,-0.6120528,-2.1871908,7.2443933,1.5767955,24.099604,0.40542576
LYO03,25.284134,0.18288943,22.665573,24.64061,27.936901,5.271328,239.76367,444.7645,111.102974,208.90887,559.9568,0.47308242,1185.8481,0.21015108,-82.43218,-1.0664512,1587.7305,0.19983357,836.454,0.35577545,-87.62937,-0.9266334,2599.6426,0.123672806,763.98596,0.34160784,-89.52979,-0.8887583,-13.862459,-0.5493867,-0.34532738,7.8082023,1.1867714,24.58704,0.3581264
SPC07,38.07815,0.14494693,34.754005,38.165127,42.149384,7.395378,304.11914,556.60767,119.27289,181.03247,612.4835,0.4199432,1235.7944,0.22730464,-98.11902,-0.89959294,1712.7357,0.16469736,896.72736,0.5495154,-84.84462,-0.92179656,2704.9966,0.11376928,862.8994,0.5832851,-84.68347,-0.92151725,-15.251624,-0.56051606,-8.327615,10.663877,1.1656594,16.474075,0.71133244
SOU02,34.27512,0.15733124,32.546955,34.889053,37.61802,5.071064,292.89233,487.9958,137.33665,287.04047,618.38043,0.37503722,1278.674,0.18354931,-101.05245,-0.8672164,1737.9448,0.16089047,954.4096,0.4737637,-101.06499,-0.780716,2843.2239,0.103196904,768.9799,0.6176602,-103.19919,-0.74589,-21.773159,-0.35054266,-21.856306,11.631522,1.0446589,24.666618,0.4852529
OCM07,36.612698,0.18581638,33.54155,36.83257,40.675865,7.1343155,384.92987,673.4382,187.13484,386.5359,542.226,0.46027535,1106.1393,0.23354909,-116.46569,-0.74192905,1737.2644,0.17151794,705.6021,0.61752564,-99.982185,-0.76965356,2750.785,0.10687753,677.66797,0.66501105,-97.70068,-0.80257565,-15.875534,-0.6514614,-5.0825267,10.574184,1.5587132,15.119292,0.92360604
LYO10,40.55368,0.13827147,36.428852,40.66942,44.007004,7.5781517,239.77457,486.55328,95.28758,129.51079,687.67834,0.47162595,1066.0983,0.2865496,-106.92575,-0.855176,1746.1451,0.18893489,795.37744,0.50717455,-79.51604,-1.0743321,2756.299,0.11572477,898.65405,0.52779394,-79.54844,-1.0661223,-4.6786084,-1.8980277,2.4620135,5.5935235,1.5446372,9.972974,1.0261428
BRE09,34.1999,0.1562123,31.635914,34.758167,37.85999,6.2240753,331.00745,495.26962,123.74403,246.53403,569.80695,0.3443824,1298.5819,0.1792528,-91.569756,-0.9865217,1622.0548,0.15634108,957.7706,0.40516782,-94.00671,-0.8539492,2685.0383,0.09501835,789.2103,0.5109567,-97.29555,-0.79730636,-18.895464,-0.41807193,-7.589685,8.202418,1.3549955,27.210918,0.38408443
SPC05,27.393147,0.2208977,23.166885,26.81753,30.872158,7.7052727,343.09787,722.4916,148.27295,368.7352,593.0909,0.48419034,1083.9106,0.2471548,-85.181854,-1.0465124,1669.5779,0.19179828,695.67706,0.48636106,-86.20677,-0.9677969,2644.3398,0.11892705,733.0567,0.35618007,-83.96093,-1.007506,-9.17709,-0.8135692,-7.1386113,7.289281,1.3467417,15.737053,0.5858093
LDV07,23.139776,0.17153347,20.360138,22.949114,26.119255,5.759117,218.85118,293.63217,131.8723,227.96002,544.86566,0.45293668,1199.4248,0.20441635,-88.95843,-1.0319487,1556.0725,0.20127372,862.38,0.32924697,-95.0586,-0.8955109,2602.5142,0.13219522,734.6625,0.39897323,-98.25268,-0.8387526,-15.3149805,-0.47073522,-5.804765,4.6897945,1.9974865,26.311546,0.34067187
BFC04,38.468536,0.14517513,35.43073,38.521435,42.821156,7.3904266,213.34859,375.928,149.16623,324.63522,598.84894,0.51884425,1133.7417,0.2678372,-104.551056,-0.8726296,1646.3815,0.19535622,804.28174,0.512089,-78.41056,-1.05285,2700.663,0.1187598,810.29333,0.5670187,-80.14763,-1.0123922,-9.244087,-0.7260836,-2.11646,8.681124,1.1560911,15.090658,0.6708487
CFE11,30.982283,0.27599508,21.034664,33.020676,38.30751,17.272846,301.22415,428.01678,167.8957,217.6454,599.3479,0.3491472,1314.0453,0.16300772,-80.111595,-1.0897566,1665.8866,0.16224952,1027.8701,0.353773,-82.8501,-0.9323001,2721.141,0.10849322,862.35175,0.41384614,-86.61061,-0.8622124,-19.514097,-0.34533143,-11.422272,5.602938,3.0410542,25.925076,0.61156493
POF03,30.445612,0.1647597,26.647686,29.950136,34.39402,7.746334,220.7992,487.1743,72.298,90.42978,586.6729,0.47802413,1134.2982,0.22020201,-86.244354,-1.0794966,1654.6522,0.20834522,800.54803,0.3917267,-88.40705,-0.94890463,2671.0435,0.11784293,739.028,0.37411729,-89.81059,-0.9196575,-14.957293,-0.55652153,-1.9357791,9.418329,1.2510982,25.147167,0.4461547
UPS15,38.30627,0.15477528,35.392437,38.15877,42.932327,7.5398903,227.93317,402.08868,158.5991,307.26428,591.5259,0.4233731,1175.943,0.23062015,-99.02718,-0.9134489,1714.9238,0.16480017,772.53284,0.58288366,-85.53439,-0.92722565,2711.5928,0.10632332,805.4601,0.635128,-85.42756,-0.92626166,-13.753146,-0.60097665,-5.2232428,9.66325,1.3358413,16.013786,0.70498776
ALS05,37.55038,0.17481223,35.142506,38.23096,42.107094,6.964588,345.3679,490.3332,148.28806,319.7609,592.74243,0.38516262,1244.271,0.19417702,-73.17641,-1.1097283,1727.173,0.16965939,861.5432,0.54254925,-67.26577,-0.97967654,2867.2725,0.10112597,687.1602,0.78313607,-68.453896,-0.9486694,-17.659407,-0.47562382,-5.991019,10.530226,1.1647382,20.69971,0.60778666
BOD04,33.2943,0.19594836,29.933815,34.002087,37.918144,7.984329,242.22076,416.5714,186.98822,394.01566,625.9653,0.46199387,1161.8555,0.22071357,-74.94874,-1.1412632,1717.2319,0.20372866,787.2454,0.40065297,-68.63919,-1.0996898,2693.6462,0.12384934,776.89716,0.36069846,-68.50571,-1.1009661,-12.013042,-0.6132312,-7.3111777,8.174328,1.6893716,16.554838,0.74755394
GRE07,28.44149,0.22726741,23.87167,27.508713,32.02552,8.153851,224.07591,466.1161,101.15288,285.4422,505.8564,0.45377672,1148.3501,0.20358768,-102.02854,-0.923852,1534.663,0.19399999,796.9679,0.39295205,-103.465065,-0.8476135,2556.9065,0.116082445,657.39795,0.43048245,-103.98876,-0.8327123,-11.056564,-0.6938698,-5.248591,2.4629247,3.2146492,17.841063,0.49780816
LYO11,33.173958,0.20946218,29.080868,33.323307,37.91894,8.838074,366.3351,611.3147,127.38477,173.6601,582.8002,0.4559815,1132.9692,0.25527602,-106.30508,-0.84674335,1675.3573,0.18818814,785.601,0.5510691,-101.35763,-0.82094336,2693.9106,0.10917036,846.9498,0.5843636,-101.37567,-0.81679785,-12.319134,-0.74020684,-0.16053562,7.519946,1.4482138,17.787981,0.63746136
OCM02,37.725822,0.13470212,35.642536,37.94788,40.726616,5.0840797,309.65073,634.65344,117.66809,199.77222,522.37897,0.36943594,1123.6406,0.21401311,-115.97765,-0.78116,1732.5505,0.17782345,750.5302,0.72289944,-101.31367,-0.8026946,2755.4688,0.10863917,752.88763,0.7907372,-100.62317,-0.80957955,-13.450149,-0.63722926,-4.106394,11.978346,0.9163377,20.825167,0.49353853
UPS02,30.70587,0.17668164,28.593163,32.067276,34.37592,5.782757,285.05527,333.38306,118.17248,119.99819,505.56265,0.48264182,1167.816,0.22150989,-80.13335,-1.0921683,1583.3668,0.203536,792.58716,0.45030773,-84.322105,-0.9130825,2626.7463,0.10960915,717.67804,0.4988156,-86.04539,-0.87862724,-18.832869,-0.41675398,-5.069086,8.773415,1.5655532,23.988165,0.4964618
SEN01,31.964577,0.34121352,16.71953,35.26531,41.228706,24.509176,499.31668,664.4157,387.36884,623.20044,583.8127,0.37322968,1220.4902,0.19420049,-111.83165,-0.7996628,1701.7086,0.1778612,890.07043,0.5553391,-109.94959,-0.72985965,2782.0083,0.11044423,687.182,0.6263045,-111.24443,-0.70948493,-20.386543,-0.3338207,-21.407545,4.1360965,9.263395,15.09062,1.9904023
OCM14,28.8947,0.18799002,24.898869,28.51242,33.068295,8.169426,225.73152,379.81668,106.209724,328.33978,499.84006,0.42066982,1053.9349,0.21778955,-89.41315,-1.034618,1718.5494,0.19950512,677.2394,0.71181935,-97.20783,-0.8360816,2663.1272,0.12364057,582.549,0.6122632,-93.42382,-0.8994376,-14.271503,-0.5690047,-6.3005114,8.320481,1.2503175,21.966192,0.43458146
PES04,25.450897,0.23805384,22.488373,24.637527,28.131908,5.6435356,247.94676,412.21445,140.30518,350.20602,491.70862,0.39563292,1210.6038,0.19053361,-85.90166,-1.0984186,1528.0824,0.17593968,948.9883,0.35915172,-93.39763,-0.92081934,2552.214,0.108849786,890.3735,0.42070234,-96.65434,-0.857777,-16.357983,-0.50439453,-3.8584106,3.169969,4.168897,26.050274,0.5644028
NOR05,35.968414,0.22887196,31.362226,37.85041,42.580914,11.218687,228.38803,395.8043,138.82523,235.61906,621.2726,0.35284516,1342.9791,0.16385941,-50.706013,-1.5384326,1624.5427,0.15979935,1002.233,0.345398,-48.71834,-1.3666065,2645.9683,0.09598476,877.6389,0.42765975,-52.816284,-1.2215599,-11.530353,-0.47403553,-6.298829,8.895437,1.3176483,20.066677,0.44282874
UPS03,30.476845,0.18326452,27.330467,30.999525,34.598984,7.2685165,262.65775,374.56018,139.42996,227.76813,498.0118,0.43232045,1172.0659,0.21032041,-81.59568,-1.0786077,1595.9692,0.19081303,789.0022,0.48259917,-86.872604,-0.8883054,2667.6396,0.09771323,703.20465,0.5841801,-88.31286,-0.8590228,-19.175169,-0.39829138,-5.4207716,9.07194,1.179668,25.826933,0.4151346
UPS11,33.56709,0.22917183,31.161898,35.575237,38.30072,7.1388226,446.71042,618.47424,178.1812,281.16583,593.55,0.39216164,1208.3844,0.20785522,-95.48966,-0.92240095,1737.8928,0.17464583,856.6385,0.55774045,-93.42461,-0.8303175,2796.6553,0.111307375,748.4268,0.6427796,-93.92393,-0.8184743,-17.995762,-0.5194946,-4.918592,8.960364,1.9017481,21.393581,0.7272264
CVL01,36.945805,0.1328243,33.9832,36.83099,40.235996,6.252796,158.99545,288.1886,152.98894,340.32877,586.76544,0.39982906,1227.8033,0.21850383,-85.18077,-1.088266,1648.4683,0.1795477,909.3709,0.43704376,-79.08223,-1.034445,2702.3489,0.10773979,801.1392,0.5108116,-81.91165,-0.97200596,-14.267178,-0.60845184,-2.5386162,9.588068,1.1699922,23.1764,0.4912195
BRE16,27.510225,0.18814403,24.322533,26.848438,30.467348,6.1448154,232.99503,347.5579,106.303604,140.40872,573.0996,0.45673734,1161.4763,0.24150163,-86.99258,-1.029217,1613.1929,0.2047268,845.0396,0.3782631,-91.352516,-0.8964458,2648.908,0.11878174,730.9977,0.44213775,-93.33597,-0.8589135,-16.216831,-0.5111397,-6.744363,6.488014,1.8159481,24.934793,0.39789712
LOR04,27.164402,0.21761487,23.454792,27.508505,32.01719,8.562397,274.95782,362.63574,157.35338,274.84744,545.29694,0.4824631,1154.8892,0.23107968,-72.78869,-1.2175311,1630.9027,0.18761557,771.07806,0.46293306,-79.03525,-1.0072418,2607.121,0.115863346,760.4054,0.36084515,-78.4536,-1.0181073,-15.071041,-0.4939541,-5.797675,6.9292865,2.244075,21.099611,0.6382656
LYO12,27.869833,0.23913427,22.523169,26.903961,32.70004,10.17687,315.513,634.0193,196.08162,372.15,646.845,0.4649282,1056.764,0.26519692,-97.160286,-0.9425075,1691.347,0.22589731,730.60394,0.40753105,-95.77355,-0.9044325,2732.143,0.13848142,658.203,0.46832335,-97.390335,-0.8704,-9.94116,-0.8371962,-0.33444554,5.3164363,1.8656592,19.382328,0.53923106
BRE14,35.7519,0.18432982,32.643425,36.592262,40.86278,8.219357,292.73627,519.411,191.11798,330.54062,648.8656,0.3090153,1270.6403,0.19710438,-85.85004,-1.0243261,1734.8954,0.1683721,904.32776,0.43758735,-86.29764,-0.9060448,2778.545,0.09961735,760.24884,0.4840164,-89.35104,-0.84844035,-18.901642,-0.4821283,-7.636411,10.723645,1.1049246,26.900234,0.42521858
HES07,30.174692,0.17331924,26.216858,29.821768,34.417267,8.200409,202.23537,415.24786,116.05278,183.44377,510.94418,0.43287462,1189.2203,0.18549751,-85.54294,-1.0921161,1537.6455,0.18628515,819.93866,0.36987767,-85.217926,-1.0104867,2584.9988,0.10210542,764.2664,0.4334831,-87.64183,-0.958343,-10.5550165,-0.60114986,-2.5809314,4.3165617,2.102825,19.677483,0.43595937
UCA13,33.39328,0.23566261,27.861816,32.10743,37.275417,9.413601,301.64615,552.2378,148.10382,278.47946,568.38025,0.45532635,1144.6202,0.2625367,-58.72529,-1.4652114,1642.2925,0.19084372,803.7602,0.47669476,-60.65859,-1.2316898,2703.2852,0.10409801,789.765,0.5461347,-62.42842,-1.1652517,-11.034414,-1.026994,1.133219,7.627196,1.4680423,21.868765,0.6111339
ALS03,28.346712,0.18387443,24.82724,28.009321,32.453674,7.6264343,204.37279,270.03915,107.81103,159.79462,479.93454,0.44996628,1154.36,0.19392782,-70.47993,-1.2710072,1511.4635,0.19020452,770.7598,0.3863318,-76.68558,-1.0420341,2529.5432,0.12447965,685.1194,0.4051025,-78.77419,-0.9954529,-15.52348,-0.4303495,-4.995546,5.417129,1.761743,24.363464,0.38207766
CFE08,31.987925,0.2843168,21.031963,34.543533,39.384552,18.352589,290.9355,371.33786,151.02866,183.9731,581.0576,0.36096317,1306.6228,0.16955031,-64.8158,-1.2150221,1687.4014,0.1716629,982.83887,0.38681892,-68.20823,-0.9820979,2737.075,0.1085618,872.7512,0.45660362,-71.829056,-0.9043629,-21.898657,-0.3284512,-9.786946,9.749089,1.8986458,25.976665,0.59377027
BRE15,35.494637,0.16349298,32.776142,36.08313,39.59537,6.819229,264.0179,465.79684,111.16902,130.47923,587.0547,0.35997218,1266.3313,0.18623343,-79.24108,-1.1124297,1650.0315,0.17739391,911.0866,0.3999396,-77.36424,-0.9920582,2709.878,0.096896514,797.6235,0.5025838,-80.82037,-0.9182572,-16.536247,-0.48069137,-6.082359,8.456085,1.3571444,24.164736,0.47026137
GRE12,27.442993,0.23051356,24.057547,27.063477,30.760723,6.7031765,309.93207,456.50244,148.24982,190.80975,609.97943,0.4462794,1086.2389,0.22478198,-89.989334,-1.0051692,1744.2543,0.18568093,648.49945,0.54864424,-93.30732,-0.88934404,2716.6072,0.124633625,688.9488,0.3924048,-91.242294,-0.9238402,-11.416474,-0.6117495,-5.5330567,6.131033,2.3681355,16.937702,0.6036035
UPS08,34.58617,0.1876172,32.959908,35.519176,38.373886,5.4139786,286.20132,429.55676,204.68918,450.43845,575.48114,0.3889724,1207.9,0.20814565,-88.482376,-1.0059489,1714.915,0.18070275,842.55725,0.540014,-87.42344,-0.8906977,2758.144,0.103945084,782.43085,0.56694686,-89.07367,-0.8587218,-17.356756,-0.4798253,-3.5486917,9.74404,1.5122467,22.931787,0.57130456
GRE10,39.929527,0.18345912,35.727676,39.702774,44.642853,8.915176,246.26129,465.68622,170.19165,257.89624,632.88086,0.41688687,1151.053,0.24915789,-94.42486,-0.9689769,1747.7114,0.19725424,818.7106,0.54337245,-79.78126,-0.9982878,2860.105,0.12489121,733.30035,0.6919778,-80.80955,-0.9672954,-10.705171,-0.89721733,-2.797337,7.766446,1.443369,19.195356,0.67417544
HES01,37.128258,0.12103153,34.128876,37.15395,40.29844,6.1695633,220.29555,498.9845,69.80591,104.84535,599.6995,0.43431187,1215.5273,0.23355694,-96.88268,-0.94150466,1635.7892,0.18539341,838.4412,0.4783484,-82.8466,-0.99500537,2679.5654,0.107864134,818.1008,0.5228878,-84.69084,-0.95247936,-9.96109,-0.6750665,-1.203854,6.5616536,1.4505394,16.138918,0.6276081
LOR10,25.82772,0.2259962,22.093857,26.042099,30.328262,8.2344055,276.33847,319.14108,147.40273,240.18687,561.9598,0.46979,1194.5887,0.22151725,-70.86854,-1.1981515,1650.7765,0.19457437,873.7755,0.38820753,-79.45789,-0.9596515,2637.6147,0.12280295,769.67285,0.4226671,-80.57432,-0.9360584,-19.27227,-0.39255473,-6.6776953,6.666673,2.2260077,26.001345,0.4874132
LRE05,36.658264,0.17616813,33.58912,38.102707,41.411003,7.821884,196.57741,244.0493,138.56245,231.11421,578.54596,0.45797217,1230.6597,0.22168227,-53.054203,-1.536519,1618.696,0.16512838,933.9039,0.4307885,-43.117855,-1.5126803,2591.128,0.11046719,914.62085,0.47259906,-45.13324,-1.4212731,-9.248374,-0.601989,-3.5961637,7.7902455,1.579583,16.139269,0.6286907
LDV02,28.597172,0.13252486,26.21573,28.356512,31.242292,5.0265617,233.18513,416.4713,134.74974,332.83115,502.2857,0.45353562,1186.62,0.20624426,-70.27087,-1.2468859,1527.3513,0.18419291,871.7089,0.37266397,-78.248985,-1.0013154,2565.9905,0.1091772,782.0833,0.38582793,-81.629875,-0.9299504,-16.144234,-0.50411046,-2.671742,8.647842,1.1571895,27.515461,0.39360154
UPL02,32.321854,0.26782364,23.856209,34.779247,38.48215,14.625942,335.32233,402.30212,252.68471,453.5939,545.056,0.39847174,1239.7719,0.19166978,-105.89839,-0.83146864,1679.7784,0.17310701,881.23004,0.4176141,-102.96674,-0.76043373,2698.2756,0.10175892,792.55066,0.5029671,-104.4984,-0.7343702,-21.1312,-0.40720192,-10.249391,8.640708,3.4543386,20.672575,1.1646453
LYO01,36.14619,0.1913192,32.073887,35.419586,40.043526,7.969639,251.54626,392.73398,197.26193,398.9969,613.43604,0.44318548,1131.9413,0.26649606,-105.78026,-0.8537293,1698.4802,0.19430758,780.4145,0.56603974,-96.73037,-0.8632061,2781.9558,0.10734835,781.8933,0.69850093,-97.2168,-0.84788144,-10.774671,-0.98489434,1.0002353,7.1089377,1.9828258,16.08836,0.83833164
SOU08,34.919064,0.18593085,32.101402,35.82041,39.751656,7.6502533,282.21027,423.5478,152.12527,251.32724,557.7782,0.37596005,1241.0465,0.18101685,-100.327644,-0.88220346,1693.1653,0.1649777,858.96216,0.51074255,-95.07317,-0.8276419,2748.71,0.09608097,772.0249,0.5987262,-96.75658,-0.7976384,-19.450172,-0.35525963,-20.671078,10.442514,1.134619,23.202759,0.45331815
BRE05,27.810368,0.19077542,23.666641,27.914236,32.13848,8.47184,222.48311,282.18118,125.557846,168.066,576.31665,0.4635685,1124.7601,0.22643062,-91.91366,-0.9940094,1633.3853,0.19548416,766.0598,0.40293965,-93.92944,-0.9001415,2640.5825,0.11082328,705.58704,0.38431954,-94.33263,-0.8914783,-12.845356,-0.5472588,-6.1535306,5.875615,2.3773267,19.529448,0.5155307
CVL02,26.276096,0.1653701,23.70337,25.811893,28.538559,4.83519,177.82826,427.8122,93.418236,152.43427,546.69226,0.4769232,1199.9144,0.20054005,-64.05929,-1.3459946,1560.1813,0.20540868,868.13293,0.3022664,-69.43006,-1.1463192,2560.7146,0.12575598,738.8471,0.3173055,-72.002625,-1.0807158,-10.966496,-0.60455036,0.047512442,-3.113405,-2.505588,15.464641,0.5855476
HES02,31.290558,0.19415928,28.010386,31.45599,35.40981,7.3994236,260.51895,456.1323,140.0563,184.6526,657.5583,0.46925196,1069.2725,0.27211747,-96.38049,-0.9286236,1704.5643,0.20089012,752.93414,0.37233266,-90.90128,-0.9253894,2709.9502,0.13072756,715.8992,0.34822005,-91.807465,-0.9054743,-9.129609,-0.73479927,-0.6501517,5.7581387,2.144523,15.841406,0.75630116
SPC04,30.509836,0.18027171,26.50747,30.490082,34.393932,7.886463,295.85864,521.17725,111.78373,268.58438,509.90466,0.42698607,1107.1671,0.21011746,-81.000244,-1.0768875,1599.3628,0.2071891,667.8249,0.5026449,-83.43831,-0.94694304,2621.8484,0.10271553,639.35297,0.49121535,-81.19163,-0.9861512,-12.136182,-0.6958297,-5.5964656,3.59589,2.6839287,14.807267,0.66918015
ALS09,33.7736,0.19037406,30.938816,33.961815,38.046284,7.1074677,350.67114,605.97125,164.1653,340.3051,531.9999,0.42543787,1182.4661,0.19722307,-84.53714,-1.047821,1647.4785,0.17878547,813.7559,0.5256584,-84.8395,-0.8958503,2704.649,0.10359943,756.5901,0.6295253,-86.089165,-0.87029886,-18.265093,-0.42343137,-3.9553738,10.619587,1.1872605,23.640915,0.5236424
SPC09,27.47473,0.18615605,24.442402,27.654263,31.189997,6.747595,243.74628,324.26834,119.73007,201.7791,511.36496,0.45666444,1139.8945,0.21539703,-69.8807,-1.1666567,1596.0896,0.18510982,776.15643,0.4712785,-77.26369,-0.9527191,2574.1062,0.11325726,781.56335,0.45420527,-77.65547,-0.94263244,-18.64476,-0.4336785,-6.429854,10.611832,1.3640796,23.63226,0.51272595
UPS13,30.500011,0.23377536,26.970142,30.676037,33.648582,6.67844,347.29886,472.54413,117.025604,160.3941,564.3177,0.4990139,1130.7548,0.23367548,-73.49043,-1.1651567,1625.2883,0.21180785,810.31335,0.3983325,-77.541405,-0.9918623,2630.488,0.12959675,748.2365,0.37791014,-79.13038,-0.95599127,-15.643512,-0.6004263,-4.077069,8.924872,1.5258754,22.44393,0.5655497
CVL04,37.67445,0.14380413,34.509556,37.632122,42.009518,7.499962,154.94945,233.5183,130.42287,270.8694,611.89557,0.37924954,1258.9095,0.19919683,-71.034546,-1.2430376,1690.2026,0.1785393,899.5993,0.48553306,-65.967964,-1.1409317,2702.2288,0.117164396,808.083,0.538748,-68.4218,-1.0764084,-15.254477,-0.4757968,-4.835999,9.373598,1.1281815,22.136122,0.45071137
BOD07,37.78378,0.13551083,35.90018,38.322895,40.95443,5.054249,188.63383,346.36484,125.67155,230.5619,589.1927,0.39683816,1221.2479,0.18669672,-96.057846,-0.9621069,1668.1019,0.21962439,908.234,0.43102092,-79.80714,-1.0111033,2773.4326,0.12741083,732.9474,0.6202182,-84.208084,-0.9181903,-14.494413,-0.55691516,-7.721616,6.6927476,1.8223891,23.878532,0.46104693
SOU12,33.09698,0.16682102,31.532234,34.084774,36.663197,5.1309624,419.7734,598.00195,109.660324,182.51324,523.9628,0.3857154,1247.9286,0.1678244,-104.79207,-0.8617965,1645.9868,0.15973495,891.1341,0.4585751,-104.93855,-0.77617633,2670.0806,0.099281095,864.1368,0.51637715,-106.65206,-0.7483192,-19.98681,-0.33601055,-22.974106,10.706546,1.1795344,24.24859,0.40222064
ALS04,38.38807,0.13222589,35.48227,38.726562,42.096756,6.6144867,199.74182,355.239,150.74062,362.8831,556.4344,0.4869614,1192.5862,0.24877799,-86.46122,-1.0141176,1633.0294,0.18754433,806.8763,0.44470796,-66.96818,-1.0857061,2654.2861,0.11133174,846.768,0.49953175,-69.13811,-1.0308776,-14.725073,-0.5880082,-3.0356123,10.252506,0.95749766,18.164766,0.5979281
GRE01,36.87673,0.20899361,31.348045,38.49268,43.04628,11.698235,258.66815,422.3447,139.1293,255.69254,589.5636,0.43656138,1179.8649,0.20817362,-90.05535,-1.0032332,1640.1658,0.20729645,833.96344,0.43362278,-74.699135,-1.056466,2702.0713,0.121584885,745.8117,0.5215834,-77.753105,-0.9821574,-12.563693,-0.6150097,-2.7564588,6.518171,1.9738991,20.093824,0.63241816
BRE02,36.27066,0.1700543,34.135918,36.796974,40.373215,6.237297,252.94121,429.99564,104.849785,160.98546,552.0654,0.39289412,1271.2974,0.18774648,-91.87694,-1.0024612,1603.2661,0.17336759,908.8983,0.40601805,-83.9477,-0.957849,2652.324,0.09574526,803.7721,0.50404555,-86.613106,-0.904786,-16.199593,-0.4600238,-5.377705,9.825429,1.1886252,22.157278,0.52126735
PES08,31.146368,0.19330807,27.529234,30.296768,34.57243,7.0431957,334.12164,560.9831,104.02284,157.93704,493.02335,0.41397974,1151.49,0.19186772,-94.12412,-1.0106058,1550.633,0.18510473,783.0906,0.42738906,-96.59879,-0.88859123,2619.8867,0.10575392,705.25616,0.506769,-98.74388,-0.8456355,-14.140367,-0.5999505,-1.6694107,4.3325877,2.3588524,23.729546,0.45275
LRE06,36.20676,0.24976829,28.14086,37.636963,44.114014,15.973154,292.0963,414.55,143.67639,188.07474,714.48804,0.41201034,1217.3579,0.24578798,-62.970367,-1.3313411,1725.2742,0.1725465,941.3412,0.37452894,-57.266823,-1.2976483,2717.687,0.116839476,859.74915,0.4296123,-60.151253,-1.2050433,-9.7997265,-0.6716813,-4.685954,5.407282,2.4231997,14.477145,0.82165766
BFC09,27.922514,0.21328147,23.816668,27.7849,32.520927,8.70426,273.73486,469.96146,123.96236,201.16138,524.9478,0.47892848,1129.6412,0.24481861,-100.068184,-0.9128173,1556.7565,0.18474348,759.42737,0.4198937,-100.53454,-0.84493184,2555.665,0.118391864,740.41296,0.3813663,-100.82548,-0.8383944,-12.16777,-0.63574374,-2.0086932,8.409052,1.4949763,20.0179,0.4800475
LDV06,34.903866,0.2297758,32.90182,37.177223,40.52771,7.625889,385.3494,618.4071,191.29652,406.85886,673.03394,0.31123435,1299.2838,0.1783886,-95.57059,-0.92266935,1724.2854,0.1632017,903.5404,0.45155504,-93.94821,-0.85596573,2814.7607,0.11959626,778.29004,0.5073169,-97.77665,-0.7913697,-17.737242,-0.44417942,-8.29383,7.669001,1.7049135,25.472406,0.48870862
NOR12,29.451572,0.1552643,26.744314,29.646935,33.063667,6.319353,175.41548,327.4876,87.45308,147.83577,479.43512,0.3735065,1184.3132,0.17522182,-46.283573,-1.5641164,1515.8466,0.17581588,865.0355,0.34357658,-56.24109,-1.1523654,2557.193,0.115186766,870.26917,0.41216007,-61.204098,-1.0179348,-16.63435,-0.4469217,-4.6846614,3.4082875,3.0026011,24.244123,0.41404197
UPL01,34.231506,0.18328924,32.81617,35.130188,38.050743,5.2345734,428.07916,512.67163,133.78899,271.12033,587.9137,0.34826803,1267.7676,0.19946952,-101.69726,-0.8730089,1689.872,0.17515878,871.5132,0.53013253,-99.997536,-0.80421966,2736.7864,0.10860837,806.57935,0.52047753,-102.47661,-0.7623954,-18.967293,-0.48192638,-6.6821895,10.481225,2.2045686,23.849916,0.87928563
NOR02,34.804115,0.21936099,29.491898,36.402313,40.256123,10.764225,303.39426,459.24197,125.45056,199.3551,657.6927,0.34045434,1278.9961,0.17789641,-52.865986,-1.4737908,1694.9445,0.18363088,993.7463,0.36216757,-55.506973,-1.2157971,2773.0212,0.10733788,711.0585,0.53216213,-59.50784,-1.09812,-12.802874,-0.49048573,-3.342533,7.3552566,1.7736515,22.172691,0.42956564
UCA08,34.9494,0.20577265,30.902084,33.873466,37.439728,6.5376434,435.49277,762.21356,171.52184,297.18903,632.08295,0.5212654,1075.435,0.28277925,-80.88526,-1.1397921,1711.228,0.20215352,736.3107,0.49175057,-71.4581,-1.143331,2727.6458,0.13086778,748.9853,0.4755348,-70.70771,-1.1529588,-7.680889,-1.5084025,2.229599,10.822626,1.1413407,16.968773,0.8306431
UPS05,33.122124,0.22637248,29.19703,34.90678,38.686554,9.489525,242.344,302.58572,163.4562,225.2136,513.79645,0.4791023,1115.0704,0.22688429,-109.212875,-0.8382999,1593.357,0.18326746,705.74536,0.49455637,-95.80615,-0.87129587,2609.3513,0.11553555,673.8101,0.46760994,-96.61812,-0.8553461,-14.068517,-0.49663424,-6.692033,9.100912,1.5975677,19.121086,0.6591865
UPS06,35.96216,0.16825257,32.820793,36.694355,40.441486,7.620693,386.10754,621.7036,145.3478,254.12125,590.02155,0.37112364,1255.5035,0.19751927,-94.3488,-0.9543748,1679.664,0.18057136,875.9177,0.5419399,-89.175125,-0.8961824,2781.1707,0.103337824,726.23615,0.65598303,-91.988335,-0.8424537,-16.875532,-0.50712067,-5.8661456,9.337921,1.3665736,23.570778,0.532706
OCM08,32.235977,0.22449392,26.8596,31.903286,38.119667,11.260067,249.44344,310.77368,145.25381,299.7115,616.8441,0.49159595,1023.0851,0.27562886,-91.98519,-0.98714316,1778.5884,0.18013759,618.7014,0.6719683,-88.51212,-0.93277735,2731.176,0.12613755,645.994,0.57066715,-85.51423,-0.98865557,-9.891918,-0.8029852,-5.033118,8.066803,1.6120319,15.464195,0.75408506
NOR01,39.548542,0.20996745,34.674896,41.843925,45.835785,11.160889,197.74939,257.17017,137.30853,151.02168,714.09015,0.3364294,1217.2781,0.19435844,-50.397068,-1.4624407,1781.2524,0.17563607,873.6597,0.41320488,-54.246273,-1.1270614,2905.4805,0.11328914,678.70166,0.5866592,-58.543346,-1.0085177,-16.517769,-0.44322246,-5.8097606,11.0495405,1.1019031,23.950895,0.47595674
LOR05,25.8769,0.1926554,22.747751,25.489874,29.731073,6.983322,230.55984,340.47583,108.49242,188.56126,587.4711,0.47703543,1153.5431,0.235274,-75.15715,-1.1780307,1657.4901,0.19382836,811.3516,0.3940117,-81.23793,-0.9973149,2640.6987,0.12725079,741.29,0.37865466,-82.16433,-0.97659934,-16.436848,-0.470642,-8.5309,7.3577857,1.5838119,24.967491,0.41599312
SOU05,31.642437,0.18354854,30.42251,32.910378,35.39958,4.977068,312.14188,456.33716,153.29388,288.51984,528.36005,0.40505397,1237.2797,0.17746143,-107.29614,-0.8369872,1615.27,0.18544033,901.83374,0.39786097,-110.184135,-0.732717,2705.907,0.09407649,786.03253,0.44585508,-112.10553,-0.70294356,-22.133219,-0.29493842,-23.180902,7.53665,1.8337651,25.65327,0.49886617
LDV04,25.11883,0.13876562,22.532671,25.052784,27.812803,5.2801323,165.16908,229.96611,53.995987,109.39817,505.47952,0.4360517,1217.2197,0.17201899,-84.86978,-1.0849574,1511.4645,0.17597656,891.78235,0.28379905,-91.51305,-0.92625654,2493.9744,0.1207326,793.3952,0.32730082,-94.474846,-0.8704544,-14.989353,-0.4723209,-4.70959,4.0869875,1.7326827,25.362877,0.28062767
CFE02,30.471819,0.30990925,19.88404,33.976337,38.84675,18.962708,282.55893,343.59647,169.13312,206.74539,582.92645,0.37548846,1269.987,0.1777731,-73.672966,-1.1406902,1699.6794,0.15241458,904.95795,0.46102113,-76.31063,-0.95475966,2764.8406,0.10196598,771.64404,0.57542336,-78.194534,-0.9160174,-19.903786,-0.35169235,-9.652614,7.156068,2.5707932,22.920652,0.691278
SOU14,36.77538,0.17500478,34.318043,37.345882,41.015762,6.6977196,255.8283,500.924,308.62405,706.72144,608.3909,0.34979275,1301.9095,0.1724546,-106.106575,-0.83311933,1695.8842,0.16323248,961.43115,0.4418248,-99.12676,-0.7979974,2772.6277,0.10128634,804.23737,0.47260788,-101.73522,-0.75465554,-20.954374,-0.33952197,-21.230871,8.006961,1.544715,22.640942,0.4918526
UCA15,35.256737,0.215633,30.155172,34.291183,38.533607,8.378435,428.338,773.6297,194.7741,413.25983,599.57477,0.52691156,1158.3412,0.264105,-77.4816,-1.1818895,1637.9827,0.21698567,846.0083,0.40729553,-74.15181,-1.0997516,2671.2056,0.12110886,806.6636,0.45101076,-76.28143,-1.042736,-10.405844,-1.2961655,5.154733,7.6896286,1.4045942,20.33578,0.71549666
GRE04,26.522491,0.29573393,21.76891,25.73978,29.452843,7.6839333,345.1993,678.7186,182.55716,274.68716,552.8404,0.4746951,1086.6528,0.25535417,-111.46555,-0.82388866,1647.5972,0.20176692,704.46906,0.52668744,-114.854324,-0.7358021,2661.375,0.12957709,638.8678,0.4712334,-113.823166,-0.7450701,-12.872551,-0.75020254,-6.156303,5.6839566,2.6968312,19.899807,0.6340038
LYO08,37.344444,0.12822545,34.697464,36.667393,39.627663,4.9301987,384.2429,603.6519,89.35067,215.49973,607.5503,0.5108321,1069.7294,0.31045362,-107.14498,-0.8381142,1669.7665,0.19240285,730.598,0.535049,-86.940956,-0.95975095,2696.215,0.12243898,760.1558,0.57134426,-86.68593,-0.95788276,-8.423559,-1.0835606,1.7683834,6.234232,1.8599439,10.474569,0.9932924
BRE08,37.016655,0.20871474,32.004547,37.708958,43.847794,11.843246,216.56075,308.3559,190.52844,347.7542,642.14185,0.32912076,1249.6143,0.18200538,-79.97824,-1.0972862,1708.3785,0.16714145,887.3907,0.4353479,-81.08785,-0.94224125,2815.6536,0.09575033,701.9843,0.5603934,-84.88558,-0.86812425,-19.622402,-0.4109831,-7.6077847,10.525635,1.121073,26.229527,0.45792848
NOR11,26.955635,0.24849996,21.248835,26.752691,33.032555,11.78372,218.54308,282.3333,164.03973,233.05516,485.43274,0.42563677,1199.3297,0.17618994,-39.70871,-1.7817845,1541.0154,0.17817514,825.54645,0.3525441,-49.91881,-1.2399004,2555.7488,0.104680926,757.9262,0.36686096,-52.046482,-1.1697404,-15.028955,-0.41847938,-6.4713855,4.746369,2.4559965,22.221674,0.43064007
LOR03,34.473145,0.1893949,33.195293,36.281418,38.355034,5.1597404,327.09372,512.5793,182.84494,379.463,550.93036,0.47112828,1156.7534,0.22307569,-71.79613,-1.1615071,1688.2336,0.18597038,767.0112,0.53927076,-66.66753,-1.019864,2711.4976,0.10471472,767.90564,0.6467937,-67.12194,-1.0069377,-16.3734,-0.43973055,-5.4449625,11.277526,1.472165,19.32048,0.7559078
LYO04,37.4393,0.15691067,34.5433,36.542336,39.811638,5.2683372,355.79666,648.3794,143.08723,224.55731,622.96625,0.49741045,1105.2903,0.28017148,-114.42455,-0.7940757,1682.2009,0.19572297,813.37384,0.47946343,-97.85035,-0.8865347,2682.403,0.12466089,869.03375,0.5017117,-98.01488,-0.87550116,-7.0690513,-1.449604,2.1554492,4.615423,2.0620754,11.601345,1.0242243
OCM17,30.216629,0.20463656,25.300589,30.91834,35.16448,9.86389,268.0277,460.85114,147.48317,242.54865,506.36136,0.40079612,1123.4349,0.21813396,-90.35456,-0.99399996,1665.2045,0.2064826,822.8435,0.55596966,-96.6134,-0.8141061,2668.8865,0.13064507,647.2519,0.6063752,-96.61534,-0.8109607,-17.467556,-0.47598043,-6.39799,7.628028,1.9789062,26.08393,0.46716955
PES03,28.463392,0.21453007,24.819067,27.77301,32.12725,7.3081837,278.09003,478.4813,118.84536,188.09756,517.08826,0.4772707,1165.7832,0.19839738,-90.78716,-1.0540967,1586.1066,0.1973163,782.138,0.40754512,-95.01273,-0.9003597,2603.7732,0.12094883,670.04614,0.43898204,-95.862656,-0.881645,-15.143914,-0.53196144,-2.2675881,7.3990297,1.7072506,25.641472,0.47190112
ALS02,23.483618,0.20121618,20.238379,23.33966,26.53898,6.300602,203.48442,260.29178,111.57863,145.16469,490.36322,0.4520026,1122.6855,0.2031109,-55.465298,-1.510285,1590.408,0.20481439,735.737,0.47806537,-68.46958,-1.0890238,2620.7441,0.121321574,646.47125,0.47415328,-69.6997,-1.0569094,-19.162502,-0.38312808,-5.280867,4.5062823,2.2630079,28.972456,0.3670072
SPC03,37.788624,0.19028224,35.86871,38.610977,42.494858,6.626148,412.37515,654.3732,148.43396,207.58954,617.04675,0.40606505,1246.9438,0.24058226,-102.309105,-0.86717314,1715.7428,0.16925666,877.3381,0.4796102,-88.26931,-0.89495665,2692.5142,0.10462132,845.5458,0.5060166,-87.54323,-0.9027573,-14.407701,-0.6466577,-2.919175,9.811896,1.5874847,14.303953,0.94760895
BFC07,29.29135,0.20681982,26.149431,28.621231,31.400352,5.2509212,562.30286,832.06836,94.14321,130.36285,612.5187,0.48950762,1042.5663,0.3176751,-116.32959,-0.7794062,1635.6302,0.20249692,763.3216,0.42230585,-113.92676,-0.7666455,2641.1816,0.13952188,673.12555,0.36320844,-114.658615,-0.75180435,-9.521044,-0.96427464,0.15809181,5.340779,2.0416915,16.73268,0.6225122
NOR04,33.86092,0.23896992,28.96279,34.98573,40.572243,11.609453,246.88951,374.83304,133.79163,230.94542,594.3629,0.364235,1314.924,0.16305126,-30.097214,-1.9491498,1623.4401,0.18267763,1011.3291,0.3581423,-38.14644,-1.2809776,2691.5903,0.11950482,855.94305,0.47569486,-44.645126,-1.0463558,-15.724831,-0.40193355,-7.719324,8.353197,1.6428143,25.427624,0.41829243
OCM20,38.692142,0.14278619,36.07243,39.31594,42.45269,6.3802605,252.03564,463.91937,164.84447,359.78174,524.5681,0.33119002,1100.2415,0.20050351,-102.30251,-0.88798857,1738.0553,0.19341964,756.6451,0.6487867,-87.30282,-0.8803041,2821.1003,0.09563491,682.9247,0.8713198,-85.92401,-0.90231043,-14.9940405,-0.52237874,-7.143679,12.2316675,0.97658485,20.927893,0.5383939
PES07,39.80615,0.14679721,37.087204,39.95623,43.47332,6.386116,307.06583,556.5134,116.23037,241.40674,639.48047,0.39943287,1213.7645,0.25395668,-93.60153,-0.9523094,1721.9531,0.1852988,850.98883,0.51884735,-79.45604,-0.973221,2820.4502,0.10868504,737.46094,0.6527083,-81.319984,-0.929012,-13.341362,-0.7517652,-0.99969137,8.853698,1.4650297,18.607662,0.72808
LOR02,23.578356,0.19764455,19.617184,23.0976,27.66095,8.043766,202.78932,263.59726,85.660774,113.10921,527.04395,0.4238932,1228.5903,0.20962195,-80.57488,-1.1321411,1603.1201,0.19079475,958.22504,0.3969112,-91.791046,-0.8844162,2613.0027,0.12569717,863.244,0.43267572,-94.28917,-0.83931226,-22.95707,-0.37956828,-7.6847463,6.188498,1.6918361,34.823933,0.32155088
OCM10,33.316418,0.21344827,29.055828,33.707634,38.842495,9.786667,318.8168,504.34372,151.34792,228.65497,515.35974,0.37525558,1110.5006,0.20966685,-97.96305,-0.91168416,1773.2751,0.19369046,798.55304,0.6866144,-98.709404,-0.7802304,2737.7869,0.116488166,625.53577,0.7442319,-97.262215,-0.7999476,-16.635313,-0.52257544,-2.9232275,10.044112,1.3465718,23.09628,0.56425834
BRE12,35.673325,0.17614645,31.71983,36.431236,40.793327,9.073498,276.93387,399.32657,121.53962,243.66338,763.6379,0.42796633,991.3721,0.32796505,-94.0684,-0.9497811,1838.0833,0.18590114,730.3815,0.4227781,-84.00262,-1.0049776,2813.4375,0.12191933,725.3866,0.33071354,-83.69357,-1.0095284,-7.941241,-0.9711999,-1.9712766,7.080106,1.5907366,10.58505,1.0526899
UCA10,31.425215,0.21136379,26.64797,30.82607,35.929398,9.281427,306.11987,524.24304,131.99454,326.60635,553.5137,0.41263795,1277.2633,0.21913695,-69.59438,-1.2965677,1574.4047,0.20484969,968.3071,0.34119037,-74.483055,-1.0596284,2678.041,0.12660089,866.97064,0.4261648,-80.1119,-0.9337001,-17.807922,-0.6919809,-0.41491815,7.5726137,1.7422034,31.654285,0.56436723
SOU10,28.286993,0.15145676,25.147717,28.154457,31.876604,6.7288876,191.15605,271.34348,87.380486,172.48843,510.31512,0.43418327,1197.4686,0.17403166,-83.94586,-1.0581154,1576.3282,0.20077683,827.04736,0.40999255,-89.55592,-0.90389943,2610.9944,0.11545178,686.17163,0.44420478,-91.48551,-0.86742383,-18.16118,-0.35612917,-21.632204,7.8481817,1.1110544,24.666096,0.34855068
CFE05,32.797985,0.30442807,20.817337,36.013855,41.12111,20.303772,294.01392,384.1966,183.23232,309.30002,586.17267,0.35019657,1281.363,0.17492172,-70.94014,-1.1968669,1684.413,0.17094307,982.7627,0.4324832,-71.768814,-1.0125486,2777.0017,0.10020422,815.3703,0.59376633,-74.70799,-0.9474806,-18.88569,-0.375634,-11.167291,6.269577,2.850441,23.149437,0.67339075
HES05,27.58269,0.19035624,23.592115,27.785591,31.892162,8.300047,218.50551,335.38,144.91982,308.3762,645.0229,0.49378756,1067.3767,0.29523912,-98.43172,-0.9475748,1679.4484,0.21635075,747.838,0.3799791,-97.174774,-0.9097513,2694.6758,0.14062825,619.51874,0.37283614,-98.46844,-0.8856347,-9.903058,-0.57346624,-1.9490101,3.2606714,3.5243273,17.909185,0.59783286
CFE07,30.911297,0.29018557,20.808632,32.29771,38.97544,18.16681,339.78098,401.88135,168.81984,191.50621,615.2638,0.3386376,1278.3779,0.17310672,-67.11268,-1.217237,1733.1244,0.16006534,955.01776,0.4262372,-73.11566,-0.9728596,2778.7905,0.11316826,838.0261,0.50024176,-75.937035,-0.9139967,-19.9933,-0.33941546,-11.12397,8.271549,2.06088,25.43545,0.57636315
UPS01,30.181145,0.14938745,27.983406,30.740833,33.305836,5.3224297,316.97964,450.68832,106.18269,180.01198,566.14075,0.48039222,1165.7849,0.2166296,-59.12317,-1.3379271,1626.404,0.20748456,829.7425,0.39054096,-65.24625,-1.0763954,2620.4788,0.12204351,740.0514,0.398055,-66.70981,-1.0373937,-15.900155,-0.45060816,-3.5401707,9.641768,1.2533896,22.42484,0.42549208
BRE06,35.94462,0.17274478,32.900078,36.700184,40.536263,7.6361847,366.43384,563.7656,158.78087,270.39432,556.2487,0.43497694,1178.6981,0.21990685,-91.24118,-0.9714469,1639.3761,0.17214537,775.30237,0.48107192,-80.7868,-0.95914847,2680.19,0.09779755,746.3082,0.5926936,-81.94613,-0.9329663,-14.6518545,-0.52809715,-3.5784013,9.105591,1.4697732,18.252567,0.60175186
ALS11,35.496952,0.22026289,33.076324,36.81345,40.387455,7.3111305,369.2405,526.7185,169.8146,274.57053,551.08246,0.45473203,1193.616,0.20940827,-87.04301,-0.99867314,1638.3174,0.18370923,817.81433,0.41450545,-76.68085,-0.9476493,2663.6926,0.116627075,735.7697,0.4775186,-78.25802,-0.91371006,-17.682983,-0.48583823,-4.5289617,9.569356,1.667375,19.293558,0.69664884
CFE03,32.750744,0.26220772,23.405136,35.38511,39.34526,15.9401245,333.03125,443.0876,162.99182,214.4975,672.4777,0.30284065,1282.3708,0.16934712,-62.765667,-1.2104225,1778.9019,0.15520246,979.65436,0.38969544,-69.61286,-0.94218606,2867.5034,0.09367851,759.47864,0.46152604,-73.17088,-0.87018704,-23.100166,-0.2881014,-12.0117655,8.185827,1.9880794,27.631203,0.51043993
SOU07,34.890694,0.17050269,33.045544,35.251247,38.9544,5.9088554,314.03592,499.45905,192.4626,339.8414,522.729,0.34415522,1284.7155,0.17015019,-94.51382,-0.94516885,1623.7498,0.16190657,871.4621,0.5256323,-91.60188,-0.8684397,2691.165,0.08960587,825.6908,0.6023053,-93.66222,-0.8303123,-18.093878,-0.34472895,-21.948298,8.785105,1.4080403,21.42879,0.46176615
BFC02,28.696585,0.19700338,25.230244,28.451561,32.83339,7.6031456,332.34082,498.48184,155.6457,308.70563,551.393,0.49720392,1067.188,0.27656892,-85.44942,-1.0237628,1633.9004,0.18312812,689.18005,0.49590874,-87.78466,-0.9052782,2622.684,0.12755185,690.5241,0.42082202,-86.8811,-0.92103255,-13.482585,-0.604889,-0.89111924,11.347542,1.1912109,20.082684,0.558649
NOR08,30.801678,0.25658855,22.216965,32.797443,36.16286,13.945896,284.70087,399.4738,117.2354,137.23926,544.3423,0.3660546,1304.6714,0.16480683,-54.88435,-1.4306886,1556.0867,0.1789255,1016.0523,0.3194411,-60.970493,-1.1356392,2664.5527,0.11038411,842.1367,0.46691135,-67.10213,-0.98342675,-16.20942,-0.4612819,-5.736554,8.072905,1.7259153,27.982374,0.38159725
UCA01,30.774584,0.2264552,26.790655,29.78515,33.684246,6.893591,308.62103,544.92285,129.9156,202.66937,560.7437,0.43780068,1217.4165,0.23475608,-68.7379,-1.281713,1623.7705,0.20850888,900.5628,0.38634145,-75.386475,-1.0470585,2717.584,0.11538972,825.19666,0.47690102,-77.947426,-0.98266757,-15.762884,-0.85932124,-3.889383,5.572717,2.3270905,26.34763,0.6395792
ALS06,32.605537,0.14717743,30.644308,32.54548,35.67193,5.0276203,232.788,356.0682,133.84534,295.93628,481.184,0.39504123,1209.3545,0.20035067,-70.126495,-1.221897,1551.7268,0.17554756,827.99713,0.42448363,-75.335754,-0.97703063,2642.051,0.0878371,732.9999,0.56804967,-77.91027,-0.9221431,-17.672962,-0.4172325,-3.603072,8.563499,1.2970469,24.702436,0.42683974
GRE06,38.74032,0.2080068,34.482502,39.292263,44.746174,10.263672,238.12418,451.76877,194.55782,385.13562,670.8019,0.37418362,1240.3656,0.22870393,-104.589775,-0.88514084,1741.067,0.18159758,867.8191,0.5126813,-93.23344,-0.91034067,2797.6199,0.12015237,777.9007,0.60259616,-95.284584,-0.86869365,-11.757636,-0.6853607,-4.3804955,5.7372837,2.0099654,18.265047,0.64307374
SPC12,27.53797,0.15156142,25.602728,27.811274,30.46583,4.863102,273.58286,363.47556,85.99378,130.40993,541.45844,0.48571646,1127.1332,0.22912627,-71.215515,-1.1315227,1639.2981,0.18144794,715.82556,0.48197943,-77.947,-0.9361366,2604.9653,0.11141674,734.2105,0.35805142,-76.74662,-0.95775884,-16.526009,-0.45457706,-5.640863,10.0350895,1.3356819,20.955387,0.5286976
GRE15,36.357548,0.19304143,33.596455,36.765663,41.243683,7.6472282,298.09653,515.6697,158.3632,215.76633,605.7339,0.42502728,1109.2006,0.22245014,-113.75539,-0.7924695,1779.9789,0.21452916,685.2563,0.5888564,-104.74096,-0.7799227,2827.274,0.12405917,636.4381,0.6853888,-105.017426,-0.7722631,-14.078528,-0.63428205,-2.9288864,8.594267,1.6964853,20.123302,0.69465196
POF01,37.70238,0.14528899,34.224754,38.127377,41.95922,7.7344666,250.75233,464.63617,175.02562,394.8671,629.6624,0.40380704,1249.6127,0.2054221,-91.78189,-0.97025514,1717.1069,0.16833812,885.1975,0.5417292,-83.98033,-0.9304306,2777.5374,0.12524006,872.07324,0.5887513,-86.03695,-0.89050174,-16.341984,-0.51982933,-5.6084867,7.885151,1.8072138,19.216867,0.71334004
BRE10,36.701923,0.19042158,33.29333,37.2136,42.06444,8.771111,262.01602,416.21414,226.2588,437.13745,632.31,0.36190438,1271.1206,0.188823,-79.690125,-1.0969279,1688.37,0.17301214,981.7656,0.5224862,-78.2362,-0.9867769,2707.0417,0.11947658,811.7069,0.6246294,-81.120384,-0.9266708,-15.302557,-0.47957012,-5.6921363,8.010832,1.670019,21.436657,0.5442089
UPS12,35.389633,0.1879999,32.91015,36.374054,39.987106,7.0769577,278.21494,396.85162,149.47244,323.83212,581.3688,0.3884803,1269.4977,0.20187645,-89.64237,-1.0026926,1674.0388,0.16496317,877.74915,0.5071491,-84.69161,-0.92681915,2694.191,0.09969514,807.1736,0.5744391,-86.41665,-0.8910705,-16.717438,-0.44093278,-4.637388,9.297851,1.4853752,21.412863,0.5395353
GRE09,35.74592,0.22086616,33.174522,37.53729,41.22438,8.049858,275.46185,359.7213,167.47955,238.44608,619.8362,0.3731033,1180.7753,0.20588736,-93.41286,-0.96668136,1730.6819,0.18752351,838.8517,0.5153383,-88.323715,-0.914392,2837.7952,0.11401521,719.522,0.6245944,-90.328735,-0.8747949,-13.886001,-0.52608556,-4.613535,4.797206,3.3115132,20.202692,0.56972677
SOU09,35.36954,0.19331461,32.67348,36.338333,40.299355,7.6258736,312.76382,499.73636,210.07777,412.13998,571.4349,0.3494825,1299.7244,0.16217649,-110.54359,-0.80105805,1643.099,0.14232962,972.5179,0.33916134,-105.95869,-0.7484543,2709.2068,0.09867326,890.5511,0.38895145,-109.83489,-0.6905281,-23.2219,-0.308789,-19.469471,10.716752,1.0731404,27.266302,0.42059216
UPS04,27.54112,0.17824186,25.492456,28.127897,30.822094,5.3296375,254.16716,349.1868,146.81044,357.8064,490.77643,0.4450899,1135.2782,0.19783328,-80.15186,-1.1105118,1598.2803,0.2033584,745.47815,0.49157885,-87.71459,-0.9096585,2629.641,0.12094245,653.3561,0.52469283,-88.8584,-0.88549876,-17.451027,-0.436257,-5.7331505,9.200239,1.5073973,26.091055,0.411723
LRE11,29.660942,0.22419147,24.919949,29.39001,35.573074,10.653126,225.0717,280.40863,145.52834,217.39313,644.64703,0.49036536,1084.9724,0.26624763,-58.802708,-1.3501513,1701.7151,0.21951018,738.22546,0.37522167,-57.010624,-1.2619793,2729.8704,0.12025377,659.13306,0.3323641,-58.557255,-1.213023,-9.73071,-0.5685154,-6.601966,6.5936046,2.1001496,15.870242,0.66404986
BOD06,33.815773,0.171248,31.982468,34.613686,37.799625,5.8171577,322.661,544.3192,140.13223,258.96698,493.83176,0.45647982,1136.7019,0.2103167,-89.17493,-1.0149783,1594.7195,0.18850045,724.4488,0.50079495,-81.65566,-0.95715934,2591.3718,0.110088885,662.6936,0.47611246,-82.355415,-0.94031566,-14.039879,-0.46527588,-6.312788,7.6789503,1.68663,19.217535,0.5709873
SEN02,21.390858,0.20294549,18.383745,21.43064,24.48392,6.100174,194.03072,211.81654,149.7595,171.84538,458.5011,0.22180504,1205.4067,0.14013352,-89.218124,-1.0074426,1477.6812,0.083270684,1024.5167,0.18100168,-96.16456,-0.87215734,2493.121,0.05971147,901.78455,0.30227116,-98.659325,-0.8297353,-11.426994,-0.14128311,-10.979225,-1.1633595,-12.631581,12.252283,0.79667294
OCM12,29.514576,0.22758636,26.29634,28.348282,31.122662,4.8263206,544.71625,1000.5408,193.5752,308.01395,713.53937,0.48160008,1029.9747,0.31890535,-112.59122,-0.8012353,1842.4424,0.18552256,713.6202,0.5857599,-111.36781,-0.77203035,2787.4749,0.12854281,660.8317,0.5516207,-108.86216,-0.80359286,-10.228852,-0.91143644,-4.031393,8.9965105,1.2119797,18.885897,0.612539
BOD15,26.66333,0.19122088,23.010933,26.179604,30.424368,7.413435,200.3191,312.20804,114.2417,205.19955,498.21652,0.46676618,1113.5869,0.2017532,-62.513943,-1.3792509,1592.6129,0.20871377,719.24005,0.45597553,-70.96256,-1.0888509,2627.5994,0.113339946,568.18506,0.474855,-71.99609,-1.059321,-13.955465,-0.50624037,-5.5912848,4.528209,2.2158918,23.1816,0.4097319
GRE05,38.533684,0.15415986,36.8189,38.845203,42.03283,5.213928,321.6272,511.20474,137.40417,285.70618,558.43555,0.45115355,1087.1531,0.24484621,-119.09281,-0.7589401,1692.3763,0.1782143,710.2997,0.6302547,-89.109535,-0.9459058,2786.485,0.100454815,699.0893,0.79556936,-88.06001,-0.96400714,-8.666658,-0.77985436,-6.612239,6.479061,1.8058397,14.149556,0.6577145
SPC11,36.829544,0.19101079,34.55318,37.385925,41.658905,7.1057243,247.51102,434.2468,167.74411,321.32288,589.08734,0.4467861,1178.5369,0.23729402,-94.811745,-0.9343066,1679.0647,0.19779052,783.10004,0.50144887,-81.824814,-0.95138854,2705.099,0.100119375,759.03076,0.46912962,-81.05446,-0.962937,-14.682605,-0.5745844,-6.1935973,10.327541,1.516289,13.861401,1.0070211
LRE08,28.62031,0.2174405,23.895126,28.835358,33.92076,10.025635,252.66998,496.87827,129.47995,196.85832,579.0942,0.48213845,1132.0813,0.23161398,-64.331474,-1.2861803,1622.6306,0.19727355,792.99713,0.41410875,-63.703384,-1.1907517,2635.6482,0.11692291,734.7918,0.33947963,-64.812744,-1.1576868,-9.080774,-0.74245125,-4.705477,4.04369,3.8064866,13.538307,0.82955724
LDV01,35.938004,0.14768958,32.6902,35.524574,40.062172,7.371971,198.06728,380.2144,123.68462,237.41408,586.8278,0.37761265,1257.3595,0.19190499,-94.90122,-0.9644375,1618.0852,0.17251708,875.55817,0.3953976,-90.12532,-0.91644424,2684.1545,0.09979668,787.6793,0.49522632,-94.22501,-0.8400471,-14.533634,-0.5495803,-2.533466,8.658272,1.1293987,24.133984,0.40281284
LRE02,35.145317,0.24184044,28.181519,36.76712,42.02724,13.845722,258.2742,359.27106,159.10759,218.47571,635.46954,0.43566748,1261.1431,0.21518846,-58.04689,-1.4098716,1663.741,0.17038345,952.799,0.40984035,-53.827564,-1.29375,2684.9785,0.11220814,881.8859,0.5252,-56.79995,-1.1958997,-11.046328,-0.48272175,-4.9215684,7.077465,1.865844,17.749105,0.59425235
BRE04,39.4604,0.11847751,36.788967,39.86007,42.92482,6.135853,156.8897,263.3596,96.34834,211.01517,609.56165,0.4108642,1285.0243,0.22031242,-96.14892,-0.94175225,1678.5144,0.16063604,917.50653,0.50130534,-78.14764,-1.0162612,2676.9512,0.108695164,907.07733,0.5714664,-79.74704,-0.97959083,-13.050031,-0.54288286,-4.568421,12.574793,0.73150563,18.90699,0.5143664
GRE02,27.438488,0.22085042,24.134119,27.034988,31.000233,6.8661137,242.03006,402.90625,136.02919,211.28317,515.65594,0.4422249,1129.8857,0.20551634,-68.70688,-1.222818,1620.9261,0.21293518,717.43304,0.5145363,-78.46474,-0.95033693,2662.897,0.11893794,596.1629,0.56633836,-78.544914,-0.94176054,-16.908289,-0.4705556,-4.169161,6.110681,2.064505,23.920614,0.4379359
NOR07,33.7024,0.1903173,30.456287,35.18719,38.309772,7.853485,189.3953,265.31137,112.25131,170.89095,598.19556,0.3770251,1345.4277,0.17441505,-52.577415,-1.5231174,1601.8423,0.17152216,1003.6793,0.34340605,-51.33801,-1.3691238,2610.7192,0.11878314,910.39954,0.41715413,-56.55072,-1.1956692,-11.897043,-0.5113174,-3.5003872,4.694108,2.405213,20.578424,0.48250458
PES11,28.967573,0.23190331,24.419962,28.212042,33.070053,8.650091,309.35855,551.251,156.30092,340.963,559.2628,0.46584,1141.716,0.20708825,-79.87093,-1.1512471,1612.8885,0.19793929,786.3352,0.42325538,-82.52607,-1.0042329,2668.72,0.1123694,655.1243,0.46795863,-83.637436,-0.97425,-14.284973,-0.6289427,-2.0570228,7.692816,1.4672488,24.458897,0.44260257
OCM04,28.913376,0.26133814,24.257547,28.073957,33.067287,8.80974,340.6224,601.92395,232.70755,407.80374,512.4675,0.45812303,1077.1932,0.24192764,-101.1474,-0.9211849,1663.7684,0.18759751,730.90405,0.64810103,-106.0672,-0.7825271,2640.1704,0.11426579,595.4145,0.57926494,-103.91594,-0.8094563,-13.8525,-0.72749764,-4.35063,6.4204345,2.5051212,22.427404,0.68737465
UPS14,32.852375,0.19818576,30.020685,33.259354,37.515823,7.495138,273.28894,375.32968,179.02216,294.44348,543.08167,0.4289027,1182.298,0.20585634,-103.61487,-0.87892306,1663.9998,0.1748224,774.49255,0.5337833,-102.12612,-0.79948103,2710.5842,0.100568734,765.148,0.5887058,-102.681145,-0.7896539,-16.770811,-0.4478981,-7.797065,7.818123,1.5067337,21.050495,0.4768664
ALS08,36.013824,0.18760426,33.511818,37.358135,40.347176,6.8353577,308.65262,471.54056,142.0049,220.11014,563.14105,0.4204908,1236.9192,0.20719469,-77.66914,-1.1063672,1634.4393,0.18410471,849.45715,0.39360172,-69.43943,-1.038935,2665.5857,0.11074303,864.6032,0.46190926,-72.380486,-0.971007,-16.963757,-0.4958989,-4.4239087,9.44032,1.4865452,21.451506,0.6476357
BFC03,38.976486,0.15377541,35.723732,39.16424,43.260174,7.536442,171.01874,212.65672,160.83821,311.61383,670.38525,0.4200849,1227.5073,0.24735719,-124.914406,-0.70285445,1704.1204,0.16186753,899.21265,0.4459661,-107.25395,-0.794919,2706.6895,0.11922125,893.6035,0.5189837,-108.94879,-0.76642877,-12.686073,-0.67933655,-2.1206565,11.310277,1.0570341,16.278063,0.7042836
BOD05,30.572819,0.18843988,27.124119,31.11652,34.443535,7.319416,286.99542,486.86737,127.02807,187.46358,538.02765,0.505984,1105.0922,0.23870435,-70.485756,-1.1850349,1616.3734,0.2120661,744.18256,0.45985124,-73.60912,-1.0001236,2629.6855,0.11455714,638.6267,0.4580797,-73.93806,-0.98654187,-14.799537,-0.5467231,-4.6202693,10.401989,1.2142146,21.74968,0.49415424
BFC05,31.989946,0.14646275,28.89057,31.669437,34.511906,5.621336,284.21948,634.79706,95.63958,213.92886,574.9149,0.4976765,1105.0598,0.29449627,-88.30267,-1.0041176,1611.0768,0.19736359,779.4989,0.41277254,-84.377815,-0.9757,2626.8367,0.1214237,727.3592,0.34937358,-84.43134,-0.9707228,-9.918398,-0.7648577,-0.44562453,3.8316343,2.2326453,13.079873,0.6907524
BOD02,40.29429,0.15934524,36.333984,41.01843,45.304382,8.970398,155.79573,299.77173,150.35506,313.504,589.76373,0.47237164,1125.1783,0.24435806,-103.96474,-0.89544326,1665.393,0.19225709,786.1111,0.51256436,-79.18484,-1.0465984,2728.967,0.103427686,766.01624,0.614478,-80.8009,-1.0084703,-9.6058655,-0.76912373,-4.771169,6.872319,1.4907036,15.888627,0.68926555
SPC06,37.225918,0.14924756,34.267254,37.361702,41.02433,6.7570763,224.004,388.54333,100.46786,163.88591,536.6332,0.48363385,1121.2479,0.24814487,-109.62089,-0.8165283,1631.0573,0.18849435,697.097,0.53521425,-87.88416,-0.9179103,2656.8723,0.09868939,724.67145,0.54787356,-86.40754,-0.94267935,-11.813129,-0.6887363,-6.49223,10.464708,1.1081938,13.104157,0.8624892
LDV09,26.142338,0.17892864,22.935244,25.759262,29.582563,6.64732,233.13828,324.35675,123.33273,270.6271,520.09906,0.35305807,1320.7253,0.16244134,-69.60842,-1.2226291,1562.3368,0.19020596,1078.3794,0.35048223,-80.46666,-0.9458371,2580.2693,0.13679276,862.8415,0.41735327,-83.27437,-0.8910215,-21.68685,-0.37750494,-8.512522,3.7250586,2.71685,28.6273,0.3975598
PES02,25.729311,0.17844361,22.945766,25.396494,28.6103,5.6645336,190.43864,259.6553,168.5002,324.65805,467.8612,0.39525995,1166.6566,0.18647638,-81.27847,-1.1804634,1535.3318,0.1773804,853.28656,0.4222258,-92.45722,-0.916506,2597.7258,0.100040175,744.34753,0.5351291,-94.79792,-0.8726864,-18.945946,-0.41544157,-3.9164166,4.3325057,3.144678,30.689,0.43501145
ALS07,37.369976,0.15340772,34.125916,37.511112,41.559814,7.433899,246.65074,469.3788,132.20819,220.80624,669.8791,0.33851525,1275.2568,0.19047208,-72.90557,-1.1360381,1733.4366,0.16791354,939.2955,0.4472708,-73.49104,-0.97425073,2858.0642,0.10278094,704.765,0.5996435,-76.86652,-0.9021268,-17.698599,-0.47593674,-4.726237,8.733079,1.2782984,23.549376,0.45006174
ALS10,36.485943,0.16495144,35.305187,37.504963,40.072815,4.7676277,332.81805,540.4485,150.06314,280.55923,519.9481,0.4961334,1130.2491,0.2054591,-92.21065,-0.96022886,1588.3646,0.20158255,734.1394,0.41194072,-68.651344,-1.0524366,2621.7927,0.1196285,654.3763,0.4647499,-70.24839,-1.0126265,-15.307547,-0.4861467,-4.816318,9.707778,1.301309,18.385487,0.6211414
CFE09,33.84401,0.20520885,32.3311,35.462048,38.667442,6.336342,247.54684,389.2746,136.18036,215.31299,597.18726,0.33015877,1263.1118,0.1693292,-56.793674,-1.3638321,1689.0864,0.15044133,903.05725,0.45129478,-61.684757,-1.076096,2779.4197,0.1034296,782.5106,0.547808,-65.87632,-0.97367996,-18.059767,-0.3590945,-11.1543865,8.652033,1.7068583,25.168472,0.48478052
BOD01,34.710033,0.14785151,31.194132,35.70465,38.67785,7.483717,279.03757,444.85513,104.81842,124.78541,535.8361,0.51670605,1057.5159,0.23073195,-79.399536,-1.1087056,1634.5055,0.22263311,658.5155,0.5045134,-68.86368,-1.0688322,2698.943,0.11255656,501.42075,0.6578319,-69.18921,-1.0565889,-13.005535,-0.54119074,-8.752211,10.00341,1.2277845,18.437874,0.5966155
UCA04,38.889977,0.18406245,34.121758,37.89805,43.464844,9.343086,254.58379,447.6406,201.77444,372.61185,683.27246,0.42607495,1150.9872,0.2772589,-76.069336,-1.1540684,1728.7113,0.18275213,892.8684,0.45941702,-67.42604,-1.1446971,2745.1157,0.11990396,878.1708,0.516415,-69.49539,-1.0839403,-8.721146,-1.3117352,0.9352863,7.070299,1.7085449,15.382829,0.9306684
PES01,39.16576,0.17050406,34.89321,38.294804,43.833946,8.940735,255.28171,499.53888,183.19977,393.93292,592.8986,0.43277776,1171.7268,0.22000232,-111.02134,-0.83451927,1670.381,0.20437095,892.3492,0.40618512,-93.976585,-0.9023592,2704.2886,0.1312856,784.649,0.5438648,-95.52027,-0.86676496,-11.237922,-0.91403204,-1.7276611,5.0566154,2.2261903,18.092812,0.6896022
BOD08,39.452568,0.18195078,35.61731,40.27972,44.50753,8.890221,223.76254,427.24802,116.826836,197.00227,593.21924,0.46754107,1115.0443,0.23971812,-85.78638,-1.0383773,1725.9445,0.18458648,761.2585,0.5710254,-69.844986,-1.0643531,2747.0522,0.10620339,774.84393,0.64466864,-69.96293,-1.055424,-12.543699,-0.6369562,-5.2927613,8.023609,1.5700175,15.151916,0.8869352
BRE07,39.48886,0.14234017,36.762302,40.47086,43.321415,6.5591125,259.57538,460.99118,123.23153,187.31241,698.2478,0.30867964,1252.9054,0.20492558,-84.12895,-1.0441717,1730.3746,0.15563878,884.2196,0.41765875,-81.4059,-0.9551508,2866.0884,0.08798562,707.47363,0.568261,-85.72636,-0.86996233,-16.90775,-0.50902563,-5.2447863,9.067329,1.2460133,22.71728,0.49310634
LOR09,36.239452,0.17182536,35.661133,37.560764,39.580402,3.9192696,253.87514,381.29282,164.13692,382.8521,539.38715,0.49741033,1115.5791,0.2437599,-87.09139,-1.0550219,1663.6752,0.18751585,745.206,0.5573661,-69.68131,-1.0827229,2711.533,0.09732764,733.4788,0.62953836,-69.95227,-1.0740789,-13.572255,-0.5607893,-3.6127422,10.7971945,1.5416895,18.345676,0.83305186
HES08,29.57905,0.18471229,24.858772,28.924698,34.42432,9.565548,254.40858,475.33105,143.66762,283.2952,625.4572,0.4726276,1095.151,0.23117703,-102.11221,-0.9247709,1671.5587,0.19825797,757.5369,0.39732555,-96.704025,-0.92913187,2682.863,0.1258963,712.32227,0.352255,-97.7374,-0.90807337,-7.5215054,-0.8170151,-0.72993773,4.8121424,2.0508509,16.102953,0.52688414
UCA07,38.72765,0.1331186,34.986492,38.232018,42.57593,7.5894394,208.04063,365.80417,128.87715,274.66626,691.112,0.35197842,1220.696,0.22662298,-107.73106,-0.844446,1732.0134,0.17159072,905.9715,0.43428573,-98.7409,-0.85462517,2784.8235,0.12152973,776.91455,0.48654085,-101.01244,-0.8125277,-12.659426,-0.686898,-0.6404958,6.781741,1.3565693,18.679623,0.5584435
HES06,34.85214,0.19691204,31.765724,35.27655,39.871647,8.105923,278.02457,331.5895,180.63333,373.657,611.6121,0.4365081,1192.6289,0.22133563,-116.24353,-0.77392346,1686.7728,0.17298646,854.58075,0.4575426,-108.6508,-0.7726909,2711.2532,0.116235726,889.2265,0.4902096,-109.94229,-0.7506433,-12.689626,-0.63308,-1.2923188,5.051308,2.8766196,17.017353,0.8606717
LRE03,30.385975,0.18727808,27.437204,30.912575,34.385628,6.9484234,186.90286,283.88687,129.2988,187.02979,745.0211,0.4272658,999.2782,0.32300138,-58.94464,-1.3617259,1815.5486,0.19828078,728.30835,0.37382093,-56.103676,-1.32818,2814.4043,0.11835707,695.08044,0.2984134,-56.431618,-1.3169924,-6.931023,-0.83113354,-4.9194202,4.1181393,3.1795213,12.220288,0.71539336
UCA11,33.813847,0.26880148,27.375969,32.16712,38.2345,10.858532,582.11865,985.4461,215.1118,373.43808,627.6401,0.4993206,1170.5035,0.26850381,-75.59016,-1.1842719,1670.4766,0.22227584,918.6482,0.35773975,-73.01919,-1.0996096,2711.997,0.13291344,829.78644,0.39397702,-75.36559,-1.0334609,-10.947955,-1.4288766,-0.19558723,6.071804,2.0311666,21.997293,0.8580165
BOD14,29.03871,0.17114049,25.38165,29.326302,33.29311,7.911459,252.28505,407.3148,101.62795,164.36227,563.502,0.47013363,1167.1624,0.20049562,-71.01617,-1.2142116,1625.1847,0.21034645,796.9691,0.41174582,-73.89123,-1.0546186,2631.6348,0.124849446,702.9838,0.41724485,-75.53616,-1.0152295,-13.776704,-0.47778618,-4.965736,6.751476,1.6007928,22.365196,0.4068188
HES04,32.330982,0.13124886,29.850632,31.96725,35.25161,5.400978,163.324,296.11237,127.49669,282.62875,629.3158,0.46102822,1145.7218,0.20449218,-80.47557,-1.1199751,1644.7678,0.21220641,826.214,0.28635833,-73.75473,-1.1304911,2654.7524,0.1275341,734.4978,0.325758,-76.062035,-1.074856,-8.07655,-0.7083002,0.11440103,1.6014763,6.310851,13.751757,0.66605467
SOU03,29.805593,0.16782983,26.875158,30.366573,33.638504,6.7633457,164.87706,299.3447,98.84062,136.65952,512.03735,0.44340333,1212.4722,0.18479155,-100.44908,-0.916396,1551.2726,0.1969377,880.44934,0.39166623,-104.3544,-0.79935855,2656.2244,0.107269034,753.77185,0.49455416,-107.49701,-0.7484658,-20.844366,-0.31988147,-23.111225,8.958782,1.1543267,27.976915,0.36018604
BOD16,27.062078,0.1792617,23.484978,27.4595,30.849056,7.3640785,202.59317,330.54105,144.37473,344.5023,635.706,0.47771937,1107.935,0.23735347,-83.648186,-1.0910747,1721.6486,0.194779,746.38885,0.4184348,-86.18943,-0.98325986,2713.5527,0.11772344,688.1213,0.36892042,-85.96913,-0.98685336,-10.778098,-0.57404774,-7.912559,3.603038,2.8070905,18.506922,0.48700237
GRE13,26.845112,0.28743243,22.517208,25.526308,29.298977,6.781769,318.18292,616.7115,180.51207,438.61792,800.2412,0.3873719,1025.072,0.31810576,-88.5076,-1.0127918,1860.6069,0.18422827,756.77423,0.43494537,-88.85741,-0.9619152,2890.207,0.121345915,650.88025,0.44257626,-88.17988,-0.9635419,-8.756815,-0.98565537,0.5587036,3.9487739,2.4120836,16.947142,0.6318308
LYO07,36.582947,0.18267839,33.18837,36.0952,40.69938,7.511009,361.119,570.0009,180.22812,335.44473,673.9901,0.4177853,1164.66,0.25970736,-113.41417,-0.7848878,1733.6799,0.19204482,807.02496,0.5461292,-102.87171,-0.81986743,2828.4958,0.12032028,735.44495,0.6976607,-103.87671,-0.79799205,-11.035111,-0.90345323,-0.66774374,5.725647,2.034201,15.074794,0.8676182
LRE04,37.023888,0.18495475,33.223022,37.71111,41.925545,8.702522,216.44913,383.71945,118.58657,145.52113,684.3742,0.42820984,1230.6458,0.23132953,-59.192657,-1.4144789,1691.6772,0.18292946,936.4983,0.37969992,-49.725693,-1.4380515,2695.5322,0.1197229,851.5982,0.43451604,-53.4766,-1.294479,-7.9252195,-0.76603496,-2.856449,4.7348423,2.546301,15.486826,0.70460826
BRE13,29.71419,0.20587766,25.755665,29.44283,33.889053,8.1333885,316.8078,529.51495,156.37308,355.88516,522.3921,0.45367572,1145.1508,0.22779013,-76.96514,-1.1039838,1613.3175,0.20006548,778.6138,0.5015971,-82.07827,-0.9269794,2626.016,0.1071542,698.9774,0.47328502,-82.2603,-0.9192403,-16.390238,-0.57461965,-4.713674,5.2242675,2.1237552,21.012552,0.55677164
CVL03,36.17477,0.15511775,33.55739,36.955814,39.862473,6.305084,231.47588,383.63275,138.995,254.15993,564.22577,0.40204236,1256.522,0.1990162,-97.62519,-0.9699424,1615.3427,0.188566,938.1542,0.40137362,-87.060814,-0.9722525,2672.5393,0.10925229,795.1281,0.533639,-89.88407,-0.91592216,-13.654983,-0.53217995,-3.2585502,7.055166,1.5112174,22.66267,0.4402417
UCA09,33.658848,0.16440283,30.18232,32.845825,37.141914,6.9595947,286.03482,538.4856,105.11101,150.5902,586.114,0.44215292,1252.6774,0.2517273,-76.42054,-1.1765739,1611.1609,0.19172761,944.26575,0.3827569,-75.90879,-1.0652575,2627.5999,0.119459234,885.3324,0.4322534,-79.684975,-0.9778148,-12.085529,-0.83208877,-0.5442963,7.8097897,1.4108151,22.482674,0.59576404
POF04,26.200903,0.16558892,23.03901,26.28274,29.446209,6.4072,274.39825,424.26987,95.48192,200.40628,483.3962,0.40211636,1228.9373,0.19285227,-78.28455,-1.212368,1509.5382,0.17340443,873.29504,0.39128348,-86.82584,-0.989489,2568.669,0.11223411,859.5359,0.4797627,-91.524025,-0.8970914,-17.601736,-0.44872457,-5.670337,5.2811537,2.054461,31.092726,0.38981467
BRE01,30.47746,0.23257203,25.197144,31.549133,36.305298,11.108154,331.21417,453.6097,155.94392,234.56717,523.2837,0.41772988,1196.6315,0.20560761,-91.362366,-0.9830785,1606.917,0.18022622,805.782,0.4780356,-92.51888,-0.8717784,2652.5664,0.094431564,761.6112,0.49415094,-93.35229,-0.855331,-16.88987,-0.46654755,-7.2375407,7.780859,1.8716621,21.093456,0.59991
NOR06,29.956621,0.26642823,17.992418,32.28907,35.9745,17.98208,219.65039,300.6284,132.98024,166.9037,621.08966,0.3557865,1301.4006,0.16476898,-40.96558,-1.6418444,1681.4382,0.17481464,971.20996,0.41680437,-48.398247,-1.2325966,2707.9834,0.11754176,793.3761,0.4994722,-51.09503,-1.145231,-14.231651,-0.395298,-6.6639442,9.283787,1.6200161,22.409088,0.46185568
UCA02,37.481716,0.19439496,33.842655,37.760788,41.168907,7.326252,363.8563,566.9127,146.51463,195.07303,640.2753,0.36204326,1172.8442,0.24076706,-76.439926,-1.134774,1772.9917,0.19758804,879.4109,0.51379853,-73.995514,-0.9992963,2847.7314,0.10898226,750.8334,0.59411085,-73.51008,-0.9970002,-14.480125,-0.9757581,0.23304689,11.05266,1.2970321,21.694738,0.8140648
UCA03,39.58576,0.1777615,34.966824,38.59542,44.00731,9.040485,370.00778,646.931,147.133,285.6633,679.7956,0.42162454,1180.11,0.29056466,-78.015564,-1.1361991,1736.8722,0.19152932,907.3746,0.5028021,-69.12379,-1.1284763,2748.5881,0.13205224,846.2792,0.5400979,-70.800095,-1.0783896,-8.960175,-1.4330087,3.0280213,7.659293,1.5735364,15.166599,1.0149999
OCM01,38.525322,0.1311196,36.034298,39.132042,41.628746,5.594448,224.52104,405.0546,139.6203,451.62927,558.6361,0.34690574,1147.69,0.19855836,-106.357994,-0.8534626,1772.3213,0.1826756,783.72296,0.6316472,-92.65012,-0.853671,2786.5369,0.11204555,680.2886,0.68106925,-92.53309,-0.85078883,-16.139488,-0.5217267,-4.031787,13.739093,0.7456767,23.119345,0.46883488
BFC08,27.386042,0.18536563,25.043589,27.282303,30.010286,4.9666977,352.22537,487.8483,145.51874,352.0565,618.1092,0.475447,1063.5962,0.29559878,-80.39592,-1.0718782,1678.0887,0.18797797,735.5835,0.4063461,-83.29685,-0.96041137,2647.3972,0.12840617,748.7535,0.32764348,-82.975525,-0.96225977,-11.515724,-0.64705557,0.6427693,8.504188,1.7105753,18.893408,0.5312621
GRE14,28.226534,0.2364967,24.464827,27.62804,31.3842,6.9193726,287.41446,635.37744,154.361,256.22235,641.6275,0.4616877,1072.6531,0.23685111,-94.64104,-0.9764395,1734.1906,0.2151555,673.6345,0.47372246,-96.093895,-0.8903974,2781.7373,0.13982219,590.72943,0.49147424,-96.1416,-0.8833269,-10.689769,-0.74236906,-1.2255707,5.85865,1.9268534,19.902874,0.4995835
PES09,27.948324,0.18162155,24.448767,27.175308,31.627357,7.178591,249.89085,477.13498,143.4538,300.13412,514.4682,0.4709118,1141.3892,0.20490524,-86.23112,-1.0911005,1571.5507,0.20971021,765.9478,0.40182966,-91.33914,-0.9283553,2619.9326,0.12481138,652.1667,0.43667725,-93.59704,-0.8840529,-14.436398,-0.5241243,-0.527203,5.686674,1.3925728,26.470585,0.32832468
SPC01,35.231632,0.16359296,31.66831,36.00763,39.5568,7.8884907,273.7265,394.37738,103.618744,149.07037,581.27985,0.44953158,1251.3804,0.24066894,-101.20528,-0.8765128,1672.9697,0.1973925,871.9543,0.5284877,-92.76022,-0.85744387,2724.7502,0.10608273,839.6097,0.6193143,-93.454445,-0.8429555,-17.095598,-0.49095997,-8.5726795,11.604323,1.0764107,19.448523,0.66111803
