ID,loudness_sma3_amean,loudness_sma3_stddevNorm,loudness_sma3_percentile20.0,loudness_sma3_percentile50.0,loudness_sma3_percentile80.0,loudness_sma3_pctlrange0-2,loudness_sma3_meanRisingSlope,loudness_sma3_stddevRisingSlope,loudness_sma3_meanFallingSlope,loudness_sma3_stddevFallingSlope,equivalentSoundLevel_dBp,loudnessPeaksPerSec,VoicedSegmentsPerSec,MeanVoicedSegmentLengthSec,StddevVoicedSegmentLengthSec,MeanUnvoicedSegmentLength,StddevUnvoicedSegmentLength
SOU01,0.43030456,0.77008206,0.11649569,0.3518598,0.68650234,0.57000667,8.079743,5.074975,7.599039,4.5205884,-29.511763,3.7954545,2.5518613,0.22336303,0.19143248,0.16080096,0.25693026
PES05,1.0067245,0.84673154,0.21922886,0.8219254,1.6552979,1.436069,19.724718,11.340756,16.311245,11.151652,-20.254263,3.200178,2.2953372,0.24021791,0.21311304,0.1881462,0.24362902
SPC02,0.7215841,0.7695534,0.17325833,0.6341209,1.1583052,0.98504686,14.010694,8.982575,12.524774,7.7667093,-27.628237,3.5798817,2.515686,0.23865883,0.19134532,0.14791878,0.21853624
BOD03,0.9280326,0.9011845,0.12654018,0.7163755,1.7087278,1.5821877,20.989326,11.887363,15.854536,9.772818,-22.031506,3.2657213,2.373686,0.2707619,0.26043254,0.14156498,0.1607673
BRE11,0.5970176,0.8573363,0.11142555,0.5074517,1.0001686,0.88874304,13.240894,8.39711,10.8389435,6.851847,-28.957777,3.2750454,2.1820521,0.25967827,0.21540883,0.18876436,0.35078225
LRE10,0.7972668,0.86067486,0.23975132,0.595676,1.2083454,0.9685941,18.145681,12.569247,16.693346,15.64844,-29.422691,2.2456846,2.1068513,0.36376658,0.5068028,0.10525477,0.12388649
GRE11,0.73250407,0.8631845,0.15625963,0.5979775,1.1883507,1.032091,16.303417,9.848078,13.345825,9.826394,-27.897474,2.988889,2.8565078,0.20437744,0.1808414,0.14492027,0.22769679
LYO06,0.88895833,0.8444029,0.1569139,0.7799242,1.4705632,1.3136493,18.366505,12.120009,14.452903,9.597724,-25.9766,3.45,2.5006948,0.23775554,0.2546529,0.15648514,0.21304266
OCM06,0.5183071,0.81249595,0.10589908,0.46242642,0.84576154,0.73986244,10.492369,6.3017373,8.691998,6.4982963,-28.2456,2.9778202,2.738348,0.20663264,0.17192638,0.1486062,0.24940193
LDV08,0.7855204,0.7621242,0.25128558,0.6473587,1.2263235,0.97503793,16.440302,11.560854,12.684179,8.710224,-25.432386,3.408242,3.087804,0.20150839,0.20317358,0.11398734,0.13476789
SOU06,0.48630166,0.79128826,0.13777392,0.3700401,0.8003338,0.66255987,10.09183,5.8928204,8.950984,5.2782655,-29.059185,4.039332,2.6824634,0.23456249,0.19486171,0.12480088,0.1573445
LOR06,0.8230537,0.8703794,0.1903839,0.6683813,1.3369957,1.1466118,15.675096,10.510928,13.125132,9.795916,-21.442045,2.7111394,1.8796993,0.3788,0.42834154,0.15794007,0.23654
NOR10,2.4291067,0.6784391,0.7817595,2.1277122,4.003,3.2212403,34.584885,21.312284,28.608372,23.22171,-14.278301,2.5799246,2.777482,0.24358238,0.2964485,0.11137078,0.13097091
UPS10,1.003457,0.8065136,0.23666093,0.8536558,1.6428105,1.4061495,19.477423,11.352526,16.867079,10.637746,-22.704542,3.7682152,2.2605627,0.2938539,0.25852314,0.14738235,0.26527095
HES03,0.51785016,0.9821064,0.12226907,0.36550736,0.811543,0.6892739,12.583506,10.4782715,9.640672,10.900126,-33.367916,1.2840909,2.6712134,0.15829787,0.18051605,0.21354312,0.32834187
LOR01,0.8357983,0.7442187,0.2525973,0.72851205,1.3259952,1.0733979,15.98769,9.598032,13.865821,8.83546,-22.955349,3.8426967,2.0174208,0.3800557,0.3979711,0.11842293,0.18234536
BOD13,0.88636583,0.8642468,0.14192419,0.7137818,1.5707194,1.4287952,19.584492,12.239935,14.2316475,8.884273,-23.064276,3.5627027,2.4042287,0.27224585,0.261399,0.13819893,0.1848604
NOR09,1.7534645,0.6836947,0.5654692,1.5697153,2.8106215,2.2451522,27.617271,16.26207,22.472128,14.449349,-15.507838,3.6,2.1284873,0.38801566,0.47745383,0.071614906,0.059290837
OCM03,0.53516954,0.67982936,0.17340493,0.49542034,0.8414569,0.66805196,8.719594,4.945589,7.0464926,4.7032404,-29.631708,3.6571429,2.446833,0.25287384,0.28588587,0.15264705,0.20669326
PES10,1.1361767,0.8142336,0.3057248,0.8915119,1.8271639,1.5214391,23.085688,15.53504,19.9934,14.482273,-19.946358,3.8057673,3.062302,0.17061706,0.15066811,0.14897795,0.18604627
CFE04,1.6229337,0.53578633,0.69364417,1.6437478,2.3654296,1.6717855,23.178051,14.072416,16.48809,9.255162,-13.984098,4.302198,1.8084873,0.45905775,0.5239655,0.0978661,0.12393836
SOU04,0.48868373,0.8584695,0.10892232,0.37503192,0.82186234,0.71294004,10.887846,6.423509,9.265177,6.2882094,-27.530457,3.561309,2.6843774,0.20416148,0.1914592,0.16509302,0.1985491
UCA05,1.5244697,0.81230575,0.3851592,1.2250764,2.5803301,2.1951709,30.911,18.454832,23.689535,13.182255,-17.957956,4.1468925,2.0853348,0.3619241,0.30495873,0.10929012,0.121616386
BOD09,0.82581997,0.88877136,0.18039696,0.6173348,1.3684212,1.1880243,19.840334,13.053913,16.676674,10.003729,-24.860888,3.939009,2.4646332,0.27780268,0.27089548,0.123455495,0.1924453
OCM13,0.7025163,0.9745084,0.08830081,0.5125039,1.1967065,1.1084057,15.922489,10.268554,12.947867,10.000606,-22.91272,3.0002003,2.4876616,0.20461126,0.18367912,0.19346152,0.29260632
LRE07,1.1329392,0.7754059,0.32496485,0.97000927,1.735832,1.4108671,18.980318,12.94041,19.020065,16.177021,-26.193762,2.7967684,2.7410421,0.27696908,0.3298281,0.08213367,0.09244922
POF05,0.6726207,0.6761633,0.264629,0.5688292,1.0529535,0.7883245,12.924907,8.386517,9.220976,5.4538813,-29.323465,4.411111,2.3061962,0.29520482,0.27119184,0.123392396,0.1256321
BOD10,0.59545004,0.78608996,0.14254245,0.5042554,0.9738586,0.8313161,10.625314,6.1348557,8.905585,6.221983,-28.015303,3.196809,2.2648084,0.295732,0.28466627,0.14747024,0.19688912
LDV10,0.8796308,0.73623097,0.30730167,0.7491168,1.3247539,1.0174522,14.379179,9.071744,13.175573,9.047186,-25.021511,3.449438,2.202866,0.3145408,0.2872704,0.1334294,0.20189458
OCM18,1.010197,0.8470201,0.22600225,0.80236584,1.6964426,1.4704404,18.971903,12.224304,16.363865,13.051778,-22.85841,3.0170236,2.3436184,0.26155874,0.23851609,0.16121621,0.24490787
SPC10,0.8629684,0.84274256,0.21862385,0.6956043,1.3931152,1.1744913,18.45768,10.959759,15.3155575,10.07005,-27.291857,3.2198396,2.2782466,0.28279188,0.2557547,0.15033995,0.22156638
LDV05,1.0258849,0.7861321,0.35443002,0.8411375,1.526515,1.172085,20.020647,16.454021,13.2693405,10.503993,-21.824581,2.3166666,2.411781,0.2781106,0.25202796,0.12218136,0.13818288
NOR03,2.1756518,0.6651904,0.75719154,1.9254122,3.4579782,2.7007866,37.346367,22.517918,28.755281,18.166159,-14.287599,3.5716329,2.8697195,0.25619522,0.2966527,0.082697675,0.083850265
CFE10,1.5160087,0.5344392,0.71386266,1.5004183,2.182743,1.4688804,18.751783,14.037294,11.299094,7.2435036,-16.960447,3.0740385,1.5517536,0.52542126,0.6384029,0.11986425,0.11784826
PES06,1.174207,0.8493767,0.2346855,0.9713069,1.9700758,1.7353903,23.456545,14.258602,21.726055,15.242661,-22.252008,3.4067798,2.9047754,0.20075876,0.18039834,0.15096618,0.22421314
ANT02,2.26717,0.62039447,0.9648916,1.9850149,3.6140409,2.6491492,39.627296,24.644041,25.067205,13.811755,-17.261997,4.006754,1.4876893,0.5564629,0.6339962,0.117158465,0.13076329
LDV03,0.7149311,0.79601854,0.22650312,0.5976907,1.0800942,0.8535911,14.397546,11.227897,11.135564,8.435481,-26.865147,2.80663,2.448596,0.24539502,0.22320367,0.15357843,0.18841814
LOR07,0.9313835,0.8430743,0.23576212,0.7286035,1.5423381,1.306576,19.722725,11.609963,16.741976,11.53808,-21.492722,3.440678,2.1422112,0.33511874,0.33561304,0.13962711,0.2224186
BFC06,1.5269467,0.74723715,0.47611463,1.2862122,2.4699178,1.9938031,26.468187,16.164818,23.871607,14.657925,-19.304346,4.1666665,2.4952762,0.27685967,0.43538603,0.10905882,0.13037525
SOU15,0.39682338,0.8163497,0.102272004,0.29879987,0.6753626,0.57309055,7.5005016,3.9497273,6.971838,3.791019,-32.134068,4.0237665,2.3714252,0.25171214,0.25427914,0.15370843,0.21130769
LYO14,1.1982116,0.7341266,0.3826622,1.0715529,1.8397468,1.4570847,21.50458,15.04485,18.093842,11.416997,-23.865261,3.8,2.928754,0.21442124,0.18484712,0.12215384,0.16559239
UPS07,0.6407699,0.78587097,0.14860398,0.5814587,1.0345383,0.8859343,11.383652,6.975556,9.300515,6.4430647,-27.831375,3.445122,2.5129614,0.24133494,0.24050196,0.15365651,0.23858054
SPC08,0.75258404,0.88396204,0.16940248,0.58585846,1.218584,1.0491815,17.330198,11.459346,13.183604,8.8595085,-25.936584,3.4285715,2.83542,0.2005242,0.18270408,0.14662896,0.22615552
UCA06,0.51615995,0.9071271,0.05434536,0.40903813,0.91812706,0.8637817,11.729699,7.3046556,9.854106,5.8512554,-30.717812,3.652439,1.9213175,0.30307934,0.27022925,0.23601532,0.40535703
POF02,0.5370707,0.9499682,0.09444407,0.3339622,0.9813372,0.88689315,14.312677,8.883216,13.182961,8.8263,-28.441639,3.6045198,2.435854,0.21974477,0.20604937,0.18611254,0.29530305
SOU13,0.65878296,0.82670367,0.12568425,0.5382857,1.128093,1.0024087,15.333087,9.086772,11.992389,7.0410724,-24.25977,4.1224513,2.6675558,0.22570832,0.20308435,0.14345795,0.22330607
LYO09,1.286339,0.93694425,0.21588336,0.93084073,2.261435,2.0455518,30.007944,19.240194,24.233322,15.413053,-23.349434,3.7486033,2.917016,0.2166475,0.19852352,0.114411764,0.17761345
OCM15,0.7043041,0.8558071,0.12523797,0.5911362,1.1746484,1.0494105,14.444604,10.283271,13.152109,10.3496065,-25.404064,3.2914286,2.4579856,0.24348836,0.22381765,0.1559335,0.24829452
OCM19,0.4236184,0.9145074,0.07742315,0.34421578,0.6970052,0.61958206,9.333176,6.553497,8.2260275,6.3270206,-32.95981,2.8815188,2.4532247,0.20449308,0.19113377,0.19749999,0.2705268
LYO02,1.0161359,0.73905796,0.23227978,0.9451766,1.7047954,1.4725156,20.376474,12.263713,15.832291,10.727863,-24.260689,4.126674,2.8458087,0.20753536,0.18502197,0.13891955,0.18897432
ANT01,1.3624287,0.5917152,0.4454928,1.4315226,2.113565,1.6680722,16.595419,9.337574,12.92091,7.394736,-19.731049,4.15,1.6671298,0.49636665,0.62927985,0.097016126,0.12286549
LRE09,0.9995687,0.83139604,0.29059684,0.8084504,1.5032179,1.2126211,19.229456,13.697393,17.99061,15.567351,-25.875612,2.1137567,2.0462685,0.39052776,0.55241084,0.09589473,0.12104369
BOD12,0.45051637,0.81290275,0.119723774,0.36213496,0.7308902,0.6111664,9.242836,5.4960265,7.8002625,4.5555897,-34.817043,3.6462076,2.2380638,0.28461727,0.26813602,0.16164772,0.188208
BFC01,0.83138543,0.9199068,0.17007199,0.63485837,1.3544383,1.1843663,17.648687,12.679405,18.53043,14.045824,-25.865578,3.1931818,2.4325092,0.22233644,0.18581003,0.17814356,0.26213014
UPS09,0.9156299,0.8680453,0.1672886,0.7430712,1.563612,1.3963234,19.639477,11.628565,16.113615,10.505458,-23.73283,3.5542169,2.4767988,0.25571775,0.22026773,0.14508426,0.20621723
OCM11,0.64068115,0.89358544,0.09958688,0.52862066,1.1033405,1.0037537,12.76032,8.509858,9.68555,7.221211,-24.07484,2.89459,2.3800647,0.23882507,0.2379194,0.1800294,0.29352775
CFE06,1.3892825,0.663746,0.4337015,1.3059168,2.166929,1.7332275,23.308704,14.414728,16.577566,10.123105,-18.89519,3.5639534,2.2855482,0.3060051,0.3759217,0.13270769,0.16588803
UCA14,1.5285434,0.6716439,0.5573761,1.309424,2.3775086,1.8201325,27.23296,15.6284075,22.437243,13.307748,-18.527376,4.1647725,2.364308,0.25920674,0.23993604,0.16536312,0.21278344
SOU16,0.3957649,0.795846,0.11779524,0.28932315,0.65034413,0.5325489,8.340917,4.9955254,7.4174604,4.642378,-31.805397,3.8757396,2.7524564,0.20509678,0.17199284,0.14869767,0.17290449
LRE01,0.92651457,0.70874995,0.42834842,0.75971556,1.29134,0.8629916,16.354002,11.053542,11.59854,10.281579,-28.391512,2.4115665,2.3439286,0.3167317,0.36803314,0.11,0.16191703
OCM05,0.5977655,0.776537,0.10535927,0.56983614,0.99346125,0.888102,11.932688,6.354608,10.806275,6.6320615,-28.480953,4.3965516,2.9262965,0.18365423,0.15764102,0.15520088,0.2360263
GRE03,0.75452745,0.7820609,0.17365775,0.6467222,1.257734,1.0840762,15.069501,9.8338995,11.683541,7.9476414,-24.905529,3.436464,2.1930554,0.26353535,0.23782398,0.1908169,0.29483646
BFC10,1.1473627,0.83545136,0.2583168,0.9285803,1.8871875,1.6288707,24.548664,16.243422,20.71682,15.984729,-22.437292,3.427159,3.0796897,0.1604927,0.15243022,0.15377691,0.19384377
OCM16,0.8081026,0.8683984,0.17252678,0.6289085,1.3527675,1.1802406,14.584383,8.798639,14.0456505,10.189458,-27.327885,3.2047276,2.3530748,0.25983092,0.25811133,0.16524999,0.26034564
OCM09,0.816494,0.9663028,0.10660203,0.62283504,1.4402465,1.3336444,17.579008,10.44654,16.995222,12.215234,-23.932959,3.0635839,2.457926,0.23548235,0.20297159,0.15832917,0.22318031
LYO13,0.8308132,0.89495414,0.08314341,0.70828605,1.4903642,1.4072208,21.352432,12.9259615,17.348566,10.142294,-25.60541,4.4157305,2.4334044,0.23030023,0.21919367,0.1892011,0.31035346
BOD11,0.6858759,0.8374775,0.17040852,0.5505938,1.1201303,0.9497218,16.245346,10.125053,11.359165,7.475048,-27.156326,3.5740669,2.3191042,0.29193628,0.2569417,0.13653295,0.1973136
BRE03,0.5925898,0.64704967,0.2426961,0.529904,0.8968563,0.6541602,10.644891,6.066958,9.390817,5.383304,-30.391352,4.7765365,2.5705504,0.25349998,0.2298433,0.12794118,0.18709116
SOU11,0.461196,0.8731892,0.10520865,0.33620906,0.7881078,0.6828992,9.319521,5.6372886,8.768192,5.6663103,-30.887173,3.5057504,2.7177236,0.20850715,0.1780341,0.15008889,0.22144882
CFE01,1.3881733,0.56255096,0.57040715,1.3712648,2.0583398,1.4879327,20.114262,11.942135,12.829937,7.190686,-16.308968,3.5887766,2.0121183,0.394375,0.40743637,0.107557245,0.13966756
LYO05,1.1858726,0.82884425,0.23420128,1.013507,1.9549745,1.7207732,27.0016,16.581211,23.370707,15.382886,-23.840738,4.2719235,3.0765672,0.20477444,0.18961416,0.117142856,0.16430005
LOR08,1.0026858,0.67389935,0.34164047,0.93696487,1.5336645,1.192024,16.414433,10.962988,13.257214,9.414049,-22.1637,3.488889,2.309276,0.29896384,0.29495463,0.13076057,0.17648284
UCA12,1.4817532,0.816903,0.37499583,1.1783996,2.5062516,2.1312556,36.191235,21.380516,29.529034,16.24198,-18.643559,4.880682,2.7678318,0.2542505,0.23141956,0.099352516,0.101510465
ALS01,0.8284152,0.8125734,0.19716504,0.6883762,1.381536,1.184371,17.980385,10.601069,14.720658,8.902377,-23.92611,3.9217877,2.3530068,0.2957957,0.28463534,0.12440443,0.18971987
GRE08,0.9386763,0.8044288,0.18911828,0.82075036,1.51826,1.3291417,17.878002,11.470179,15.176689,9.947169,-24.90662,3.3756907,2.1985934,0.2906801,0.2472301,0.16319884,0.2364577
LYO03,1.0328264,0.7558229,0.25789806,0.9085228,1.6962106,1.4383125,23.303562,13.124005,18.492819,10.969646,-22.387608,4.7513814,2.8626692,0.21403474,0.1978459,0.12548935,0.39231873
SPC07,0.71862096,0.84369165,0.17667024,0.56825167,1.1612794,0.9846092,12.90232,8.454549,11.814134,7.761561,-26.79784,3.0907335,2.0460358,0.31875,0.2527457,0.16749215,0.2429638
SOU02,0.4192883,0.7995576,0.13691795,0.31807405,0.6514434,0.5145255,8.057624,5.530863,7.3238006,4.9883504,-30.774181,3.1115582,2.6096675,0.2198287,0.18703808,0.15546729,0.18290369
OCM07,0.55949545,0.78300184,0.1571658,0.48462287,0.8670695,0.7099037,12.020842,7.7904396,10.07097,7.673401,-29.62414,3.3521428,2.995585,0.19285448,0.1508739,0.13471578,0.18028413
LYO10,0.9805744,0.89373916,0.15684092,0.7700168,1.693829,1.5369881,22.063093,14.542756,17.661348,10.568659,-26.48934,3.486188,2.05029,0.30959567,0.26727656,0.17636363,0.27957234
BRE09,0.5708961,0.7542469,0.14155534,0.50497115,0.9384563,0.796901,11.752886,7.915226,10.051536,6.5961747,-28.37962,3.6927373,2.2242093,0.26816583,0.22801393,0.16769229,0.24965474
SPC05,0.9268405,0.85870373,0.14763139,0.77029896,1.5470873,1.3994559,19.934216,12.483819,17.575663,10.325854,-25.78972,3.8411765,2.465576,0.24785201,0.1995297,0.15727273,0.24744207
LDV07,0.71861297,0.9777739,0.15686224,0.493883,1.1591239,1.0022616,16.017817,11.227361,13.913802,11.456986,-24.399551,2.488889,2.7620318,0.20160964,0.20394164,0.15045951,0.19369718
BFC04,1.2711892,0.9063536,0.28059703,0.94746035,2.0809913,1.8003943,29.726576,19.0383,22.107914,13.610596,-21.78389,3.533146,2.0427725,0.31906158,0.2918224,0.17989324,0.25352243
CFE11,1.1224836,0.66932905,0.35269666,1.0234325,1.761144,1.4084474,17.023184,11.338228,11.630551,8.057546,-20.071312,2.8831732,2.3617673,0.28190586,0.32667726,0.14776163,0.16783652
POF03,0.5549165,0.7007302,0.1908232,0.47600114,0.8586918,0.6678686,10.092916,6.2132463,8.985341,5.77304,-30.603304,3.8897178,2.2112887,0.27192497,0.23616213,0.1641237,0.2405803
UPS15,0.81262475,0.8627319,0.15785342,0.65107924,1.3991222,1.2412689,17.98671,10.17691,14.822937,8.627678,-26.256252,3.6706634,2.2905536,0.27910668,0.2749667,0.15057692,0.24595955
ALS05,1.3849347,0.79726946,0.46266294,1.0689737,2.2024632,1.7398002,26.599787,15.933001,22.228931,13.395889,-17.7923,4.056497,2.3125637,0.33381414,0.32035834,0.09803797,0.12488196
BOD04,1.0393431,0.81592035,0.17156163,0.91568094,1.8567982,1.6852366,20.544167,10.518502,16.035456,8.95492,-23.627008,3.7716444,1.9322015,0.3726923,0.37489337,0.14078498,0.19324885
GRE07,0.6192128,0.95482266,0.10585373,0.43296325,1.0468585,0.9410048,12.430807,8.261309,11.742129,8.793533,-30.00086,2.7653632,2.004816,0.25905028,0.2238508,0.23575301,0.33279994
LYO11,0.78145486,0.9956987,0.11665036,0.5436361,1.3327264,1.216076,21.40411,14.845837,15.440114,10.589197,-25.136795,3.178771,2.5876043,0.21166307,0.19861297,0.16961813,0.27231926
OCM02,0.6254038,0.76229435,0.1753295,0.5488663,0.9852725,0.809943,11.696716,7.429361,9.326789,6.6747594,-30.295536,3.1414206,2.5942464,0.21300653,0.17851266,0.16525058,0.25408295
UPS02,1.0438079,0.8169571,0.15855993,0.96885675,1.8153663,1.6568063,21.452318,11.083763,19.10425,10.801027,-20.554054,3.981577,2.0067904,0.3312991,0.34638363,0.17003545,0.2928831
SEN01,0.7406905,0.67793316,0.26866528,0.6511073,1.1190166,0.85035133,12.842626,9.035653,9.1318445,5.6760645,-25.325247,3.8326166,3.0862126,0.16458334,0.1519876,0.1525948,0.18880554
OCM14,0.7461915,0.93862385,0.10127573,0.58653283,1.2909791,1.1897035,16.28568,10.004653,15.705382,11.548233,-26.12775,3.350472,2.1589239,0.2696335,0.2421617,0.18988472,0.3347095
PES04,1.2425195,0.9476409,0.17398152,0.9267486,2.1388042,1.9648226,24.254309,15.009497,17.733917,12.035323,-18.389532,2.844482,2.2283454,0.25682795,0.2725322,0.1909036,0.24668479
NOR05,2.669091,0.6217899,0.9467495,2.4308279,4.3843894,3.43764,45.777397,23.050398,29.649826,16.966225,-12.128916,4.0671873,2.2252192,0.360202,0.38129294,0.08411392,0.07672179
UPS03,0.91808414,0.7975865,0.13490501,0.8720485,1.5670795,1.4321746,18.735573,10.359022,14.929476,8.735126,-22.04665,4.064706,2.0183594,0.32457724,0.26969105,0.16855262,0.28964335
UPS11,0.7379768,0.8613701,0.17821397,0.56883466,1.1998222,1.0216082,17.83268,11.811096,12.225776,8.601196,-24.364965,3.3638277,2.6429465,0.23243012,0.2518865,0.14162162,0.195689
CVL01,1.000379,0.8214349,0.29744592,0.8298449,1.5269198,1.229474,18.05658,15.0028,13.159043,10.426138,-22.748972,2.2406483,1.7981511,0.3659507,0.35973698,0.19196786,0.29322004
BRE16,0.5405651,0.8572658,0.12112662,0.4352215,0.89072984,0.76960325,13.276708,8.150272,11.141338,7.9463477,-29.147606,3.7666667,2.5840511,0.23025806,0.19088799,0.14725351,0.19877258
LOR04,0.74924624,0.9245814,0.18297347,0.5444802,1.2252752,1.0423017,15.979188,11.33734,13.392588,10.695684,-25.103165,2.6277778,2.233954,0.295398,0.31135714,0.14767705,0.20048732
LYO12,1.1349381,0.9294052,0.13132463,0.8997357,1.9890078,1.8576832,26.76286,17.437143,21.65308,14.177838,-22.269701,3.7921348,2.7142456,0.20354035,0.19266595,0.15727891,0.26491407
BRE14,0.58181953,0.76469344,0.16124357,0.49531218,0.94202083,0.7807773,11.853309,7.9393806,10.012098,6.242557,-27.970907,3.745784,2.2493193,0.2856842,0.30049926,0.15495522,0.24243648
HES07,0.68276125,0.78989434,0.1825032,0.56135833,1.0932344,0.9107312,14.687562,8.453175,13.2698965,8.952124,-29.193653,3.8455164,2.5867786,0.23014957,0.2220192,0.14908019,0.2188129
UCA13,1.6121603,0.7454475,0.40094507,1.4493699,2.712256,2.3113108,29.611721,17.23275,24.059412,13.657075,-17.185278,4.2865167,2.7428057,0.26766393,0.2597372,0.086159244,0.09559502
ALS03,1.1974642,0.87244165,0.23067838,0.9521998,2.0367842,1.8061059,25.58091,13.765603,23.87304,14.001228,-20.080965,3.9944134,2.2856822,0.29405868,0.29152867,0.13969187,0.21029298
CFE08,1.3751415,0.5777379,0.6250036,1.2797558,1.9961782,1.3711746,18.255177,12.085276,11.558867,7.953216,-16.785194,3.4638808,1.8889012,0.40955618,0.45502526,0.1258397,0.16220517
BRE15,0.51690733,0.69436836,0.17144458,0.4524635,0.8252017,0.6537571,10.313816,6.073316,7.8072124,4.215798,-30.882198,4.217877,2.2689168,0.30034482,0.25768462,0.13236263,0.15712179
GRE12,0.8275176,0.89895535,0.16717131,0.66072935,1.3478407,1.1806693,20.343071,14.436048,16.729542,13.3132305,-25.888397,3.1541057,2.7150877,0.21405064,0.21529798,0.15331706,0.26692787
UPS08,0.778799,0.824953,0.21587926,0.64232206,1.2097905,0.9939112,14.440125,9.158427,12.961501,9.695698,-25.652836,3.312849,2.2969878,0.27924573,0.29089528,0.15392756,0.20490614
GRE10,0.8144024,0.7791835,0.19802737,0.701963,1.3309327,1.1329054,15.146805,9.721101,12.838037,8.318772,-27.392506,3.4944444,2.171855,0.3053077,0.27575403,0.15390532,0.24873087
HES01,0.555659,0.69376636,0.20601957,0.48542175,0.8393065,0.6332869,10.944689,6.6935325,7.705759,5.451257,-32.708385,3.278481,2.361507,0.26568365,0.25705567,0.14720117,0.1863421
LOR10,0.6871791,0.8063301,0.17568478,0.58042943,1.1187854,0.9431006,13.00844,7.0157557,11.792616,7.6400285,-23.543457,3.436464,2.0933712,0.32597885,0.34331906,0.14446746,0.22269168
LRE05,1.1192392,0.6797956,0.49378547,0.95496804,1.5770258,1.0832403,18.382051,12.339521,15.749768,11.829825,-25.67779,3.1283169,1.5757712,0.5257447,0.7914656,0.110633485,0.12878326
LDV02,0.74074775,0.6696701,0.2738003,0.6793989,1.0935949,0.8197946,13.2989235,8.084115,10.674627,6.874571,-25.991312,3.7666667,2.4619317,0.27020314,0.25978932,0.13090439,0.1867095
UPL02,0.2029721,0.6970799,0.061292857,0.1840276,0.31087184,0.24957898,3.5681567,2.1454422,3.028293,2.012183,-39.765507,3.2361677,2.8491757,0.19644679,0.16315229,0.147565,0.21512002
LYO01,0.770016,0.89220124,0.121420324,0.62641823,1.292415,1.1709948,18.568148,12.235515,15.047151,10.371076,-26.913872,3.687151,2.4867282,0.22844943,0.209673,0.16278847,0.2411859
SOU08,0.5145993,0.8585525,0.119072735,0.39675376,0.83457655,0.7155038,11.6108055,7.549697,9.420942,6.1826854,-29.504866,3.850214,2.6175392,0.23129511,0.19753416,0.14370283,0.17320701
BRE05,0.5448135,0.91052556,0.10203757,0.40454888,0.9470743,0.84503675,14.73532,8.748571,13.287499,8.822413,-30.394611,4.027933,2.4421594,0.23489702,0.18693802,0.17989188,0.24943942
CVL02,0.8170905,0.6086272,0.36668444,0.74576396,1.1953312,0.8286468,13.035757,7.1607547,10.168255,6.0726304,-28.622934,3.8163116,2.449402,0.28100938,0.289989,0.12205962,0.17999889
HES02,1.0900707,0.7522727,0.32792336,0.9361282,1.7019553,1.374032,23.116467,13.81291,16.69186,10.787309,-24.419525,3.536107,3.2224188,0.1780446,0.18563941,0.12330152,0.1656781
SPC04,0.70195514,0.8368559,0.19147712,0.5630206,1.0904408,0.89896363,14.466408,9.249996,11.677296,8.147616,-28.944906,3.4285715,2.4709735,0.261253,0.23673767,0.13720867,0.16027777
ALS09,0.84468776,0.8039435,0.24474911,0.69200444,1.3303978,1.0856488,16.86709,10.847153,12.558274,8.658504,-23.113195,3.3428571,2.320663,0.2865271,0.27055502,0.13538043,0.17429934
SPC09,1.0581053,0.8389126,0.24094158,0.8752767,1.7444017,1.5034602,19.619429,12.287154,15.705145,11.141992,-18.896244,3.1754386,1.7315005,0.4090878,0.39475897,0.16797665,0.21093594
UPS13,0.95478874,0.9029449,0.17420262,0.8028166,1.5907254,1.4165227,17.66897,10.478795,15.749138,10.964958,-22.558523,2.9106145,2.0899694,0.32927805,0.3040454,0.15323624,0.19453007
CVL04,0.7218864,0.76711416,0.23736526,0.5838612,1.1327966,0.8954314,13.050851,8.399023,9.592902,6.6756682,-27.324453,2.9941483,1.6826786,0.43608108,0.4355955,0.16036,0.20072739
BOD07,0.4933763,0.8689898,0.13559034,0.3949114,0.7383826,0.60279226,8.649426,6.347129,6.598494,5.3458557,-32.0652,2.463416,1.9499238,0.33768114,0.32380688,0.17228757,0.2223023
SOU12,0.48730308,0.9194094,0.109214544,0.34950802,0.7986981,0.6894836,10.734936,6.7138214,9.744367,6.3280945,-29.490583,3.345225,2.5681524,0.21070616,0.17350914,0.17017198,0.2554241
ALS04,0.87585574,0.7219757,0.29093218,0.75841737,1.35938,1.0684478,14.502996,8.838842,13.010824,8.093076,-25.24705,3.6294117,1.9182112,0.3854601,0.32901075,0.12789655,0.17165738
GRE01,1.6701328,0.76563567,0.4007014,1.421116,2.8018606,2.4011593,32.96404,20.154413,26.327366,15.482885,-17.009146,4.141243,2.4306145,0.27927905,0.29748034,0.1281132,0.15803438
BRE02,0.6900506,0.83500475,0.16004938,0.54708123,1.1654178,1.0053685,15.383832,9.61319,12.400671,7.967161,-26.87887,3.5881095,2.028587,0.31655827,0.27517778,0.17102101,0.2787544
PES08,1.2250015,0.995681,0.24410102,0.8776198,1.9011,1.656999,29.5946,21.167665,24.68705,18.8291,-18.161625,2.5865922,2.3750978,0.23465882,0.21038662,0.1858201,0.3246456
LRE06,1.2800719,0.8664666,0.40301323,0.99088293,1.8964024,1.4933891,27.22156,24.39541,18.17,17.812971,-20.9043,1.7414752,2.6130936,0.28513977,0.38558662,0.095407605,0.10989788
BFC09,1.0085008,0.88544655,0.21128237,0.7505952,1.7154769,1.5041945,20.884855,12.99609,21.158943,14.818437,-22.741882,3.5955057,2.6243327,0.20286937,0.19847026,0.16465168,0.20921294
LDV06,0.73633546,0.99849975,0.1159475,0.46892548,1.3044863,1.1885388,18.864511,11.627936,17.62689,11.046177,-23.783281,3.5142858,2.6350386,0.22531454,0.20358324,0.14454761,0.21315448
NOR12,2.4360821,0.50078213,1.2116575,2.4238596,3.5601795,2.348522,29.055014,15.592471,24.923405,13.530718,-12.160647,4.5615416,2.2872877,0.3465602,0.34111676,0.08174418,0.075327806
UPL01,0.24875312,0.74419916,0.0890671,0.20882273,0.36976516,0.28069806,4.5714264,3.2036326,3.4165008,2.717675,-39.046814,2.9691358,2.5566604,0.22157004,0.1745019,0.15369077,0.23365538
NOR02,2.3676708,0.59128946,0.9919487,2.2248673,3.5974827,2.605534,31.94998,19.824242,22.89656,15.207135,-13.572765,3.4916282,2.0521321,0.3834819,0.40087068,0.099391885,0.10512364
UCA08,1.6632227,0.85974807,0.17228225,1.3674655,2.9556565,2.7833743,36.953674,21.878946,29.68965,15.876049,-17.933052,4.130422,2.1427724,0.3178729,0.30260408,0.14765273,0.18659914
UPS05,0.82975054,0.9662908,0.08105335,0.6411341,1.4634942,1.3824408,17.279648,9.749684,17.151314,11.754991,-25.08715,3.1665025,2.3900685,0.24026698,0.22890125,0.17916435,0.28531533
UPS06,0.6873883,0.89010304,0.12949848,0.55265284,1.1338747,1.0043762,14.614345,9.017789,11.285343,7.9582434,-26.435593,3.2630439,2.212187,0.28191212,0.24273416,0.17404254,0.25959828
OCM08,1.0469521,1.0982322,0.19027214,0.64513004,1.6762218,1.4859498,30.721146,21.30389,21.35456,16.50957,-23.21967,2.994253,2.822975,0.21228105,0.18892471,0.1400475,0.20715928
NOR01,2.7797382,0.46967858,1.5645485,2.8344283,3.9231637,2.3586152,29.40035,18.771963,21.749594,12.817808,-10.686827,4.083799,1.8552668,0.44310242,0.52375084,0.09440154,0.093006015
LOR05,0.69448453,0.9250924,0.11506601,0.53032374,1.1796881,1.064622,15.9815855,9.703824,15.250363,10.050296,-25.161274,3.4189944,1.8720313,0.34859702,0.31627032,0.18625851,0.31995896
SOU05,0.35376194,0.82563,0.10810295,0.25287306,0.57659185,0.4684889,9.324747,5.5826693,7.4450154,4.689362,-32.289978,3.8573728,2.864118,0.17875259,0.16362104,0.15852423,0.22770312
LDV04,0.77370465,0.8723751,0.16520534,0.62568307,1.2528429,1.0876375,16.337677,10.728253,15.838985,10.670609,-24.520521,3.4213483,2.4613657,0.23543379,0.19771904,0.15992682,0.26039806
CFE02,1.4635068,0.637534,0.52494687,1.356217,2.2169824,1.6920354,20.486038,13.434935,13.209976,7.787129,-16.474272,3.0921319,2.1272926,0.33837837,0.38258722,0.1415035,0.17189668
SOU14,0.5916311,0.82306135,0.16224732,0.44640222,0.96347255,0.80122524,11.078286,7.179221,9.164447,6.0719714,-26.577545,3.0672965,2.8841436,0.19891489,0.18998855,0.14120853,0.15884265
UCA15,1.3373619,0.8598836,0.110559285,1.1833013,2.3355172,2.224958,27.241049,15.670867,23.05773,13.699192,-18.746033,4.1836677,2.2074041,0.30429688,0.29316893,0.14519404,0.19696006
GRE04,0.6941658,1.0157616,0.09429848,0.46452814,1.2220621,1.1277636,16.535284,12.135207,12.189147,9.926628,-25.850443,2.2078652,2.4276483,0.19282408,0.18993877,0.2246438,0.33668584
LYO08,0.63509285,0.8191724,0.12587374,0.532452,1.0770925,0.9512188,12.513026,7.4649267,10.509038,6.279398,-30.851412,3.8305085,2.2440789,0.27357683,0.259474,0.16442308,0.2198525
BRE08,0.654719,0.7489414,0.18504226,0.5634554,1.0690469,0.8840046,13.358229,7.962435,9.933558,5.7505116,-26.238476,3.5898876,2.0623772,0.3277929,0.32241315,0.15670885,0.2524348
NOR11,2.2921467,0.56405044,0.90436053,2.2645679,3.5194154,2.6150548,34.770084,17.312027,29.062357,16.685694,-13.175946,4.6116924,2.5495913,0.31858742,0.3125594,0.06591954,0.06127958
LOR03,0.8553243,0.67118895,0.324759,0.7534034,1.3140814,0.9893224,14.915675,8.58866,12.790918,8.4765005,-24.767218,3.9140182,2.1849127,0.3455,0.38019028,0.10677116,0.16122927
LYO04,0.88857025,0.9892515,0.10064405,0.64912367,1.5003086,1.3996646,18.451176,13.462314,16.064621,10.394809,-26.075655,3.4333334,2.3006392,0.23780192,0.19498478,0.19089238,0.2778333
OCM17,0.82955295,0.986725,0.14630958,0.60088104,1.3706784,1.2243688,19.338276,12.434313,16.12433,11.412389,-22.649559,3.0740385,2.5407834,0.2320134,0.20475987,0.15852417,0.22660203
PES03,0.8171531,0.84971946,0.16719523,0.6806701,1.3188899,1.1516947,18.553455,12.052709,18.039028,12.746332,-24.27264,3.7055554,2.4620688,0.22970656,0.21171688,0.17425315,0.25757015
ALS02,0.96342003,0.7431755,0.28412902,0.83367276,1.5268631,1.2427341,18.490795,10.126252,15.641633,9.943728,-21.354523,4.116667,2.2565584,0.32374385,0.30374968,0.1087912,0.13122493
SPC03,0.99166024,0.76480585,0.31970388,0.84116024,1.5528116,1.2331078,21.718037,14.04169,15.719532,9.601725,-22.272573,3.6894388,2.5483303,0.2468435,0.23355937,0.14907348,0.2080369
BFC07,0.86837703,1.057699,0.120834395,0.4989022,1.5186708,1.3978364,22.321604,15.71913,19.818626,15.8956585,-24.322634,2.7363644,2.1664417,0.21252124,0.1752801,0.24842592,0.3677706
NOR04,2.2370157,0.58731794,0.8904169,2.1194232,3.4458828,2.555466,30.71152,19.935019,18.29979,10.928793,-13.178869,3.5222223,1.483828,0.60265917,0.6909746,0.0637561,0.060170792
OCM20,0.8421549,0.8812592,0.16014704,0.627167,1.4959984,1.3358513,17.76988,8.945445,14.129888,8.470216,-25.350851,3.6034484,2.3972406,0.2682494,0.21730208,0.14920904,0.1978514
PES07,1.6957889,0.90803623,0.37803462,1.2497525,2.785384,2.4073493,38.439434,24.105688,32.148438,20.966002,-14.969156,3.75,2.5297027,0.26492134,0.23186828,0.12739474,0.18133363
LOR02,0.6078602,0.85709316,0.10043369,0.5112525,1.0212574,0.9208237,11.683645,7.70589,10.470981,7.8278446,-23.97102,3.5698323,2.0005589,0.30418995,0.27196628,0.18809667,0.26227278
OCM10,0.65697694,0.6913156,0.23549744,0.58145666,1.0126748,0.77717733,11.560359,8.687808,7.200537,5.520478,-27.501335,2.7105262,2.411161,0.24617904,0.23035002,0.1666253,0.22931127
BRE12,0.8304555,0.86998475,0.19653778,0.595895,1.4501321,1.2535944,19.392231,10.408157,14.312394,9.102435,-27.646416,3.2001884,2.0785491,0.2977337,0.28536713,0.18266882,0.2768826
UCA10,0.9679638,0.83407646,0.18049374,0.7974104,1.6269972,1.4465035,20.186546,12.292549,14.358168,8.492689,-20.451178,3.7272727,2.244956,0.30503798,0.299387,0.13205634,0.17166623
SOU10,0.47441587,0.7891881,0.112717316,0.37680137,0.79669845,0.6839811,9.377647,5.096314,9.127103,5.340937,-30.957462,4.3315544,2.8047132,0.21619254,0.18344957,0.12879716,0.19453315
CFE05,1.4835293,0.6678514,0.46095812,1.3615642,2.2584686,1.7975105,22.068298,13.64042,14.658054,8.869675,-17.623823,3.1318681,2.2808464,0.31910843,0.3732131,0.12875,0.1528764
HES05,0.791616,0.8832653,0.16654176,0.585796,1.340549,1.1740072,18.71524,11.518657,15.746359,10.641984,-26.893986,2.8557143,2.3730133,0.2257377,0.23601015,0.19749999,0.39088023
CFE07,1.4243412,0.5896894,0.5560403,1.3848615,2.069594,1.5135536,21.134325,14.006352,14.678958,9.304886,-17.603735,3.5538733,2.2665613,0.32364088,0.35737503,0.12399351,0.14983536
UPS01,1.206432,0.69934607,0.35143578,1.1038852,1.9907255,1.6392897,21.168524,10.683266,18.851671,10.4583,-20.38944,4.54321,1.9388701,0.39111465,0.3718104,0.12707509,0.17434727
BRE06,0.68016976,0.7620259,0.2307978,0.54488444,1.0845853,0.85378754,13.719696,9.181563,10.578069,6.3219986,-28.398495,3.6553671,2.5430913,0.2594222,0.2321936,0.12404939,0.16904208
ALS11,1.0784476,0.7547175,0.34676194,0.9047772,1.7037103,1.3569484,22.99499,14.380899,17.379559,11.667031,-19.283844,3.4383955,2.6190076,0.26860514,0.25329074,0.10365853,0.13562596
CFE03,1.2997347,0.57146496,0.5398102,1.2651988,1.8930919,1.3532817,17.791016,11.047178,12.489041,8.270497,-17.094797,2.9944885,1.9610074,0.39402896,0.41310942,0.123601526,0.1650335
SOU07,0.5080704,0.85322994,0.1274203,0.35195622,0.876868,0.7494477,11.798193,6.1795163,9.546831,5.291495,-30.444962,4.2654295,3.3270698,0.17976743,0.13684127,0.11520231,0.17540132
BFC02,0.94328237,0.7371168,0.24680665,0.85889894,1.5056851,1.2588785,18.946945,10.972395,18.691273,11.460108,-24.190628,4.6976743,3.0243108,0.20382692,0.18942854,0.1148643,0.1638469
NOR08,1.8138918,0.7954475,0.5697899,1.4708506,2.7654433,2.1956534,26.445866,15.930573,20.864952,13.615333,-15.41184,3.00592,2.4724011,0.3074186,0.33962378,0.09161473,0.1017604
UCA01,0.8480436,0.81082857,0.14722236,0.72912234,1.3950487,1.2478263,17.27227,10.520753,13.709936,8.321274,-23.649275,4.19774,2.0796835,0.3307065,0.29446343,0.14446484,0.16433056
ALS06,0.9405566,0.727592,0.3412564,0.84025735,1.395116,1.0538596,16.978758,12.097133,14.414177,11.403265,-22.729277,2.542712,2.4811342,0.2825576,0.24892974,0.11195823,0.16130856
GRE06,0.9609588,0.91182476,0.16789691,0.7409746,1.6269455,1.4590486,19.40608,10.987654,15.733493,10.324759,-23.56065,3.2596686,2.1044471,0.27692103,0.24335532,0.20044777,0.27787486
SPC12,0.8447548,0.72115254,0.25113067,0.7815688,1.3167353,1.0656046,14.602159,8.151061,13.699081,8.349334,-24.063911,3.5525324,2.2683651,0.3081795,0.2851639,0.1245977,0.19675705
GRE15,0.67428285,0.7882129,0.16508612,0.56476223,1.1145694,0.9494833,12.054534,7.7615337,9.127476,6.399534,-27.408115,3.1648922,2.448067,0.21961538,0.20284948,0.18770269,0.26648733
POF01,0.51247287,0.76449597,0.15131742,0.41227794,0.8466885,0.6953711,10.238582,6.1921344,7.336142,4.607637,-30.890606,3.7281084,2.2895467,0.28363636,0.24192806,0.14195652,0.15835947
BRE10,0.74600273,0.71147466,0.23759338,0.6526694,1.2114263,0.97383285,15.544604,9.04999,12.619142,6.918382,-27.244314,4.4422345,2.5035923,0.26896247,0.25858846,0.12763636,0.20441093
UPS12,0.93811315,0.79786855,0.2319138,0.7997025,1.5263288,1.294415,19.891315,11.689426,17.180645,10.701778,-23.359264,4.1137724,2.3721097,0.2725,0.26008266,0.13947514,0.19926389
GRE09,0.7144553,0.8299268,0.1704772,0.6001278,1.1336687,0.96319145,16.320576,11.2437935,10.804479,7.729569,-27.610611,3.1777778,2.2776635,0.27435207,0.25002328,0.16639204,0.24590601
SOU09,0.5334506,0.8388521,0.14128363,0.40368867,0.87679636,0.73551273,10.503968,6.5970435,8.349607,5.9592037,-26.051102,3.1022727,2.5291276,0.21649438,0.1895395,0.17250614,0.2552228
UPS04,0.6618977,0.84903896,0.12771454,0.5483887,1.1289517,1.0012372,13.045497,7.495419,11.4145355,7.6808133,-27.459457,3.4777777,2.206291,0.286801,0.28437042,0.16512968,0.24453595
LRE11,1.1200031,0.7469576,0.35483038,0.9426374,1.6870476,1.3322172,17.884762,11.47776,17.631151,14.7106695,-25.70917,2.7372773,3.028779,0.24667896,0.30745533,0.07699769,0.08426698
BOD06,0.5258597,0.73879856,0.15023938,0.45878088,0.83212316,0.6818838,9.429965,5.3813086,8.045395,4.9712715,-32.306595,3.601156,2.185729,0.3016402,0.27404886,0.15198795,0.23608175
SEN02,0.41471934,0.29390237,0.39075693,0.40685233,0.42506585,0.03430891,5.002704,3.5333745,2.879923,3.7121189,-40.847668,0.0295858,5.641056,0.088457495,0.08009568,0.07980075,0.095983885
OCM12,0.61669403,0.98293585,0.07255237,0.4296557,1.1235971,1.0510448,14.268733,9.031673,14.923441,9.42003,-29.886368,3.4352226,2.3907762,0.20170213,0.17621697,0.22407608,0.4525876
BOD15,0.48289672,0.69583726,0.18051226,0.4193698,0.730638,0.5501258,8.414318,5.101673,6.6298523,4.3092327,-34.357723,3.4197006,2.232661,0.3133911,0.32997695,0.12641872,0.1424031
GRE05,0.7871122,0.9513334,0.092593595,0.5877228,1.3667077,1.2741141,18.330826,11.4917555,14.996282,9.120342,-28.637354,3.6333334,2.1050289,0.28595236,0.26433754,0.18898508,0.26801825
SPC11,0.95662296,0.8103842,0.24329731,0.78503853,1.5794586,1.3361613,17.833855,11.133905,12.910451,7.2182274,-22.919127,3.3910615,1.9446774,0.34405175,0.29575825,0.1777931,0.24145378
LRE08,0.9112618,0.8791823,0.25650594,0.66829294,1.4114523,1.1549463,18.50292,12.921122,16.418543,14.855659,-27.606882,2.245614,2.7902896,0.2565199,0.31657973,0.09641221,0.13543296
LDV01,0.77854687,0.79802567,0.24096307,0.65020543,1.1813322,0.9403691,15.157484,10.087261,13.782849,10.644029,-25.50178,3.2277384,2.498053,0.23880096,0.2333748,0.15493369,0.22212993
LRE02,1.2567784,0.67892325,0.51998657,1.075973,1.8179014,1.2979147,21.82984,14.382938,16.867104,14.046317,-23.059427,2.4656591,2.5530446,0.3027928,0.41003063,0.08381356,0.101702414
BRE04,0.61947,0.75208455,0.17851862,0.53014386,1.0084553,0.8299366,12.4201145,7.653123,10.152047,5.8668957,-29.88501,3.8644068,2.000678,0.33432204,0.29351795,0.15946874,0.26577622
GRE02,0.93701655,0.76572484,0.2902551,0.7773112,1.501154,1.2108989,17.311947,11.358274,12.374654,9.152903,-22.50933,2.8555555,2.171855,0.3199487,0.28865463,0.13655786,0.18431047
NOR07,2.7988117,0.6015887,0.9943056,2.7345884,4.452462,3.4581566,40.078773,20.384378,31.218557,18.035013,-12.489979,4.35,2.1007001,0.37261906,0.4408311,0.09809523,0.10775713
PES11,1.26106,0.8798312,0.23035243,1.0087936,2.1283197,1.8979673,26.272255,16.06417,22.73963,15.075359,-19.22846,3.6416185,2.567216,0.2469144,0.23593444,0.13542713,0.21718666
OCM04,0.6430067,0.9526408,0.100636326,0.4966228,1.0860096,0.9853733,15.103379,10.185168,12.55215,10.425924,-27.71665,2.904018,2.791255,0.18607296,0.15600368,0.17428929,0.24630657
UPS14,0.81829035,0.9758771,0.07869991,0.59030026,1.4782639,1.3995639,20.921164,12.024844,19.100388,12.383267,-22.880068,3.6043162,2.2266178,0.24860406,0.20969236,0.19822533,0.31907436
ALS08,1.3180996,0.7033229,0.43759483,1.1818902,2.058859,1.6212642,24.094261,13.687576,20.86042,13.00881,-18.729645,4.312849,2.1292052,0.34656164,0.3065782,0.11337243,0.13226442
BFC03,0.86701316,0.9554729,0.17249113,0.64072716,1.4048678,1.2323766,19.091286,13.5194845,16.394508,11.164877,-23.305216,3.0195384,2.2703345,0.22249275,0.18503936,0.2047289,0.31143117
BOD05,1.0157757,0.7229646,0.2379483,0.95124054,1.6634372,1.425489,18.01959,9.464527,15.41702,8.611217,-23.058632,4.143418,2.5033157,0.28262693,0.2655827,0.10888325,0.14720488
BFC05,1.0757631,0.8298853,0.27341816,0.8853469,1.689539,1.4161208,21.78183,14.974655,16.539478,11.882526,-23.3767,2.907146,2.1460974,0.29289973,0.30346242,0.17094512,0.24688439
BOD02,0.88154745,0.8447419,0.21711743,0.6880267,1.4535182,1.2364007,15.870169,10.171504,13.31682,7.8919444,-27.202566,3.4046857,2.0681129,0.31255433,0.27977175,0.15965116,0.22767632
SPC06,0.71108466,0.851249,0.17388442,0.55670464,1.1882282,1.0143439,15.610191,8.9742155,12.898563,7.456797,-28.617558,3.5375,2.3324163,0.26546916,0.20555428,0.15199421,0.20293039
LDV09,0.4419455,0.7465396,0.1543988,0.3789549,0.66165036,0.50725156,7.689058,5.772076,5.4874845,4.6313205,-29.769527,2.3333333,1.9556862,0.34789017,0.38196617,0.1500923,0.2012201
PES02,0.93405324,0.83702195,0.19306642,0.76849383,1.5418414,1.3487749,19.850887,11.42841,18.74446,12.114992,-20.531067,3.6426618,2.464651,0.23555554,0.22409263,0.15997566,0.23379199
ALS07,0.9046752,0.7254134,0.2811365,0.78399545,1.4448829,1.1637464,16.577175,10.232293,13.50995,8.638304,-23.573587,3.8926554,2.0627296,0.35235614,0.33561468,0.12702194,0.1412802
ALS10,1.0680981,0.79919386,0.32336256,0.8381987,1.72508,1.4017174,21.05141,12.105196,18.009964,11.338152,-22.724361,3.8779933,2.2499444,0.32715347,0.31020996,0.11628398,0.14016105
CFE09,1.2672293,0.6155761,0.49880603,1.171481,1.849215,1.350409,19.722195,13.553383,13.223533,8.128475,-20.536583,3.4750547,1.8611671,0.42225224,0.53800374,0.12105882,0.1518025
BOD01,1.0191989,0.8070605,0.16835165,0.88449764,1.7502594,1.5819077,22.67018,12.345326,17.940601,9.777492,-24.199747,4.3843746,1.9291015,0.37746435,0.35967547,0.14119862,0.2135117
UCA04,1.7168257,0.79504776,0.37598094,1.420578,2.9117208,2.53574,37.919617,23.33164,29.339952,17.162203,-16.682207,4.3316174,2.3025925,0.30989715,0.33699265,0.11651163,0.16484682
PES01,0.99038595,0.96780294,0.20580703,0.6580374,1.6380298,1.4322228,22.218304,16.183882,15.797439,11.093637,-22.949034,2.7953217,2.3223164,0.24828716,0.22910868,0.18391931,0.26805562
BOD08,1.0758498,0.789103,0.27047214,0.8511402,1.8477253,1.5772531,20.551235,12.31777,14.868608,8.718056,-23.605097,3.602011,2.0066335,0.35980716,0.36697373,0.13771242,0.17450027
BRE07,0.63182485,0.7386422,0.1639866,0.5730932,1.0491289,0.8851423,11.878613,8.143801,8.305343,5.0300646,-27.576347,3.4277778,1.8617316,0.35865673,0.31820622,0.17491582,0.23559663
LOR09,0.9339799,0.81580675,0.25467804,0.7175856,1.5689043,1.3142263,18.09687,10.629429,14.838323,9.940698,-24.064718,3.1541057,1.5721473,0.46141818,0.49502674,0.18004291,0.27438354
HES08,0.59561956,0.75595427,0.18391813,0.49494267,0.9087148,0.72479665,11.877927,7.584393,10.361841,7.1495957,-32.216614,3.7149005,2.8204236,0.18463917,0.18512999,0.16337867,0.27839887
UCA07,1.2803657,0.66483253,0.46996126,1.1153741,1.9677505,1.4977893,24.367157,16.17641,18.57107,10.8063965,-20.546217,4.051789,2.2664201,0.24474488,0.2173282,0.19377464,0.2685093
HES06,0.77251744,0.8100454,0.20105457,0.620638,1.2619884,1.0609338,14.960655,9.748061,11.847373,9.311619,-25.875753,2.6923077,2.8292394,0.1748117,0.16717769,0.17650233,0.28714442
LRE03,1.2357875,0.80295765,0.3264405,1.0023822,1.980581,1.6541405,25.01839,14.468814,26.375832,20.675974,-24.800291,3.0172172,2.722674,0.2725261,0.33611956,0.09289544,0.12145751
UCA11,1.3781558,0.8372175,0.24207577,1.1169654,2.418001,2.1759253,27.996382,17.05035,19.981476,11.906616,-18.025146,3.9944508,2.7814724,0.24247402,0.23607406,0.11560914,0.15394554
BOD14,1.0508771,0.7822874,0.241828,0.8840536,1.8245488,1.5827209,21.342875,12.400899,17.775152,9.696125,-23.312145,4.189349,2.326132,0.29470736,0.26307532,0.13076696,0.1834317
HES04,1.3771714,0.7826229,0.40332955,1.138312,2.1852622,1.7819326,27.585373,15.997041,23.690054,15.197919,-21.031826,3.8013153,2.4814856,0.26342985,0.28888825,0.13022004,0.20657207
SOU03,0.41940814,0.8666065,0.10056645,0.3038644,0.7220539,0.62148744,8.786146,5.392936,8.416587,5.4253783,-30.264404,3.3171213,2.2521045,0.23781553,0.21209793,0.19579487,0.319276
BOD16,0.87145954,0.9366459,0.115008965,0.64261925,1.5696524,1.4546435,19.822706,11.27956,18.606907,10.914288,-26.194267,3.7373567,2.3326283,0.25830883,0.21354914,0.16554944,0.24119084
GRE13,0.67694706,0.7589777,0.21756619,0.5787287,1.066394,0.8488278,12.799785,8.01135,9.852115,7.348987,-31.140808,3.2197802,2.6821613,0.21911705,0.21336028,0.15053864,0.20982192
LYO07,1.0823933,0.863785,0.11242207,0.95729256,1.8945662,1.7821441,22.92818,14.403434,18.750328,11.794209,-22.325375,3.6685393,2.6413398,0.20159574,0.18493645,0.16868663,0.26680624
LRE04,1.2447263,0.68786234,0.58164555,1.0488861,1.7239991,1.1423535,23.200346,16.71144,18.024464,14.580426,-23.898579,3.1270719,2.2769978,0.342233,0.40100032,0.09214286,0.11010088
BRE13,0.54327214,0.7419525,0.18054304,0.45432687,0.8641462,0.68360317,10.093268,6.165609,8.702796,5.5880184,-30.251823,3.8013153,2.2604177,0.297066,0.27547905,0.14393677,0.22260669
CVL03,1.003852,0.74113333,0.32650667,0.8414018,1.5385433,1.2120366,18.747118,13.643616,15.330885,10.848863,-23.534203,2.9258816,2.000686,0.30494285,0.31609556,0.2010265,0.33418268
UCA09,1.1913389,0.88205194,0.16510773,0.946389,2.105289,1.9401813,27.62723,16.264063,21.337904,11.879042,-19.314283,4.1274066,2.4113805,0.27505994,0.2328575,0.13431694,0.1846617
POF04,0.5553054,0.7556441,0.14140153,0.4923771,0.9083618,0.76696026,10.658531,6.3402295,9.76616,5.8863254,-29.066206,4.2285714,2.2635038,0.26444444,0.24433579,0.17684814,0.24057436
BRE01,0.49678683,0.823807,0.12097743,0.41518787,0.81052846,0.689551,11.08431,7.2472873,8.658487,6.0787063,-30.501911,2.9833333,2.2840946,0.26523113,0.25215802,0.16901639,0.23410827
NOR06,1.4884399,0.7382057,0.47168037,1.2502658,2.314788,1.8431077,25.50028,16.015385,20.628597,14.421142,-18.559994,3.1173184,2.1572683,0.38453367,0.4241413,0.07149351,0.06488531
UCA02,1.4933038,0.8211225,0.31031004,1.2269685,2.485699,2.1753888,33.08757,21.302467,23.405365,13.012367,-16.831734,4.0111113,2.56738,0.27619046,0.26274645,0.1092746,0.12051054
UCA03,1.623908,0.78179336,0.4174768,1.3613948,2.7351894,2.3177125,35.160194,22.336323,24.475193,13.226961,-17.259615,4.2560616,2.5649974,0.27294785,0.23816268,0.11129973,0.14226723
OCM01,0.8080695,0.78302324,0.19807497,0.6925786,1.3435376,1.1454626,14.401215,8.625927,12.047071,8.161648,-24.915667,3.391251,2.1740346,0.28264782,0.27400842,0.17492795,0.2731493
BFC08,1.0366323,0.72590446,0.31193733,0.92153156,1.6442515,1.3323141,22.85553,14.26428,17.85197,11.24379,-23.051807,4.4418607,2.9139767,0.21670657,0.19482668,0.11485839,0.11923741
GRE14,1.5604178,0.7648308,0.31788427,1.4090177,2.6419072,2.324023,29.191475,16.155506,24.246971,14.903068,-19.495567,4.111111,2.6340652,0.21042193,0.1954143,0.1687229,0.25582108
PES09,1.2296752,0.73592967,0.39744502,1.0455642,1.9044967,1.5070517,23.825571,14.0985155,21.253857,14.711181,-20.099112,3.7231638,2.6222098,0.22075431,0.20477302,0.15463006,0.20771061
SPC01,0.81451994,0.8561786,0.146554,0.69803965,1.3344405,1.1878865,16.726992,11.815586,12.798631,8.952961,-23.186153,2.849162,2.1179101,0.2885488,0.21898001,0.1791813,0.241444
