ID,jitterLocal_sma3nz_amean,jitterLocal_sma3nz_stddevNorm,shimmerLocaldB_sma3nz_amean,shimmerLocaldB_sma3nz_stddevNorm,HNRdBACF_sma3nz_amean,HNRdBACF_sma3nz_stddevNorm,hammarbergIndexV_sma3nz_amean,hammarbergIndexV_sma3nz_stddevNorm,hammarbergIndexUV_sma3nz_amean
SOU01,0.033132143,2.3378878,1.0851687,0.95581883,9.978458,0.4322871,33.997402,0.22543865,33.749016
PES05,0.029374823,2.5526338,0.9872397,0.99843925,9.409689,0.6003518,26.806625,0.40567267,9.428494
SPC02,0.028227048,2.540531,1.0578619,0.8970433,8.453263,0.5517847,19.614185,0.46081257,13.9113865
BOD03,0.048835788,2.1858897,1.2601979,0.92957586,7.565387,0.88459975,27.355635,0.32370758,16.278763
BRE11,0.04357958,2.1829045,1.1455632,0.8630058,7.9808164,0.66256565,23.692911,0.3595515,13.958259
LRE10,0.04934948,1.5430673,1.5673653,0.56561124,0.2581144,13.285513,15.060335,0.45687774,13.398579
GRE11,0.045029156,2.0405688,1.4054742,0.76434284,5.5005803,0.9629767,20.062744,0.38484776,11.923564
LYO06,0.03734245,2.2329907,1.1990634,0.8777177,6.978522,0.751573,20.66488,0.46098164,8.676438
OCM06,0.035646096,2.147235,1.079542,1.0043299,8.668013,0.7011166,25.327717,0.46626362,12.538924
LDV08,0.04749248,1.944911,1.2924945,0.7835143,6.248296,0.9434431,23.261953,0.40592748,12.611463
SOU06,0.03574481,2.0779114,1.1126447,0.8790877,10.267102,0.43705216,33.115467,0.24509154,32.92008
LOR06,0.05207594,1.9140065,1.2718822,0.85588956,7.6610007,0.83577967,29.11386,0.35372153,15.212353
NOR10,0.058590483,1.6550076,1.2059845,0.72121894,1.7943476,2.4276433,20.267218,0.37738883,9.4902315
UPS10,0.04129626,2.17672,1.121685,0.9073093,8.013247,0.6988841,25.346031,0.35735193,10.933649
HES03,0.039799605,1.6911122,1.4099089,0.65642047,2.4280293,2.1459892,10.460853,0.8567289,6.115545
LOR01,0.06562289,1.8348827,1.4353585,0.74405265,6.267569,0.9132389,28.252337,0.30554602,14.059406
BOD13,0.06480845,1.798768,1.5880566,0.7527957,3.834504,1.3385597,23.03175,0.34584856,14.856913
NOR09,0.062369853,1.7243253,1.3443072,0.6793667,3.5783484,1.4185225,24.074179,0.3491689,11.24303
OCM03,0.036058515,2.0734665,1.1237156,0.78274864,7.04576,0.78954774,24.43834,0.35442,11.129035
PES10,0.040004026,1.8376085,1.7413282,0.71340257,1.9334064,2.1391835,20.406872,0.4847708,6.5451617
CFE04,0.06075711,1.7903092,1.5193603,0.55751646,6.1685386,0.86140645,33.32472,0.2505138,20.42369
SOU04,0.04677761,1.9659723,1.2326244,0.90470666,9.413277,0.57183254,33.446983,0.27883163,33.30655
UCA05,0.0368102,1.9459033,1.1790327,0.8161102,7.684079,0.8143111,20.494392,0.6310053,5.2038436
BOD09,0.047517307,1.9320468,1.3066149,0.7540772,7.149811,0.7981451,21.619736,0.45515636,13.237121
OCM13,0.05559168,1.9835242,1.2751153,0.9875997,6.1736307,1.126067,27.635601,0.3803029,13.081976
LRE07,0.053828537,1.7602319,1.4351056,0.5559453,1.6138341,2.5465856,14.400315,0.5096835,12.523905
POF05,0.025148295,2.3500137,0.95053935,0.9183595,9.021733,0.6287223,24.445175,0.35948807,10.434607
BOD10,0.049627922,1.9225167,1.2918186,0.75317746,6.375807,0.83324164,26.109386,0.32068312,14.695117
LDV10,0.041663677,1.9714396,1.3627622,0.7217507,3.7974734,1.0868285,22.401577,0.31914136,9.494512
OCM18,0.03907583,1.9083655,1.0772787,0.79827636,6.5973167,0.7570971,20.812555,0.5067389,8.25493
SPC10,0.03708472,1.9712294,1.3152916,0.7628905,5.4601808,0.7845877,15.709557,0.59798306,11.707653
LDV05,0.037717134,2.2092478,1.076947,0.8640308,8.179258,0.71290684,26.06722,0.38575432,11.001913
NOR03,0.052038882,1.9394343,1.1782916,0.74116844,5.157603,1.1381034,22.429663,0.3694236,11.701748
CFE10,0.047197882,2.117934,1.3059546,0.6244844,4.510041,1.1214467,29.682924,0.28729656,16.290834
PES06,0.032152005,1.7445505,1.3945053,0.7291968,4.057375,1.2705746,15.596162,0.8010993,6.823438
ANT02,0.048655044,1.5671682,1.170165,0.6096134,4.4331446,1.2558935,15.115795,0.4754476,6.7139006
LDV03,0.04431394,1.9112875,1.1579573,0.77348375,7.158756,0.7245814,23.98161,0.41700947,10.308265
LOR07,0.058656715,1.9905183,1.30054,0.8370603,7.333314,0.8738311,25.681097,0.34456384,15.073997
BFC06,0.023789844,1.9000499,0.9944805,0.9274952,9.263037,0.5599509,19.402779,0.4880927,6.528498
SOU15,0.03298086,2.2402327,1.1034287,0.9335023,10.706579,0.37782046,31.94479,0.22815883,35.433117
LYO14,0.03046927,1.772125,1.1702281,0.8142991,5.484789,0.9527944,15.638012,0.6467569,4.260384
UPS07,0.061694484,1.7611483,1.5724413,0.8293154,2.6278455,1.7856311,23.639668,0.44735697,10.078652
SPC08,0.04550264,2.029614,1.1581142,0.87151784,8.075929,0.68529737,22.127796,0.41518465,14.235343
UCA06,0.034972597,1.7981625,1.4593935,0.6916921,4.1192183,1.0970213,20.600866,0.5775169,6.5493426
POF02,0.043190863,1.9652778,1.5299191,0.7570783,4.3284354,1.239459,24.792868,0.32593957,15.177912
SOU13,0.05898059,1.860098,1.4981512,0.8050458,6.787085,0.6559364,30.414248,0.27404398,31.840197
LYO09,0.04200108,1.76261,1.5399355,0.76490974,1.9493096,2.3907604,10.525032,0.89932555,5.3329606
OCM15,0.04419024,2.0166957,1.4501587,0.82026005,4.0649476,1.171389,22.770437,0.39452055,10.874942
OCM19,0.036172867,1.9807405,1.3519175,0.74970186,3.5230644,1.135738,20.021124,0.4512358,10.635191
LYO02,0.048478123,1.9128388,1.5192658,0.7975513,3.05566,1.5641664,16.535372,0.50093365,7.465236
ANT01,0.06263635,1.7694229,1.3272927,0.62149686,3.2887645,1.4887373,25.719408,0.2928635,15.833507
LRE09,0.044870097,1.7054433,1.3248233,0.5257581,3.8984804,1.2506936,18.548018,0.40511325,12.937788
BOD12,0.038319033,2.0624397,1.1761448,0.7539547,7.6703615,0.6400938,20.08231,0.40484843,14.85653
BFC01,0.04075991,1.7749821,1.3885268,0.743049,4.4390087,0.93333685,18.404243,0.44440818,9.193667
UPS09,0.038936727,2.1694586,1.126935,0.9119649,8.808093,0.62971216,23.010216,0.44491762,12.154428
OCM11,0.03571771,2.1546583,1.2186233,0.89853615,5.0684667,1.0120174,25.91728,0.4352914,10.629237
CFE06,0.07207696,1.7086571,1.4823391,0.5751915,3.638137,1.4746536,26.605385,0.28753698,17.931847
UCA14,0.033547662,1.3981993,1.2819184,0.69355595,4.6224008,0.93820006,21.555988,0.4320782,7.1580505
SOU16,0.032808304,1.8596483,1.155922,0.9250776,10.031858,0.43303698,31.137415,0.26642722,32.976612
LRE01,0.05000164,1.7847697,1.2959906,0.564533,3.7680852,1.363994,15.513441,0.46900305,9.4015875
OCM05,0.03694489,2.2417204,1.2565193,0.90255445,6.674735,0.77357745,22.885698,0.42841667,12.328583
GRE03,0.045774635,2.0580103,1.2468663,0.8300968,6.8611608,0.8951684,26.196522,0.34930265,10.450328
BFC10,0.0457398,1.8571625,1.2830399,0.7811551,4.9619236,1.2468318,18.17243,0.5555483,7.06289
OCM16,0.03943319,1.9591899,1.2662067,0.7842074,3.8019009,1.1320475,15.785744,0.4975849,8.116647
OCM09,0.04598027,2.1185873,1.3881646,0.8758742,4.7010493,1.1153176,21.667433,0.43708485,11.163204
LYO13,0.046750233,1.6130153,1.626451,0.72948784,3.495753,1.3253762,16.547215,0.6461784,6.2427607
BOD11,0.07331056,1.7030448,1.5938023,0.6984089,3.0841234,1.757433,22.914389,0.3743141,12.670198
BRE03,0.047087107,2.0387452,1.2824732,0.7459954,6.988998,0.7595705,23.435183,0.37916145,9.983252
SOU11,0.04597665,2.2391434,1.4616398,0.8343062,5.263484,0.84279007,26.65908,0.29591358,32.71449
CFE01,0.0878593,1.6316065,1.6808509,0.5934906,1.1198059,4.1394243,31.316118,0.25037476,18.895407
LYO05,0.04218606,1.452663,1.7332106,0.6898475,2.0160708,2.2811193,12.795,0.8263542,4.1766496
LOR08,0.050096944,1.8820399,1.1971219,0.781085,7.354767,0.7618195,24.32756,0.4092268,8.767219
UCA12,0.036008533,1.6555043,1.2844133,0.75431997,6.9684134,0.8437193,17.589563,0.66771555,5.504629
ALS01,0.047525194,2.0420327,1.2460126,0.9109644,7.5815387,0.8394901,25.67471,0.3917851,13.012143
GRE08,0.035358544,1.8816715,1.3107748,0.7371013,5.077781,0.8991378,20.232615,0.46183163,8.854522
LYO03,0.039750703,2.0392938,1.6485958,0.7382104,3.2522132,1.2539302,22.061268,0.3838888,8.249455
SPC07,0.029926853,2.2497435,0.98082733,0.90186256,9.49113,0.5024428,22.80679,0.42244864,15.951313
SOU02,0.0321459,2.2164938,1.1205099,0.93030924,9.23596,0.47902352,31.53604,0.26505223,32.55551
OCM07,0.038925745,1.8858935,1.1460814,0.9054104,7.9030952,0.69755834,22.617104,0.5097185,10.545302
LYO10,0.034024123,1.9801053,1.1281456,0.78596103,6.699733,0.877135,12.65348,0.79816544,4.6744437
BRE09,0.03690458,2.2888455,1.1340461,0.895978,7.996022,0.68294233,28.815258,0.32679328,15.609841
SPC05,0.03924646,1.7475736,1.5284859,0.7337932,3.2546446,1.179329,14.482784,0.56769145,14.264864
LDV07,0.04286492,1.7803949,1.7299517,0.7273427,1.6580927,2.5802581,23.855827,0.33331588,13.694578
BFC04,0.03767103,1.8884344,1.2187233,0.7055311,6.7967453,0.7187727,17.503675,0.44057506,9.368162
CFE11,0.07745649,1.5821313,1.5116287,0.57207704,3.6438313,1.5386677,29.656805,0.28934568,19.612963
POF03,0.034322925,1.7694503,1.2512351,0.7759847,5.5871053,0.77489716,23.471016,0.40185097,9.363527
UPS15,0.041702922,1.9553405,1.1723791,0.8507705,7.8430066,0.65080124,21.231876,0.44381762,12.306284
ALS05,0.04162986,2.2778347,1.1380285,0.8929674,8.63677,0.6635117,25.86595,0.37370473,13.148208
BOD04,0.04393211,2.0221562,1.2620065,0.8210644,6.091192,0.85858214,18.412785,0.4499436,14.422133
GRE07,0.03702402,1.5395159,1.407934,0.72186506,3.386867,1.2832583,18.097963,0.507579,12.138641
LYO11,0.039655298,1.9589684,1.3548816,0.8411209,5.68561,0.9821547,19.982029,0.50341094,7.4179792
OCM02,0.028857201,2.1043806,0.98057896,0.8606849,8.086395,0.6190991,19.418234,0.47581995,8.888598
UPS02,0.05783873,2.132774,1.3793815,0.85988826,6.462811,0.7699914,27.073181,0.3354667,13.062119
SEN01,0.06517042,1.8880061,1.3723818,0.8414081,4.4418,1.4365547,28.649607,0.26498508,30.901264
OCM14,0.04479412,1.9267315,1.3908129,0.81793875,4.2423687,1.0069002,18.816269,0.4588823,10.910363
PES04,0.040086854,2.0151653,1.4478596,0.8137897,2.8717928,1.5947152,25.81131,0.3609684,11.496183
NOR05,0.050007854,2.0408688,1.1598055,0.742858,5.421679,1.1174496,20.937424,0.32355034,13.7556925
UPS03,0.059258748,1.8756843,1.4116373,0.8940422,6.284549,0.75251234,27.338238,0.3235305,12.701515
UPS11,0.05917414,1.8467504,1.377829,0.8576281,6.2007275,0.9984475,26.231897,0.4048143,11.173995
CVL01,0.039458387,1.8575042,1.14406,0.7121499,6.3205247,0.93226725,23.401354,0.42388105,9.935321
BRE16,0.04919538,1.873272,1.6793339,0.71960765,3.5971692,1.1919413,24.01251,0.38146442,14.06539
LOR04,0.059755664,1.8620933,1.4877608,0.7904559,3.408087,1.4884127,21.496674,0.37498018,12.997133
LYO12,0.042763088,1.818684,1.6054368,0.76509905,2.8183568,1.6361463,17.63899,0.51377034,7.9269013
BRE14,0.046938356,2.110396,1.197286,0.8694373,7.565793,0.77218735,28.437674,0.3607448,14.591233
HES07,0.03524493,1.7523739,1.5789311,0.65175563,3.404709,1.2788701,18.943796,0.41591778,10.240359
UCA13,0.044760194,1.7949958,1.4320989,0.753402,4.47069,1.1651187,20.49849,0.5092781,7.7002096
ALS03,0.04224626,2.119643,1.5447885,0.7920586,4.3051305,1.066123,22.891922,0.32554033,12.01207
CFE08,0.075441845,1.585387,1.554579,0.6035909,4.674914,1.3023093,31.915625,0.2656319,17.242496
BRE15,0.043553345,2.04136,1.247019,0.76816404,6.9032674,0.77498347,25.943134,0.3545558,13.773178
GRE12,0.05333904,1.8235049,1.7157352,0.6700824,2.1272974,2.147543,17.052303,0.45152923,12.127532
UPS08,0.04571705,2.0184736,1.177706,0.9530643,7.648024,0.7144099,25.900066,0.36705858,9.790746
GRE10,0.038304776,1.988696,1.1248616,0.74999523,6.9349823,0.87246126,18.956038,0.59476495,9.358995
HES01,0.030286234,1.9556307,1.2256229,0.72445434,6.264511,0.8293351,19.13893,0.4291312,8.739955
LOR10,0.07185301,1.9194452,1.5917588,0.7713853,3.6288373,1.4532857,26.20456,0.32696,13.958574
LRE05,0.04549209,1.8137455,1.3156495,0.5239257,4.0360003,1.1938967,17.57208,0.38360158,11.13194
LDV02,0.036907878,1.7264713,1.4876053,0.6912098,4.35178,0.98918635,25.735601,0.36906877,10.344053
UPL02,0.0615002,2.059013,1.3019323,0.98000145,6.812603,0.9781725,30.110703,0.3289685,17.699419
LYO01,0.04075503,1.7480959,1.2107748,0.85141706,6.2086353,0.86410874,19.333244,0.590596,6.8573117
SOU08,0.049760625,2.1063085,1.2550186,0.8899553,8.171241,0.590774,28.059868,0.2882063,31.019863
BRE05,0.05474775,1.7836497,1.8618567,0.6875567,2.8491123,1.5078263,19.797377,0.40505683,13.211682
CVL02,0.03927355,1.5860747,1.5318043,0.673625,1.9413705,2.0238912,18.125683,0.40129572,6.734232
HES02,0.04752601,1.6816154,1.5467875,0.66076535,3.128438,1.4792309,16.609102,0.44631806,8.076867
SPC04,0.03764998,1.7594684,1.3662916,0.7563158,4.756099,0.87248784,17.354034,0.53128713,11.535699
ALS09,0.04826213,2.1697354,1.3275422,0.8015733,6.9162135,0.79930145,26.312088,0.34331647,10.676807
SPC09,0.05127705,2.1173735,1.3189417,0.91867894,5.3747606,0.90011346,26.280855,0.3316566,14.190885
UPS13,0.05098797,2.0780003,1.3811023,0.8165565,5.0650697,1.017468,23.894384,0.4201305,12.644377
CVL04,0.042580318,1.7873017,1.1472688,0.7373423,6.791024,0.82899255,23.533058,0.36210135,12.217573
BOD07,0.035283025,2.002301,1.1636149,0.6875444,7.2791367,0.71232325,24.124647,0.3876421,14.5043745
SOU12,0.037189458,2.300297,1.2786459,0.87620723,8.362775,0.55208486,28.881565,0.28289595,33.925304
ALS04,0.034217138,2.1547105,1.0767081,0.79472214,8.594867,0.6161752,23.598064,0.42501774,10.43438
GRE01,0.042313684,1.9478046,1.3155646,0.6954403,6.0427475,0.94775575,22.04929,0.41334713,10.181368
BRE02,0.039250154,2.1604567,1.1982782,0.90514636,8.180034,0.66788954,25.054934,0.35298833,12.670581
PES08,0.035474814,2.0272772,1.3299812,0.76216793,4.8845186,0.9828285,22.388168,0.4409984,7.866628
LRE06,0.058961134,1.6337667,1.3701999,0.5654326,3.37355,1.6888431,19.062405,0.42603403,12.702863
BFC09,0.03600484,1.6049215,1.4186636,0.8163991,4.322899,1.0516549,18.923485,0.43189728,10.150763
LDV06,0.04514048,2.13758,1.2863039,0.9049934,7.1615543,0.92723423,27.474878,0.3482523,16.570925
NOR12,0.043241356,1.8902602,1.1371884,0.81577814,4.67649,1.0058255,26.237965,0.30723113,11.842491
UPL01,0.035154622,2.523808,0.95707273,1.0014443,8.485331,0.6615641,27.921524,0.3841759,13.486584
NOR02,0.04830021,1.7674148,1.2273389,0.58114177,4.9495673,1.0927761,23.048256,0.34119204,9.682253
UCA08,0.04267803,1.8167804,1.3867501,0.7150956,4.5810084,1.1125855,15.81694,0.74064404,6.2385826
UPS05,0.049099457,1.9919975,1.3154721,0.84077257,5.5683966,1.0360861,21.905748,0.36594853,13.363628
UPS06,0.040762514,2.2662215,1.118692,0.90789694,8.090132,0.6731617,25.355585,0.37894475,13.885731
OCM08,0.051156748,1.7546045,1.5020322,0.6615673,2.925547,1.4393342,14.650591,0.5777146,10.030347
NOR01,0.05492515,1.7972089,1.1596231,0.6684331,6.7387753,0.9393942,26.432976,0.32892707,12.65465
LOR05,0.05453704,1.9385768,1.6958922,0.7446062,3.48906,1.3055289,23.075485,0.36875126,15.262696
SOU05,0.048831534,2.011721,1.5050619,0.77099854,7.3492093,0.61525476,31.554434,0.24355264,34.631413
LDV04,0.033590145,1.6657746,1.5973257,0.7172538,3.2488327,1.1575289,23.069662,0.33876574,11.264081
CFE02,0.08965887,1.5655746,1.5667467,0.5963662,3.413945,1.7611027,28.98037,0.28847238,17.33743
SOU14,0.035998892,1.9334393,1.038932,0.88124555,9.679147,0.48122752,31.259182,0.2652929,31.856709
UCA15,0.046565756,1.7276351,1.4592446,0.7573957,5.0261774,1.0841987,20.206808,0.6127032,3.7698689
GRE04,0.047693018,1.6931657,1.6425216,0.70641136,2.2759945,2.1099267,19.495014,0.56270176,13.320906
LYO08,0.024694314,2.1822577,1.0419524,0.8609269,7.887668,0.6338925,16.227451,0.637661,5.495264
BRE08,0.060503613,1.7536137,1.2850742,0.86677647,7.4649186,0.7982271,29.256372,0.3113231,14.323921
NOR11,0.08062882,1.615027,1.4474114,0.75079274,2.0953765,2.2220187,23.035952,0.3098867,13.057821
LOR03,0.043747224,1.885108,1.2738289,0.710164,6.6768785,0.8425571,24.13862,0.34084105,12.592073
LYO04,0.028505513,1.7797651,1.2212386,0.8269572,6.7628045,0.87432724,15.345476,0.70267344,4.520321
OCM17,0.046376,2.1771507,1.3111877,0.8551022,5.494408,0.8971384,22.576372,0.40597856,10.946443
PES03,0.04981622,1.9474578,1.597217,0.7504281,3.4885273,1.3442075,22.532024,0.41283572,8.578138
ALS02,0.059754558,1.7957314,1.7983586,0.7346385,1.9378883,2.3730025,26.271189,0.30586788,11.8176565
SPC03,0.047818836,1.8459148,1.2838202,0.7841588,7.11455,0.8441067,21.701574,0.484343,9.041578
BFC07,0.032010294,1.8821491,1.4668822,0.7226415,4.3253827,0.9122972,16.967407,0.5651345,8.086308
NOR04,0.059254836,1.8486835,1.2629834,0.61912626,4.9635406,1.1112037,25.898355,0.2976978,14.756042
OCM20,0.034512334,2.1553094,1.0504087,0.9594388,8.823491,0.55085707,20.47696,0.42539743,11.939258
PES07,0.036725502,1.9582931,1.1246647,0.8982445,8.111304,0.69688773,22.848621,0.5109116,8.120893
LOR02,0.040206544,1.8869296,1.6310194,0.80061394,3.4227014,1.3273592,30.695456,0.32168248,14.410989
OCM10,0.047572583,1.8934689,1.0713315,0.8221512,6.3779955,0.8143865,22.250996,0.41810805,7.5119567
BRE12,0.04403724,1.8158731,1.316456,0.6773098,4.775235,1.0645719,15.073528,0.5327751,9.403873
UCA10,0.044084895,1.8250663,1.4104298,0.863745,4.981386,1.0943985,29.559683,0.4938848,7.821084
SOU10,0.036560304,1.8053356,1.547325,0.78034925,5.8001823,0.6155003,26.104963,0.2899083,32.46611
CFE05,0.07709786,1.6922634,1.5624224,0.57952815,3.6976104,1.603801,27.995249,0.28517592,19.210243
HES05,0.041326366,1.9059962,1.5923685,0.6875785,2.9321737,1.4619633,17.098936,0.4014592,10.263548
CFE07,0.08439201,1.6274765,1.5394508,0.6085568,3.6689222,1.605035,29.240675,0.28319353,18.453098
UPS01,0.043592397,2.1491773,1.333061,0.8453783,6.102132,0.7376871,23.281303,0.3494952,10.688929
BRE06,0.047639348,2.095447,1.1842376,0.91436654,7.466571,0.72475755,22.816181,0.37617916,10.415387
ALS11,0.054408528,1.8869181,1.3808471,0.8075039,6.825191,0.9180813,26.095753,0.37172174,11.799107
CFE03,0.069566496,1.6595552,1.5157567,0.57882315,5.4795547,1.0660443,33.486244,0.24480316,20.084846
SOU07,0.041183483,2.245722,1.2754216,0.87396264,8.4337435,0.53127074,26.66876,0.2870231,32.64322
BFC02,0.04480463,1.8352209,1.4513924,0.83127385,4.5847754,0.9779142,19.52106,0.429056,8.022787
NOR08,0.057053175,1.8518895,1.276742,0.6862711,4.1753154,1.3249177,26.963455,0.33890918,13.013129
UCA01,0.051719323,1.7573286,1.492383,0.7339593,3.8537729,1.281842,26.088093,0.57417387,11.442943
ALS06,0.037884675,2.1211402,1.2454704,0.8740011,7.273013,0.6709692,25.942068,0.322723,10.450684
GRE06,0.041155282,1.8586433,1.2509191,0.7902296,6.6042366,0.897006,20.52172,0.47391486,11.611037
SPC12,0.044425372,2.1228836,1.3948715,0.8339608,5.508404,0.7514553,23.279379,0.34648898,13.6390915
GRE15,0.042650893,1.9677765,1.1794543,0.78644955,6.8119464,0.8337335,20.945948,0.48845312,8.635636
POF01,0.032796644,2.1579747,1.0374244,0.9891629,9.029832,0.5693245,25.795582,0.37349308,13.462121
BRE10,0.04664743,2.0543694,1.1748639,0.8731248,7.677522,0.72029495,24.444813,0.34498662,12.526551
UPS12,0.05024055,2.0660617,1.2807133,0.85849047,7.5082455,0.74161386,24.934422,0.3480539,11.402405
GRE09,0.044134494,2.1175048,1.262008,0.79677844,6.4474607,0.94099313,22.25709,0.40219364,11.20079
SOU09,0.04851807,2.1011326,1.2291659,0.9645948,9.178973,0.55230165,34.337452,0.25920108,30.805946
UPS04,0.051423546,2.1237817,1.4192097,0.81902754,4.3370867,1.1461478,24.372515,0.34069702,12.709007
LRE11,0.06732328,1.6906623,1.5003706,0.58241296,1.2241569,3.3542974,17.643791,0.37826952,14.377086
BOD06,0.046881627,2.1079552,1.2560513,0.74102557,6.6245236,0.7777907,21.318316,0.35534123,13.15158
SEN02,0.110971205,1.2114909,1.3861817,0.6039632,-3.6015556,-0.56922805,14.948452,0.22680746,14.311527
OCM12,0.030747322,1.5727428,1.3541375,0.7137649,3.6754613,1.1079403,14.990137,0.64106303,9.275265
BOD15,0.051951338,1.7896441,1.5297769,0.6688476,2.7816787,1.4627764,19.93317,0.39353526,11.739152
GRE05,0.034158062,2.2362201,1.1444355,0.7718889,6.452593,0.7880243,15.614283,0.5121624,13.822086
SPC11,0.044810805,2.0562959,1.099288,0.94215906,8.041972,0.7226827,21.770197,0.42129302,13.156317
LRE08,0.056532037,1.7665622,1.4872491,0.5730467,1.0305632,3.8248413,16.896185,0.49021152,12.399547
LDV01,0.04013987,1.9258395,1.2267921,0.83972067,7.3338346,0.65697163,24.590246,0.364166,10.0142145
LRE02,0.065253906,1.6035471,1.3751571,0.55603653,2.9966104,1.758888,20.418425,0.35064444,12.325808
BRE04,0.03305992,1.9810739,1.1004195,0.78023034,8.504327,0.6117332,21.400366,0.39124873,11.599941
GRE02,0.046848882,2.005015,1.3636022,0.7989781,4.4782143,1.1267978,23.639439,0.38651443,10.390762
NOR07,0.045176752,1.9249367,1.1910616,0.71104974,4.9064274,1.105128,21.818304,0.36173874,11.118747
PES11,0.04122919,1.9967619,1.4835286,0.8217256,4.154368,1.2129958,22.137068,0.46638286,8.575418
OCM04,0.047985014,1.9479812,1.3926651,0.8240129,3.487693,1.4040141,18.876904,0.5691965,9.3884735
UPS14,0.061634704,1.9021307,1.4016572,0.8773696,6.4460974,0.7920014,24.756874,0.36279035,15.431337
ALS08,0.050305393,2.0598562,1.1973116,0.90781707,7.4626527,0.77993035,25.831673,0.38337713,11.694491
BFC03,0.037677225,2.0254922,1.0761453,0.89218223,8.649924,0.596297,21.364017,0.44834995,8.364446
BOD05,0.04707614,2.0870018,1.3892527,0.8014756,5.555519,0.8739543,21.234512,0.4224694,11.044132
BFC05,0.029191427,1.4949191,1.313402,0.7151991,5.416437,0.78305876,17.300526,0.47492433,7.9271455
BOD02,0.039353132,1.8498756,1.1481504,0.7941381,6.9918523,0.75261605,17.73552,0.46339408,11.186287
SPC06,0.036038894,2.067631,1.1368166,0.8405027,7.808284,0.60192245,18.167347,0.5036538,13.417228
LDV09,0.05181167,1.8084741,1.3477336,0.79462844,3.6940536,1.2667377,29.41869,0.3156971,16.121857
PES02,0.054430276,1.792776,1.7660666,0.76017654,2.7163885,1.6728559,27.216228,0.3401071,10.245368
ALS07,0.03906523,2.102614,1.0854722,0.9501479,8.976728,0.5737225,27.779554,0.3405112,11.6347885
ALS10,0.04138226,2.2158186,1.1948838,0.8551217,7.9529676,0.6847322,23.010931,0.38028678,12.19433
CFE09,0.04801782,1.8690594,1.3619648,0.5763075,5.6207333,0.9016953,27.384771,0.29935676,19.322006
BOD01,0.038200237,1.9675155,1.2532035,0.73588806,6.9850864,0.68235207,19.814602,0.38806355,15.848335
UCA04,0.048682477,1.5860283,1.3904625,0.68028706,5.360055,1.0415903,19.340534,0.61960375,7.0087714
PES01,0.03984899,1.7150291,1.1852496,0.7955197,6.593954,0.87958646,20.457712,0.5623478,8.726027
BOD08,0.03683027,2.1184402,1.0858471,0.8357967,8.262765,0.6823042,19.915813,0.43589216,11.83989
BRE07,0.030636482,2.494705,0.97764146,0.9396165,10.210515,0.58449787,27.81885,0.36877543,12.91687
LOR09,0.037996642,1.9329337,1.1784126,0.7462367,6.857857,0.8727051,21.009993,0.40895084,10.253673
HES08,0.04718698,1.6892066,1.62155,0.67706305,1.985004,2.111237,15.410605,0.47601378,7.872765
UCA07,0.037734974,1.6894709,1.1677564,0.7591588,7.0209537,0.71786153,22.620789,0.44745484,7.222288
HES06,0.054360405,1.7051024,1.4225518,0.7252614,5.4409757,0.9745534,22.426346,0.42188928,9.121409
LRE03,0.039491612,1.86635,1.4335432,0.5954422,2.0171187,2.1486473,13.471148,0.50805414,12.951794
UCA11,0.063125245,1.570711,1.515572,0.674792,3.0757203,1.7428203,21.636208,0.72908473,9.298123
BOD14,0.048245046,2.0020485,1.480554,0.8010548,4.7502384,0.9566698,20.745007,0.34892228,11.227691
HES04,0.031235378,1.8350413,1.4411079,0.6398928,4.1882715,1.075921,15.464726,0.44384626,6.9887414
SOU03,0.039185833,2.0485399,1.3303457,0.8998524,7.1431837,0.5899611,30.514372,0.24687758,34.502853
BOD16,0.050480008,1.7830312,1.651974,0.7139919,2.3412867,1.7442994,16.54958,0.4188416,14.658744
GRE13,0.034719683,1.6968725,1.5297312,0.688276,2.1741853,2.0399017,14.658531,0.68310624,5.080058
LYO07,0.03589973,2.2891862,1.1365362,0.9489554,7.2422657,0.7982444,19.795929,0.58028764,8.622271
LRE04,0.047124315,1.7896063,1.3843706,0.5474775,3.2664495,1.5345584,17.928722,0.44699696,10.165103
BRE13,0.050384674,2.0241706,1.3471172,0.8384695,5.4360986,0.9076188,23.80549,0.42563015,11.767647
CVL03,0.047842618,1.8673642,1.3386046,0.66417706,5.233473,1.0901008,22.615671,0.37080073,10.45742
UCA09,0.04325046,1.7040862,1.4562781,0.76471335,4.800631,1.0729592,22.860048,0.5035164,8.282272
POF04,0.040839583,1.9848666,1.5479616,0.74853367,3.4250824,1.2799983,28.094854,0.34910133,14.064168
BRE01,0.059866905,1.9693474,1.4071625,0.83454174,5.191565,1.149734,24.753689,0.3627716,14.32275
NOR06,0.06531741,1.6060392,1.2771593,0.62684095,3.5556684,1.3901094,23.093231,0.31637412,13.250116
UCA02,0.05294849,1.9206777,1.292971,0.8106435,6.3448443,0.9525253,22.879915,0.6846123,6.251856
UCA03,0.044852603,1.7110654,1.3030154,0.767536,6.190752,1.0221208,18.770933,0.7223332,4.127367
OCM01,0.026900971,1.8086203,1.0318356,0.7989902,8.396152,0.62913424,22.438148,0.4198614,8.56453
BFC08,0.041388657,1.951435,1.5956957,0.7060499,3.496398,1.2539887,17.492151,0.43745285,7.090548
GRE14,0.03575214,1.6434475,1.5270474,0.6756558,2.5764263,1.7804192,17.433558,0.5176305,7.839888
PES09,0.038606048,1.7214311,1.5766269,0.72472304,3.5416107,1.2078719,22.413969,0.39670584,6.7436066
SPC01,0.037059236,2.1447423,1.0737565,0.95950913,8.368531,0.59273875,25.194874,0.38757986,16.093647
