"videoclip";"confidence_rms";"persuasiveness_rms";"engagement_rms";"global_rms";"video";"presentation"
"ALS01_beginning";4,69041575982343;4,24264068711928;4,44409720865779;73,1214742739778;"beginning";"ALS01"
"ALS01_end";5;4,52769256906871;3,57071421427143;72,6722092687432;"end";"ALS01"
"ALS01_full";4,35889894354067;4,09267638593623;3,87298334620742;71,6746119626748;"full";"ALS01"
"ALS01_middle";4,35889894354067;4,15331193145904;3,87298334620742;66,8543192321932;"middle";"ALS01"
"ALS02_beginning";3,1091263510296;3,37885582211888;3,37885582211888;56,3108929663406;"beginning";"ALS02"
"ALS02_end";4,08248290463863;3,86221007541882;3,79692858329817;58,8592954992384;"end";"ALS02"
"ALS02_full";4,35889894354067;4,15331193145904;3,93700393700591;76,8635154023025;"full";"ALS02"
"ALS02_middle";4,69041575982343;4,69041575982343;3,80788655293195;70,1908113644514;"middle";"ALS02"
"ALS03_beginning";4,35889894354067;4,09267638593623;3,87298334620742;72,9948628329419;"beginning";"ALS03"
"ALS03_end";3,78593889720018;3,47610893576904;3,21455025366432;64,1645021279939;"end";"ALS03"
"ALS03_full";3,87298334620742;3,87298334620742;3,20156211871642;72,8491592264454;"full";"ALS03"
"ALS03_middle";4,35889894354067;4,35889894354067;4,15331193145904;75,1332150250473;"middle";"ALS03"
"ALS04_beginning";4,08248290463863;4,08248290463863;4,08248290463863;62,7826940061245;"beginning";"ALS04"
"ALS04_end";3,36650164612069;3,17542648054294;3,17542648054294;50,3148420779926;"end";"ALS04"
"ALS04_full";3,46410161513775;4,06201920231798;3,20156211871642;68,5966471483847;"full";"ALS04"
"ALS04_middle";5;4,76969600708473;4,76969600708473;76,65670225101;"middle";"ALS04"
"ALS05_beginning";3,46410161513775;3,20156211871642;3;50,4925737113885;"beginning";"ALS05"
"ALS05_end";3,87298334620742;3,57071421427143;3,1224989991992;61,3758910322286;"end";"ALS05"
"ALS05_full";3,87298334620742;3,57071421427143;3,64005494464026;64,7147587494538;"full";"ALS05"
"ALS05_middle";4,69041575982343;4,44409720865779;3,96862696659689;72,4085630295202;"middle";"ALS05"
"ALS06_beginning";4,35889894354067;3,64005494464026;3,87298334620742;59,5084027680125;"beginning";"ALS06"
"ALS06_end";3,69684550213647;3,69684550213647;3,69684550213647;56,1196638146262;"end";"ALS06"
"ALS06_full";4,69041575982343;4,44409720865779;4,24264068711928;79,2133195870492;"full";"ALS06"
"ALS06_middle";3,69684550213647;4,26223728418147;3,98956973452861;68,592395108107;"middle";"ALS06"
"ALS07_beginning";3,69684550213647;3,523729085311;3,2659863237109;56,497050070483;"beginning";"ALS07"
"ALS07_end";3,87298334620742;3,87298334620742;3,04138126514911;59,5671889549943;"end";"ALS07"
"ALS07_full";4;4,27200187265877;4;62,7255928628817;"full";"ALS07"
"ALS07_middle";4,43471156521669;4,43471156521669;3,95811402901264;71,8899622107751;"middle";"ALS07"
"ALS08_beginning";4;4,27200187265877;4;66,1456725719831;"beginning";"ALS08"
"ALS08_end";4,08248290463863;3,79692858329817;3,523729085311;61,752867679701;"end";"ALS08"
"ALS08_full";4;4,27200187265877;4;70,3740008810072;"full";"ALS08"
"ALS08_middle";4,24264068711928;4,38748219369606;3,74165738677394;63,7122437212817;"middle";"ALS08"
"ALS09_beginning";4;4,27200187265877;4,27200187265877;67,7901172738328;"beginning";"ALS09"
"ALS09_end";4,08248290463863;4,08248290463863;3,82970843102535;70,3520907057258;"end";"ALS09"
"ALS09_full";4,69041575982343;4,5;4,69041575982343;80,5512259372879;"full";"ALS09"
"ALS09_middle";3,87298334620742;2,69258240356725;3,87298334620742;63,0733699749744;"middle";"ALS09"
"ALS10_beginning";3,1091263510296;3,1091263510296;2,98607881119482;53,4337596156837;"beginning";"ALS10"
"ALS10_end";3,69684550213647;3,523729085311;2,85773803324704;60,4889797125614;"end";"ALS10"
"ALS10_full";4,35889894354067;3,90512483795333;4,41588043316392;67,3813772492074;"full";"ALS10"
"ALS10_middle";3,69684550213647;3,82970843102535;3,45205252953466;73,6777895071959;"middle";"ALS10"
"ALS11_beginning";3,69684550213647;3,523729085311;4,20317340430616;61,2753348964056;"beginning";"ALS11"
"ALS11_end";3,1091263510296;2,81365716935569;2,81365716935569;49,3043270582478;"end";"ALS11"
"ALS11_full";4,24264068711928;4,24264068711928;4,24264068711928;71,9583212700241;"full";"ALS11"
"ALS11_middle";4,43471156521669;4,43471156521669;3,95811402901264;76,5337616132035;"middle";"ALS11"
"ANT01_beginning";4,08248290463863;4,08248290463863;4,29146439652791;69,2651908729534;"beginning";"ANT01"
"ANT01_end";4,35889894354067;4,15331193145904;4,09267638593623;76,8830280361017;"end";"ANT01"
"ANT01_full";4,35889894354067;4,60977222864644;4,15331193145904;77,8909494100566;"full";"ANT01"
"ANT01_middle";3,16227766016838;3,39116499156263;2,78388218141501;64,1560597293818;"middle";"ANT01"
"ANT02_beginning";3,87298334620742;3,57071421427143;3,46410161513775;47,0611304581605;"beginning";"ANT02"
"ANT02_end";4,08248290463863;3,06865877325366;4,20317340430616;62,1463326887972;"end";"ANT02"
"ANT02_full";4,69041575982343;4,69041575982343;4,09267638593623;72,2634070605587;"full";"ANT02"
"ANT02_middle";3,36650164612069;4,13319892254575;3,61708906903512;68,6154744451522;"middle";"ANT02"
"BFC01_beginning";4,08248290463863;4,08248290463863;3,86221007541882;69,0953447539461;"beginning";"BFC01"
"BFC01_end";3,69684550213647;2,98607881119482;2,98607881119482;35,758448885077;"end";"BFC01"
"BFC01_full";3,69684550213647;3,69684550213647;3,45205252953466;61,3568795382121;"full";"BFC01"
"BFC01_middle";3,36650164612069;2,84312035153866;2,88675134594813;48,539502813001;"middle";"BFC01"
"BFC02_beginning";3,87298334620742;3,74165738677394;3,04138126514911;58,9682117754982;"beginning";"BFC02"
"BFC02_end";4,43471156521669;4,1733280085163;4,11298755975102;73,7032337599014;"end";"BFC02"
"BFC02_full";4,69041575982343;4,27200187265877;4,92442890089805;81,0154306289857;"full";"BFC02"
"BFC02_middle";4,69041575982343;4,92442890089805;4,24264068711928;65,3452370108182;"middle";"BFC02"
"BFC03_beginning";4,08248290463863;4,08248290463863;3,18852107828483;63,7135516720475;"beginning";"BFC03"
"BFC03_end";4,08248290463863;2,76887462097269;3,69684550213647;66,9881830375079;"end";"BFC03"
"BFC03_full";4,69041575982343;4,69041575982343;4,69041575982343;77,5419241442976;"full";"BFC03"
"BFC03_middle";4,35889894354067;4,35889894354067;3,64005494464026;63,4980314655502;"middle";"BFC03"
"BFC04_beginning";4;3,60555127546399;4,27200187265877;54,4632903890318;"beginning";"BFC04"
"BFC04_end";3,78593889720018;4,01040313850532;4,01040313850532;69,1381467305375;"end";"BFC04"
"BFC04_full";4,08248290463863;4,29146439652791;4,29146439652791;69,328325139633;"full";"BFC04"
"BFC04_middle";3,36650164612069;3,75277674973257;3,43996124009172;57,3897493750699;"middle";"BFC04"
"BFC05_beginning";3,69684550213647;3,69684550213647;3,45205252953466;60,5880901387943;"beginning";"BFC05"
"BFC05_end";4;3,67423461417477;4,27200187265877;58,3716540796987;"end";"BFC05"
"BFC05_full";4,43471156521669;4,1733280085163;3,95811402901264;74,6301994280242;"full";"BFC05"
"BFC05_middle";4;3,77491721763537;3,77491721763537;74,8481796705838;"middle";"BFC05"
"BFC06_beginning";4,08248290463863;4,08248290463863;4,29146439652791;64,4237275129798;"beginning";"BFC06"
"BFC06_end";4,08248290463863;4,08248290463863;3,79692858329817;65,1683716742;"end";"BFC06"
"BFC06_full";4,35889894354067;4,15331193145904;3,46410161513775;66,1645675569636;"full";"BFC06"
"BFC06_middle";3,69684550213647;3,82970843102535;3,2659863237109;75,9912275638884;"middle";"BFC06"
"BFC07_beginning";3,36650164612069;3,36650164612069;2,75378527364305;52,348193219378;"beginning";"BFC07"
"BFC07_end";3,36650164612069;3,17542648054294;3,17542648054294;59,6266159808968;"end";"BFC07"
"BFC07_full";4,69041575982343;4,44409720865779;4,44409720865779;77,7238702072922;"full";"BFC07"
"BFC07_middle";3,36650164612069;3,61708906903512;2,97209241668783;55,4399074073301;"middle";"BFC07"
"BFC08_beginning";3,69684550213647;3,2659863237109;2,38047614284762;61,5643294990424;"beginning";"BFC08"
"BFC08_end";3,36650164612069;3,17542648054294;2,88675134594813;45,2557546985279;"end";"BFC08"
"BFC08_full";4,35889894354067;3,93700393700591;4;73,3092763570887;"full";"BFC08"
"BFC08_middle";4,08248290463863;4,3493294502333;4,29146439652791;66,4636492126837;"middle";"BFC08"
"BFC09_beginning";3,69684550213647;3,2659863237109;2,85773803324704;64,005208121423;"beginning";"BFC09"
"BFC09_end";4;4;4;64,0331945165943;"end";"BFC09"
"BFC09_full";4,35889894354067;4,15331193145904;4,35889894354067;75,4387168501692;"full";"BFC09"
"BFC09_middle";4,08248290463863;3,79692858329817;3,79692858329817;57,0233870150368;"middle";"BFC09"
"BFC10_beginning";2,70801280154532;2,70801280154532;2,3094010767585;52,6719406642031;"beginning";"BFC10"
"BFC10_end";3,69684550213647;3,18852107828483;3,92640632979658;58,0897294421885;"end";"BFC10"
"BFC10_full";4,24264068711928;3,96862696659689;3,96862696659689;74,1350119714025;"full";"BFC10"
"BFC10_middle";2,51661147842358;2,25462487641145;2,61406452355969;44,4812694662971;"middle";"BFC10"
"BOD01_beginning";4,08248290463863;3,37885582211888;3,37885582211888;54,6298148145009;"beginning";"BOD01"
"BOD01_end";2,70801280154532;2,70801280154532;2,46644143115812;46,9583148476746;"end";"BOD01"
"BOD01_full";3,55902608401044;3,55902608401044;3,79692858329817;62,2949971238997;"full";"BOD01"
"BOD01_middle";4,08248290463863;3,86221007541882;4,29146439652791;69,6036397515724;"middle";"BOD01"
"BOD02_beginning";3,55902608401044;3,22748612183951;3,79692858329817;64,8530389933014;"beginning";"BOD02"
"BOD02_end";4;3,77491721763537;3,08220700148449;62,5819462784596;"end";"BOD02"
"BOD02_full";3,69684550213647;3,82970843102535;3,98956973452861;75,5176579792214;"full";"BOD02"
"BOD02_middle";4,08248290463863;4,54606056566195;3,79692858329817;63,8409481968013;"middle";"BOD02"
"BOD03_beginning";4,08248290463863;3,82970843102535;4,08248290463863;62,7229357306135;"beginning";"BOD03"
"BOD03_end";4,08248290463863;3,79692858329817;4,08248290463863;66,329983164981;"end";"BOD03"
"BOD03_full";5;4,76969600708473;4,52769256906871;78,2511980738953;"full";"BOD03"
"BOD03_middle";3,46410161513775;2,87228132326901;3,77491721763537;57,8921410901342;"middle";"BOD03"
"BOD04_beginning";3,78593889720018;3,71931893407023;3,61708906903512;60,5874024309785;"beginning";"BOD04"
"BOD04_end";2,70801280154532;2,46644143115812;2,46644143115812;36,7332728372158;"end";"BOD04"
"BOD04_full";4,35889894354067;4,15331193145904;4,35889894354067;69,3974062915899;"full";"BOD04"
"BOD04_middle";3,46410161513775;2,54950975679639;3,46410161513775;46,4004310324807;"middle";"BOD04"
"BOD05_beginning";3,36650164612069;3,36650164612069;3,17542648054294;61,6610357789531;"beginning";"BOD05"
"BOD05_end";3,69684550213647;3,523729085311;3,2659863237109;59,0818641096121;"end";"BOD05"
"BOD05_full";4;3,53553390593274;3,77491721763537;70,5;"full";"BOD05"
"BOD05_middle";3,1091263510296;3,30403793359983;3,55902608401044;63,5701712021186;"middle";"BOD05"
"BOD06_beginning";4,08248290463863;3,2659863237109;3,79692858329817;61,9630266099604;"beginning";"BOD06"
"BOD06_end";3,46410161513775;3,46410161513775;3;62,0443389843102;"end";"BOD06"
"BOD06_full";4,35889894354067;4,15331193145904;4,15331193145904;74,8799038460921;"full";"BOD06"
"BOD06_middle";4,43471156521669;3,89444048184931;3,89444048184931;66,5989239152305;"middle";"BOD06"
"BOD07_beginning";4,69041575982343;4,44409720865779;4,5;71,0088022712678;"beginning";"BOD07"
"BOD07_end";4;3,77491721763537;3,77491721763537;61,2760148834762;"end";"BOD07"
"BOD07_full";4,69041575982343;4,44409720865779;4,69041575982343;78,2464056682478;"full";"BOD07"
"BOD07_middle";4,35889894354067;4,15331193145904;3,64005494464026;70,7036066972541;"middle";"BOD07"
"BOD08_beginning";3,69684550213647;3,523729085311;3,523729085311;51,8836840120925;"beginning";"BOD08"
"BOD08_end";2,94392028877595;2,53311402559511;3,06865877325366;43,4674207501051;"end";"BOD08"
"BOD08_full";3,69684550213647;3,69684550213647;3,45205252953466;66,8013223422012;"full";"BOD08"
"BOD08_middle";3,55902608401044;3,79692858329817;3,22748612183951;51,3874173963497;"middle";"BOD08"
"BOD09_beginning";4,08248290463863;3,79692858329817;3,55902608401044;64,5981165876116;"beginning";"BOD09"
"BOD09_end";3;3,77491721763537;2,95803989154981;59,0571756859401;"end";"BOD09"
"BOD09_full";5;4,76969600708473;4,76969600708473;81,5950366137549;"full";"BOD09"
"BOD09_middle";3,1091263510296;3,1091263510296;3,30403793359983;62,2709134882946;"middle";"BOD09"
"BOD10_beginning";3,36650164612069;3,09569593683445;2,88675134594813;51,162323377006;"beginning";"BOD10"
"BOD10_end";4,35889894354067;3,70809924354783;2,73861278752583;54,7654087905861;"end";"BOD10"
"BOD10_full";4,08248290463863;4,08248290463863;4,54606056566195;67,5067897819669;"full";"BOD10"
"BOD10_middle";4,35889894354067;3,64005494464026;3,64005494464026;62,9563340737054;"middle";"BOD10"
"BOD11_beginning";2,82842712474619;2,82842712474619;2,82842712474619;43,8120987856094;"beginning";"BOD11"
"BOD11_end";3,36650164612069;2,88675134594813;2,25462487641145;52,4531537024547;"end";"BOD11"
"BOD11_full";3,55902608401044;3,55902608401044;3,73050488093323;59,8866985787885;"full";"BOD11"
"BOD11_middle";3,46410161513775;3,39116499156263;3,53553390593274;60,180977060862;"middle";"BOD11"
"BOD12_beginning";3,36650164612069;3,17542648054294;3,43996124009172;50,0408166733251;"beginning";"BOD12"
"BOD12_end";3,1091263510296;3,30403793359983;2,43241991988774;63,5052491268766;"end";"BOD12"
"BOD12_full";4,69041575982343;4;4,69041575982343;78,7623006266323;"full";"BOD12"
"BOD12_middle";4,69041575982343;4;4,35889894354067;74,4160600945791;"middle";"BOD12"
"BOD13_beginning";3,36650164612069;3,43996124009172;3,17542648054294;53,3486957041438;"beginning";"BOD13"
"BOD13_end";3,1091263510296;2,81365716935569;2,43241991988774;44,0388086426809;"end";"BOD13"
"BOD13_full";3,87298334620742;3,87298334620742;3,87298334620742;63,9433342890406;"full";"BOD13"
"BOD13_middle";4,43471156521669;4,62781445897161;4,02077936060494;61,9024770640616;"middle";"BOD13"
"BOD14_beginning";4;4;4,27200187265877;62,5339907570275;"beginning";"BOD14"
"BOD14_end";3,36650164612069;3,17542648054294;3,36650164612069;54,8915597640779;"end";"BOD14"
"BOD14_full";4;4,27200187265877;3,60555127546399;72,9383301152419;"full";"BOD14"
"BOD14_middle";3,36650164612069;3,36650164612069;3,17542648054294;49,7502093797939;"middle";"BOD14"
"BOD15_beginning";3,46410161513775;3,64005494464026;3,39116499156263;59,1206393740798;"beginning";"BOD15"
"BOD15_end";3,36650164612069;3,17542648054294;2,51661147842358;59,1298007212381;"end";"BOD15"
"BOD15_full";4,69041575982343;4,44409720865779;4,44409720865779;78,5366156642874;"full";"BOD15"
"BOD15_middle";4,35889894354067;4,60977222864644;4,09267638593623;77,4548255436677;"middle";"BOD15"
"BOD16_beginning";4,08248290463863;3,79692858329817;3,30403793359983;58,7381193661039;"beginning";"BOD16"
"BOD16_end";3,69684550213647;3,69684550213647;2,98607881119482;53,1381846384186;"end";"BOD16"
"BOD16_full";3,55902608401044;3,95811402901264;3,37885582211888;52,6181210864343;"full";"BOD16"
"BOD16_middle";3,36650164612069;3,09569593683445;3,61708906903512;49,0824136869137;"middle";"BOD16"
"BRE01_beginning";3,36650164612069;3,685557397916;3,75277674973257;61,5636526964843;"beginning";"BRE01"
"BRE01_end";4;3,35410196624968;3,08220700148449;55,4346462061408;"end";"BRE01"
"BRE01_full";4,69041575982343;4,69041575982343;4,5;73,3876692639847;"full";"BRE01"
"BRE01_middle";4,08248290463863;3,79692858329817;3,62859017617954;63,3692880397647;"middle";"BRE01"
"BRE02_beginning";4,35889894354067;4,35889894354067;4,35889894354067;72,9725975966321;"beginning";"BRE02"
"BRE02_end";3,69684550213647;3,69684550213647;4,11298755975102;66,0353440716914;"end";"BRE02"
"BRE02_full";4,69041575982343;4,69041575982343;4,69041575982343;77,6884804845609;"full";"BRE02"
"BRE02_middle";3,69684550213647;3,92640632979658;3,45205252953466;66,6852057555997;"middle";"BRE02"
"BRE03_beginning";3,46410161513775;3,77491721763537;3,53553390593274;68,0716534249022;"beginning";"BRE03"
"BRE03_end";4,08248290463863;4,08248290463863;3,69684550213647;66,7133170114233;"end";"BRE03"
"BRE03_full";4,69041575982343;4,69041575982343;4,69041575982343;86,0610248602699;"full";"BRE03"
"BRE03_middle";4,08248290463863;3,69684550213647;3,18852107828483;54,0501310513366;"middle";"BRE03"
"BRE04_beginning";3,69684550213647;3,69684550213647;3,2659863237109;65,6556674375234;"beginning";"BRE04"
"BRE04_end";4,35889894354067;3,64005494464026;3,93700393700591;67,5666337773312;"end";"BRE04"
"BRE04_full";5;5;4,76969600708473;82,2359410476952;"full";"BRE04"
"BRE04_middle";3,46410161513775;3,46410161513775;3,20156211871642;50,6482971085899;"middle";"BRE04"
"BRE05_beginning";4,35889894354067;4,35889894354067;3,87298334620742;77,7351271948532;"beginning";"BRE05"
"BRE05_end";4,35889894354067;3,64005494464026;4,15331193145904;56;"end";"BRE05"
"BRE05_full";4,69041575982343;4,44409720865779;4,44409720865779;71,0334428280088;"full";"BRE05"
"BRE05_middle";3,36650164612069;3,36650164612069;3,17542648054294;59,3113255064607;"middle";"BRE05"
"BRE06_beginning";3,36650164612069;3,17542648054294;3,17542648054294;54,4548742844324;"beginning";"BRE06"
"BRE06_end";4;4,06201920231798;3,35410196624968;63,5413251356942;"end";"BRE06"
"BRE06_full";4,35889894354067;3,64005494464026;3,39116499156263;68,1982404465101;"full";"BRE06"
"BRE06_middle";3,78593889720018;3,61708906903512;3,54729944229879;52,1448303605768;"middle";"BRE06"
"BRE07_beginning";3,36650164612069;3,61708906903512;3,43996124009172;65,8489432970138;"beginning";"BRE07"
"BRE07_end";2,70801280154532;3,01385688667085;2,3094010767585;45,8512086354693;"end";"BRE07"
"BRE07_full";4,43471156521669;3,66287682930599;3,48807492274273;66,18282758138;"full";"BRE07"
"BRE07_middle";4,08248290463863;3,79692858329817;3,37885582211888;69,682613804784;"middle";"BRE07"
"BRE08_beginning";4;3,53553390593274;3,53553390593274;69,4172168845741;"beginning";"BRE08"
"BRE08_end";3,69684550213647;3,92640632979658;4,20317340430616;62,1523665411597;"end";"BRE08"
"BRE08_full";4,35889894354067;4,35889894354067;4,41588043316392;76,0608309184169;"full";"BRE08"
"BRE08_middle";4,43471156521669;3,89444048184931;3,89444048184931;70,73483347451;"middle";"BRE08"
"BRE09_beginning";4,35889894354067;4,15331193145904;3,87298334620742;61,7231723099194;"beginning";"BRE09"
"BRE09_end";3,78593889720018;3,78593889720018;4,22295315310664;70,1753755482173;"end";"BRE09"
"BRE09_full";4,69041575982343;4,44409720865779;4,69041575982343;78,5859402183368;"full";"BRE09"
"BRE09_middle";4,69041575982343;4,44409720865779;3,5;72,233994767007;"middle";"BRE09"
"BRE10_beginning";3,69684550213647;4,20317340430616;3,69684550213647;72,7300946422227;"beginning";"BRE10"
"BRE10_end";3,1091263510296;3,30403793359983;3,55902608401044;66,8424765150624;"end";"BRE10"
"BRE10_full";4,35889894354067;4,35889894354067;4,35889894354067;73,1846978541279;"full";"BRE10"
"BRE10_middle";3,69684550213647;3,523729085311;3,2659863237109;55,9791627899763;"middle";"BRE10"
"BRE11_beginning";3,36650164612069;3,36650164612069;2,88675134594813;48,3924925306946;"beginning";"BRE11"
"BRE11_end";3,36650164612069;2,88675134594813;3,17542648054294;57,4376473520054;"end";"BRE11"
"BRE11_full";3,87298334620742;3,87298334620742;4,03112887414927;66,6652083173825;"full";"BRE11"
"BRE11_middle";4,08248290463863;3,92640632979658;3,62859017617954;65,4153396893012;"middle";"BRE11"
"BRE12_beginning";4,69041575982343;4,92442890089805;4,92442890089805;81,7817216742225;"beginning";"BRE12"
"BRE12_end";3,36650164612069;3,17542648054294;3,43996124009172;52,2023307270215;"end";"BRE12"
"BRE12_full";5;5;4,58257569495584;83,8525491562421;"full";"BRE12"
"BRE12_middle";4,08248290463863;4,3493294502333;3,79692858329817;70,8337254891105;"middle";"BRE12"
"BRE13_beginning";4;4;3,77491721763537;60,4359164735673;"beginning";"BRE13"
"BRE13_end";3,1091263510296;2,81365716935569;3,45205252953466;31,9517865958489;"end";"BRE13"
"BRE13_full";5;4,27200187265877;3,67423461417477;65,8919570205651;"full";"BRE13"
"BRE13_middle";4,08248290463863;4,08248290463863;3,62859017617954;69,5605252040744;"middle";"BRE13"
"BRE14_beginning";4;4;3,77491721763537;66,4717985314073;"beginning";"BRE14"
"BRE14_end";3,87298334620742;3,57071421427143;3,87298334620742;56,4977875673021;"end";"BRE14"
"BRE14_full";3,69684550213647;3,523729085311;3,5939764421413;60,3814265040721;"full";"BRE14"
"BRE14_middle";3,36650164612069;2,88675134594813;3,17542648054294;50,3396795116271;"middle";"BRE14"
"BRE15_beginning";3,69684550213647;3,2659863237109;3,18852107828483;62,4092674742034;"beginning";"BRE15"
"BRE15_end";4,08248290463863;4,02077936060494;4,29146439652791;63,893792082382;"end";"BRE15"
"BRE15_full";4,35889894354067;4,15331193145904;4,35889894354067;70,5177282674364;"full";"BRE15"
"BRE15_middle";3,46410161513775;3,20156211871642;3,93700393700591;66,3343802262447;"middle";"BRE15"
"BRE16_beginning";4,08248290463863;4,3493294502333;3,69684550213647;63,7292449874205;"beginning";"BRE16"
"BRE16_end";4,08248290463863;3,92640632979658;4,20317340430616;65,1952196611582;"end";"BRE16"
"BRE16_full";4,35889894354067;4,15331193145904;4,35889894354067;69,740590763199;"full";"BRE16"
"BRE16_middle";4,69041575982343;4,44409720865779;4,69041575982343;80,806868519947;"middle";"BRE16"
"CFE01_beginning";3,87298334620742;3,80788655293195;3,1224989991992;59,4537635478192;"beginning";"CFE01"
"CFE01_end";4,35889894354067;4,35889894354067;4;69,4496220292091;"end";"CFE01"
"CFE01_full";4,69041575982343;4,44409720865779;4,24264068711928;78,0112171421521;"full";"CFE01"
"CFE01_middle";4,35889894354067;3,60555127546399;3,64005494464026;68,4269683677423;"middle";"CFE01"
"CFE02_beginning";4,69041575982343;4,69041575982343;4,69041575982343;77,6627323753163;"beginning";"CFE02"
"CFE02_end";3,1091263510296;3,30403793359983;3,1091263510296;44,33865882801;"end";"CFE02"
"CFE02_full";3,36650164612069;3,91578004149024;3,61708906903512;63,3390348310845;"full";"CFE02"
"CFE02_middle";3,36650164612069;3,09569593683445;3,685557397916;66,5682607053341;"middle";"CFE02"
"CFE03_beginning";3,78593889720018;3,29140294302192;3,47610893576904;64,9525467809641;"beginning";"CFE03"
"CFE03_end";3,3166247903554;2,95803989154981;3,3166247903554;49,1858719552678;"end";"CFE03"
"CFE03_full";4,35889894354067;4,15331193145904;4,35889894354067;72,8079665970696;"full";"CFE03"
"CFE03_middle";3,69684550213647;3,69684550213647;3,69684550213647;66,9228411431155;"middle";"CFE03"
"CFE04_beginning";4;4,27200187265877;3,60555127546399;75,4320886625844;"beginning";"CFE04"
"CFE04_end";3,1091263510296;2,81365716935569;2,9011491975882;51,5816504841273;"end";"CFE04"
"CFE04_full";4,24264068711928;4,38748219369606;3,67423461417477;64,805478163501;"full";"CFE04"
"CFE04_middle";3,36650164612069;3,17542648054294;2,88675134594813;59,0917365909425;"middle";"CFE04"
"CFE05_beginning";4,24264068711928;4,12310562561766;3,67423461417477;65,49236596734;"beginning";"CFE05"
"CFE05_end";3,36650164612069;3,09569593683445;2,88675134594813;48,5703956472802;"end";"CFE05"
"CFE05_full";4,43471156521669;4,1733280085163;4,62781445897161;66,2583328092902;"full";"CFE05"
"CFE05_middle";4,69041575982343;4,03112887414927;4,92442890089805;70,7937144102497;"middle";"CFE05"
"CFE06_beginning";4,08248290463863;3,69684550213647;3,79692858329817;62,0114236787599;"beginning";"CFE06"
"CFE06_end";3,69684550213647;3,2659863237109;3,2659863237109;48,6920595853848;"end";"CFE06"
"CFE06_full";4,35889894354067;4,09267638593623;4,60977222864644;73,7495762699692;"full";"CFE06"
"CFE06_middle";3,55902608401044;3,95811402901264;3,73050488093323;65,3599010607166;"middle";"CFE06"
"CFE07_beginning";4,35889894354067;4,15331193145904;3,46410161513775;64,9769189789728;"beginning";"CFE07"
"CFE07_end";4,08248290463863;3,79692858329817;3,92640632979658;58,3452368807143;"end";"CFE07"
"CFE07_full";4,24264068711928;4,33012701892219;4,12310562561766;73,7088868454815;"full";"CFE07"
"CFE07_middle";3,69684550213647;3,98956973452861;3,69684550213647;71,8673546658472;"middle";"CFE07"
"CFE08_beginning";4;4,06201920231798;4,27200187265877;73,5527021937332;"beginning";"CFE08"
"CFE08_end";4,69041575982343;3,74165738677394;4,03112887414927;73,2512798523002;"end";"CFE08"
"CFE08_full";3,69684550213647;3,69684550213647;3,69684550213647;60,9624201181898;"full";"CFE08"
"CFE08_middle";3,78593889720018;3,78593889720018;3,71931893407023;50,2974485767751;"middle";"CFE08"
"CFE09_beginning";3,69684550213647;3,523729085311;3,69684550213647;51,2924620842738;"beginning";"CFE09"
"CFE09_end";4,69041575982343;3,96862696659689;3,77491721763537;67,622111768267;"end";"CFE09"
"CFE09_full";4,08248290463863;4,20317340430616;3,92640632979658;65,3809350397091;"full";"CFE09"
"CFE09_middle";4,08248290463863;4,08248290463863;3,37885582211888;64,5768276293181;"middle";"CFE09"
"CFE10_beginning";3,87298334620742;3,3166247903554;3,3166247903554;56,153806638553;"beginning";"CFE10"
"CFE10_end";4,35889894354067;4,35889894354067;4,60977222864644;73,9459261893446;"end";"CFE10"
"CFE10_full";4,69041575982343;4,24264068711928;4,5;72,5809892464962;"full";"CFE10"
"CFE10_middle";3,55902608401044;3,41565025531987;3,48807492274273;55,945658157418;"middle";"CFE10"
"CFE11_beginning";3,36650164612069;2,97209241668783;3,85140666943045;58,9010469629644;"beginning";"CFE11"
"CFE11_end";3;2,78388218141501;2,78388218141501;43,560303029249;"end";"CFE11"
"CFE11_full";5;4,76969600708473;4,76969600708473;86,0653821231278;"full";"CFE11"
"CFE11_middle";4,43471156521669;4,1733280085163;3,66287682930599;62,6192196267781;"middle";"CFE11"
"CVL01_beginning";3,55902608401044;3,66287682930599;3,55902608401044;54,5863230733365;"beginning";"CVL01"
"CVL01_end";3,36650164612069;3,21455025366432;3,75277674973257;51,733290377989;"end";"CVL01"
"CVL01_full";4,35889894354067;4,41588043316392;4,35889894354067;80,0874522007037;"full";"CVL01"
"CVL01_middle";3,69684550213647;3,69684550213647;3,523729085311;55,6319752180944;"middle";"CVL01"
"CVL02_beginning";4,35889894354067;4,35889894354067;4,60977222864644;69,9821405788648;"beginning";"CVL02"
"CVL02_end";3,87298334620742;3,87298334620742;4,24264068711928;62,1449917531574;"end";"CVL02"
"CVL02_full";4,24264068711928;3,46410161513775;4,24264068711928;68,1945745642569;"full";"CVL02"
"CVL02_middle";4,35889894354067;4,15331193145904;4,15331193145904;76,8700201639105;"middle";"CVL02"
"CVL03_beginning";4,35889894354067;4,09267638593623;3,60555127546399;68,8258672302791;"beginning";"CVL03"
"CVL03_end";4,35889894354067;4,15331193145904;4,35889894354067;77,5370878999205;"end";"CVL03"
"CVL03_full";4,08248290463863;4,29146439652791;4,08248290463863;70,3485370613111;"full";"CVL03"
"CVL03_middle";4,35889894354067;4,35889894354067;3,64005494464026;69,2314957226839;"middle";"CVL03"
"CVL04_beginning";3,36650164612069;3,36650164612069;3,36650164612069;54,0955943985583;"beginning";"CVL04"
"CVL04_end";3,78593889720018;4,01040313850532;3,01385688667085;71,1764239993366;"end";"CVL04"
"CVL04_full";4,69041575982343;4,69041575982343;4,69041575982343;83,2556304402291;"full";"CVL04"
"CVL04_middle";3,69684550213647;3,45205252953466;3,69684550213647;58,4522597225006;"middle";"CVL04"
"GRE01_beginning";3,78593889720018;3,54729944229879;3,78593889720018;67,0155454602388;"beginning";"GRE01"
"GRE01_end";3,36650164612069;2,97209241668783;4,19324854180304;52,6719406642031;"end";"GRE01"
"GRE01_full";4,08248290463863;3,79692858329817;3,79692858329817;67,3455022007162;"full";"GRE01"
"GRE01_middle";4,08248290463863;4,29146439652791;4,29146439652791;68,1554595514304;"middle";"GRE01"
"GRE02_beginning";3,36650164612069;3,09569593683445;3,09569593683445;55,6199904111223;"beginning";"GRE02"
"GRE02_end";4,35889894354067;4,35889894354067;4,41588043316392;77,4209274033836;"end";"GRE02"
"GRE02_full";4,43471156521669;3,89444048184931;4,37797517885457;82,2734262484957;"full";"GRE02"
"GRE02_middle";4,35889894354067;3,64005494464026;3,70809924354783;65,2226954364813;"middle";"GRE02"
"GRE03_beginning";3,46410161513775;3;3,46410161513775;54,7014625033006;"beginning";"GRE03"
"GRE03_end";3,1091263510296;2,81365716935569;3,2659863237109;37,4087779360228;"end";"GRE03"
"GRE03_full";4,08248290463863;3,37885582211888;3,55902608401044;69,687995140244;"full";"GRE03"
"GRE03_middle";4,69041575982343;4,24264068711928;3,96862696659689;68,4598422434642;"middle";"GRE03"
"GRE04_beginning";4,08248290463863;4,02077936060494;4,02077936060494;69,0862986898753;"beginning";"GRE04"
"GRE04_end";4,69041575982343;4,44409720865779;4,5;77,6788259437538;"end";"GRE04"
"GRE04_full";3,87298334620742;3,5;3,64005494464026;55,3172667437573;"full";"GRE04"
"GRE04_middle";4,35889894354067;3,87298334620742;3,87298334620742;70,8607789965648;"middle";"GRE04"
"GRE05_beginning";3,69684550213647;3,69684550213647;3,69684550213647;64,8723104773267;"beginning";"GRE05"
"GRE05_end";4,08248290463863;4,08248290463863;4,08248290463863;60,0888231426333;"end";"GRE05"
"GRE05_full";4,08248290463863;4,29146439652791;4,08248290463863;59,9451137847503;"full";"GRE05"
"GRE05_middle";3,69684550213647;3,523729085311;3,82970843102535;63,0231438970373;"middle";"GRE05"
"GRE06_beginning";4;3,90512483795333;4;61,8101933341095;"beginning";"GRE06"
"GRE06_end";4,69041575982343;4,69041575982343;4,09267638593623;72,1491510691567;"end";"GRE06"
"GRE06_full";4,35889894354067;4,41588043316392;4,41588043316392;80,0078121185675;"full";"GRE06"
"GRE06_middle";4,43471156521669;4,11298755975102;3,89444048184931;68,5486445282959;"middle";"GRE06"
"GRE07_beginning";3,87298334620742;3,57071421427143;3,57071421427143;71,2267505927373;"beginning";"GRE07"
"GRE07_end";3,78593889720018;3,29140294302192;3,85140666943045;52,0080122032494;"end";"GRE07"
"GRE07_full";4,08248290463863;3,92640632979658;4,3493294502333;76,6447432422255;"full";"GRE07"
"GRE07_middle";3,69684550213647;3,69684550213647;3,06865877325366;67,1186759901197;"middle";"GRE07"
"GRE08_beginning";4,35889894354067;3,87298334620742;4,15331193145904;69,9088692513332;"beginning";"GRE08"
"GRE08_end";4;3,53553390593274;3,90512483795333;61,9737847803408;"end";"GRE08"
"GRE08_full";4,43471156521669;4,43471156521669;4,62781445897161;75,8759953257067;"full";"GRE08"
"GRE08_middle";4,08248290463863;3,62859017617954;3,55902608401044;66,3808456308495;"middle";"GRE08"
"GRE09_beginning";4,35889894354067;4,15331193145904;4,27200187265877;70,72658623177;"beginning";"GRE09"
"GRE09_end";4,08248290463863;4,29146439652791;4,78713553878169;72,0792388047118;"end";"GRE09"
"GRE09_full";4,43471156521669;4,62781445897161;4,62781445897161;80,963983762329;"full";"GRE09"
"GRE09_middle";4;4,27200187265877;4,06201920231798;62,8927658797099;"middle";"GRE09"
"GRE10_beginning";4,35889894354067;4,60977222864644;3,70809924354783;73,8393526515502;"beginning";"GRE10"
"GRE10_end";4,35889894354067;4,15331193145904;4,18330013267038;72,8783232518422;"end";"GRE10"
"GRE10_full";3,69684550213647;3,82970843102535;3,2659863237109;56,2997927764096;"full";"GRE10"
"GRE10_middle";3,69684550213647;3,523729085311;3,45205252953466;68,3001952169001;"middle";"GRE10"
"GRE11_beginning";4,08248290463863;3,37885582211888;3,10912635102961;62,3952455453672;"beginning";"GRE11"
"GRE11_end";4,08248290463863;3,79692858329817;4,08248290463863;56,7553228047085;"end";"GRE11"
"GRE11_full";4,69041575982343;4,69041575982343;4,69041575982343;79,263800060305;"full";"GRE11"
"GRE11_middle";5;4,33012701892219;4,52769256906871;71,8174769815816;"middle";"GRE11"
"GRE12_beginning";3,69684550213647;3,69684550213647;3,98956973452861;65,5108133567785;"beginning";"GRE12"
"GRE12_end";3,36650164612069;3,36650164612069;2,51661147842358;54,743340538675;"end";"GRE12"
"GRE12_full";4,35889894354067;4,35889894354067;4,60977222864644;68,7331797605785;"full";"GRE12"
"GRE12_middle";4,69041575982343;4,18330013267038;4,24264068711928;70,7672240518165;"middle";"GRE12"
"GRE13_beginning";3,46410161513775;3,77491721763537;3,20156211871642;67,3368398426894;"beginning";"GRE13"
"GRE13_end";3;3,278719262151;3,60555127546399;45,392730695564;"end";"GRE13"
"GRE13_full";5;5;4,76969600708473;79,8670770718448;"full";"GRE13"
"GRE13_middle";4,69041575982343;4,44409720865779;3,96862696659689;68,3831119502469;"middle";"GRE13"
"GRE14_beginning";4,43471156521669;4,29146439652791;4,02077936060494;65,2297222642153;"beginning";"GRE14"
"GRE14_end";3,69684550213647;3,2659863237109;3,7638632635454;63,3633700703069;"end";"GRE14"
"GRE14_full";4,35889894354067;4,60977222864644;3,70809924354783;74,2260062242338;"full";"GRE14"
"GRE14_middle";4;3,35410196624968;3,77491721763537;64,6954403339215;"middle";"GRE14"
"GRE15_beginning";4,43471156521669;4,02077936060494;3,95811402901264;63,8624824655812;"beginning";"GRE15"
"GRE15_end";4,35889894354067;4,35889894354067;3,87298334620742;64,0897807766574;"end";"GRE15"
"GRE15_full";5;5;4,76969600708473;79,6962985338717;"full";"GRE15"
"GRE15_middle";3,69684550213647;3,69684550213647;3,14907393794853;63,7155135478532;"middle";"GRE15"
"HES01_beginning";3,69684550213647;3,523729085311;3,7638632635454;56,1597424020683;"beginning";"HES01"
"HES01_end";4,08248290463863;3,37885582211888;3,62859017617954;54,5725816382794;"end";"HES01"
"HES01_full";4,69041575982343;4,35889894354067;4,09267638593623;77,445141874749;"full";"HES01"
"HES01_middle";3,1091263510296;3,37885582211888;3,30403793359983;54,0778759444809;"middle";"HES01"
"HES02_beginning";3,69684550213647;2,98607881119482;2,53311402559511;50,1863195170424;"beginning";"HES02"
"HES02_end";4,08248290463863;3,18852107828483;3,55902608401044;70,4390989910197;"end";"HES02"
"HES02_full";5;4,09267638593623;5;67,5481309882072;"full";"HES02"
"HES02_middle";3,55902608401044;3,41565025531987;3,22748612183951;57,7941750236706;"middle";"HES02"
"HES03_beginning";3,1091263510296;2,9011491975882;3,69684550213647;39,8737591238482;"beginning";"HES03"
"HES03_end";3,46410161513775;3,20156211871642;3,39116499156263;58,9745707911469;"end";"HES03"
"HES03_full";4,69041575982343;4,69041575982343;4,69041575982343;76,7072356430604;"full";"HES03"
"HES03_middle";3,36650164612069;3,61708906903512;3,61708906903512;54,8209205808634;"middle";"HES03"
"HES04_beginning";4;3,35410196624968;3,8405728739343;54,7174560812178;"beginning";"HES04"
"HES04_end";4,43471156521669;3,66287682930599;3,66287682930599;65,3445993687823;"end";"HES04"
"HES04_full";4,08248290463863;4,08248290463863;4,3493294502333;69,0030192576141;"full";"HES04"
"HES04_middle";4,35889894354067;4,60977222864644;3,87298334620742;71,5367038659177;"middle";"HES04"
"HES05_beginning";4;3,35410196624968;3,8405728739343;55,879334283794;"beginning";"HES05"
"HES05_end";3,69684550213647;2,98607881119482;3,45205252953466;56,8653380071434;"end";"HES05"
"HES05_full";3,46410161513775;3;3;53,5023363975817;"full";"HES05"
"HES05_middle";3,1091263510296;3,62859017617954;2,58198889747161;52,5824749005471;"middle";"HES05"
"HES06_beginning";3,55902608401044;3,95811402901264;3,73050488093323;59,1220489045049;"beginning";"HES06"
"HES06_end";3,87298334620742;3,87298334620742;3,20156211871642;63,9257381654682;"end";"HES06"
"HES06_full";4,08248290463863;3,5939764421413;3,523729085311;55,8987179340159;"full";"HES06"
"HES06_middle";3,69684550213647;3,69684550213647;2,62995563967658;56,4062644275143;"middle";"HES06"
"HES07_beginning";3;3,53553390593274;3,278719262151;57,5282539279613;"beginning";"HES07"
"HES07_end";4,08248290463863;3,55902608401044;3,55902608401044;60,7343944290767;"end";"HES07"
"HES07_full";5;5;4,52769256906871;86,3510277877455;"full";"HES07"
"HES07_middle";4,08248290463863;3,37885582211888;3,79692858329817;69,0971538246451;"middle";"HES07"
"HES08_beginning";4,08248290463863;4,02077936060494;4,29146439652791;70,8249014589266;"beginning";"HES08"
"HES08_end";4,35889894354067;4,09267638593623;3,39116499156263;61,7008914036094;"end";"HES08"
"HES08_full";3,78593889720018;3,17542648054294;4,01040313850532;66,1217311731426;"full";"HES08"
"HES08_middle";4,08248290463863;4,08248290463863;4,08248290463863;71,5431105464857;"middle";"HES08"
"LDV01_beginning";4;4;3,90512483795333;67,6128685976272;"beginning";"LDV01"
"LDV01_end";4,08248290463863;3,79692858329817;3,79692858329817;60,3545082547001;"end";"LDV01"
"LDV01_full";4,35889894354067;4,35889894354067;4,41588043316392;80,541914553852;"full";"LDV01"
"LDV01_middle";4,69041575982343;4,69041575982343;4,24264068711928;70,6240044177615;"middle";"LDV01"
"LDV02_beginning";3,36650164612069;3,61708906903512;3,685557397916;52,5721726137824;"beginning";"LDV02"
"LDV02_end";3,78593889720018;3,29140294302192;3,01385688667085;50,7945207018762;"end";"LDV02"
"LDV02_full";4,69041575982343;4,69041575982343;4,5;75,1598296964542;"full";"LDV02"
"LDV02_middle";4,35889894354067;4,09267638593623;3,77491721763537;69,6060342211794;"middle";"LDV02"
"LDV03_beginning";3,87298334620742;3,74165738677394;3,46410161513775;62,549980015984;"beginning";"LDV03"
"LDV03_end";4,08248290463863;3,86221007541882;3,55902608401044;65,2124732445156;"end";"LDV03"
"LDV03_full";4,69041575982343;4,09267638593623;4,24264068711928;73,7071909653325;"full";"LDV03"
"LDV03_middle";3,69684550213647;3,523729085311;3,06865877325366;60,3172170003447;"middle";"LDV03"
"LDV04_beginning";3;3,77491721763537;3,60555127546399;53,9560005930758;"beginning";"LDV04"
"LDV04_end";4,08248290463863;3,69684550213647;3,37885582211888;67,5104930115806;"end";"LDV04"
"LDV04_full";4,35889894354067;3,87298334620742;3,87298334620742;67,1286079104878;"full";"LDV04"
"LDV04_middle";3,55902608401044;3,02765035409749;3,02765035409749;50,5016501380565;"middle";"LDV04"
"LDV05_beginning";4,43471156521669;3,73050488093323;4,02077936060494;65,6080533674538;"beginning";"LDV05"
"LDV05_end";4,08248290463863;3,86221007541882;3,79692858329817;66,8536959835929;"end";"LDV05"
"LDV05_full";4,35889894354067;3,64005494464026;3,64005494464026;58,5064099052403;"full";"LDV05"
"LDV05_middle";4;3,278719262151;3,278719262151;55,6012589785519;"middle";"LDV05"
"LDV06_beginning";3,36650164612069;3,36650164612069;3,61708906903512;68,1475115711009;"beginning";"LDV06"
"LDV06_end";4,08248290463863;3,82970843102535;3,82970843102535;65,7545942628092;"end";"LDV06"
"LDV06_full";4,08248290463863;4,08248290463863;3,55902608401044;66,9657872847521;"full";"LDV06"
"LDV06_middle";4,43471156521669;4,37797517885457;3,73050488093323;73,2626553345336;"middle";"LDV06"
"LDV07_beginning";4,08248290463863;4,29146439652791;3,37885582211888;65,7336798503375;"beginning";"LDV07"
"LDV07_end";4,69041575982343;3,96862696659689;3,96862696659689;68,2367203197809;"end";"LDV07"
"LDV07_full";4,43471156521669;4,62781445897161;4,1733280085163;78,1691541892751;"full";"LDV07"
"LDV07_middle";4,35889894354067;3,87298334620742;3,278719262151;66,4849607054107;"middle";"LDV07"
"LDV08_beginning";4,69041575982343;4,18330013267038;4,69041575982343;71,4632772828115;"beginning";"LDV08"
"LDV08_end";3,69684550213647;3,45205252953466;4,11298755975102;63,035043163836;"end";"LDV08"
"LDV08_full";3,87298334620742;3,87298334620742;4,03112887414927;75,4735052849674;"full";"LDV08"
"LDV08_middle";4,08248290463863;4,3493294502333;3,79692858329817;75,3287240477805;"middle";"LDV08"
"LDV09_beginning";3,46410161513775;3,20156211871642;3,53553390593274;54,817880294663;"beginning";"LDV09"
"LDV09_end";4,08248290463863;3,523729085311;3,10912635102961;55,5645270533878;"end";"LDV09"
"LDV09_full";4,08248290463863;4,3493294502333;4,08248290463863;70,2525207139692;"full";"LDV09"
"LDV09_middle";3,46410161513775;3,46410161513775;3,53553390593274;55,3669576552658;"middle";"LDV09"
"LDV10_beginning";4;3,53553390593274;3,8405728739343;60,3179077886493;"beginning";"LDV10"
"LDV10_end";3,55902608401044;3,02765035409749;2,72335577306137;58,5654904074632;"end";"LDV10"
"LDV10_full";3,3166247903554;3,67423461417477;3,5;65,8255269633294;"full";"LDV10"
"LDV10_middle";4,08248290463863;3,37885582211888;3,37885582211888;67,174523940752;"middle";"LDV10"
"LOR01_beginning";4;4;4,27200187265877;54,3737068811756;"beginning";"LOR01"
"LOR01_end";3,78593889720018;3,29140294302192;3,29140294302192;55,030294686957;"end";"LOR01"
"LOR01_full";4,08248290463863;4,08248290463863;4,08248290463863;78,0347144972458;"full";"LOR01"
"LOR01_middle";3,87298334620742;3,57071421427143;3,1224989991992;56,7516519583351;"middle";"LOR01"
"LOR02_beginning";4,35889894354067;4,35889894354067;4,60977222864644;74,9549864918939;"beginning";"LOR02"
"LOR02_end";4,35889894354067;4,35889894354067;4,09267638593623;66,2683936730022;"end";"LOR02"
"LOR02_full";4,69041575982343;3,77491721763537;4,35889894354067;76,8472510894176;"full";"LOR02"
"LOR02_middle";4,35889894354067;4,35889894354067;3,46410161513775;67,7126280689208;"middle";"LOR02"
"LOR03_beginning";4,35889894354067;4,09267638593623;4,15331193145904;74,0725995223605;"beginning";"LOR03"
"LOR03_end";3,55902608401044;3,48807492274273;3,22748612183951;59,6650372216985;"end";"LOR03"
"LOR03_full";3,87298334620742;3,80788655293195;3,64005494464026;56,771471708949;"full";"LOR03"
"LOR03_middle";2,82842712474619;2,73861278752583;2,73861278752583;50,7961612722851;"middle";"LOR03"
"LOR04_beginning";3,69684550213647;3,69684550213647;4,46280927966529;70,1973408803116;"beginning";"LOR04"
"LOR04_end";4,35889894354067;4;3,87298334620742;67,2439588364635;"end";"LOR04"
"LOR04_full";4,35889894354067;4,60977222864644;4,41588043316392;82,0137183646736;"full";"LOR04"
"LOR04_middle";4,08248290463863;4,29146439652791;3,69684550213647;72,6613147876273;"middle";"LOR04"
"LOR05_beginning";4,08248290463863;4,29146439652791;3,92640632979658;68,7234797333973;"beginning";"LOR05"
"LOR05_end";3,87298334620742;4,03112887414927;3,74165738677394;65,5972560401729;"end";"LOR05"
"LOR05_full";4,35889894354067;4,15331193145904;4,15331193145904;67,3516889172053;"full";"LOR05"
"LOR05_middle";3,69684550213647;3,82970843102535;3,5939764421413;62,4813305449449;"middle";"LOR05"
"LOR06_beginning";4,08248290463863;3,30403793359983;3,86221007541882;59,5245047578446;"beginning";"LOR06"
"LOR06_end";3,36650164612069;3,43996124009172;2,97209241668783;53,8918670425634;"end";"LOR06"
"LOR06_full";4;3,53553390593274;2,87228132326901;53,6889187821845;"full";"LOR06"
"LOR06_middle";4,43471156521669;3,73050488093323;3,48807492274273;49,4789517539192;"middle";"LOR06"
"LOR07_beginning";4,35889894354067;4,35889894354067;4,41588043316392;70,9242553714877;"beginning";"LOR07"
"LOR07_end";3,87298334620742;3,74165738677394;3,5;69,3397432934389;"end";"LOR07"
"LOR07_full";3,78593889720018;3,85140666943045;3,61708906903512;55,146018290837;"full";"LOR07"
"LOR07_middle";4,35889894354067;3,87298334620742;3,64005494464026;64,2417309853961;"middle";"LOR07"
"LOR08_beginning";3,69684550213647;3,523729085311;4,26223728418147;65,1837147350983;"beginning";"LOR08"
"LOR08_end";3,87298334620742;3,74165738677394;4,24264068711928;65,8331223625312;"end";"LOR08"
"LOR08_full";5;4,09267638593623;4,76969600708473;78,5143299022541;"full";"LOR08"
"LOR08_middle";4,35889894354067;3,87298334620742;3,87298334620742;68,1267201617691;"middle";"LOR08"
"LOR09_beginning";3,69684550213647;2,98607881119482;3,5939764421413;49,5572060014148;"beginning";"LOR09"
"LOR09_end";4,08248290463863;3,55902608401044;3,2659863237109;56,4328509528507;"end";"LOR09"
"LOR09_full";4,08248290463863;3,86221007541882;3,69684550213647;59,0776325411459;"full";"LOR09"
"LOR09_middle";4,08248290463863;3,69684550213647;3,62859017617954;61,4261073702922;"middle";"LOR09"
"LOR10_beginning";3,69684550213647;3,69684550213647;3,523729085311;60,7590871118606;"beginning";"LOR10"
"LOR10_end";4,08248290463863;3,55902608401044;3,55902608401044;60,0513669009013;"end";"LOR10"
"LOR10_full";3,69684550213647;3,45205252953466;3,2659863237109;45,9011619315532;"full";"LOR10"
"LOR10_middle";4,08248290463863;4,08248290463863;3,37885582211888;64,5981165876116;"middle";"LOR10"
"LRE01_beginning";3,78593889720018;3,29140294302192;4,01040313850532;39,6841698077878;"beginning";"LRE01"
"LRE01_end";3,55902608401044;3,37885582211888;3,22748612183951;51,7075107374806;"end";"LRE01"
"LRE01_full";4,35889894354067;4,15331193145904;4,15331193145904;69,656299069072;"full";"LRE01"
"LRE01_middle";3,1091263510296;2,81365716935569;3,1091263510296;54,117156860525;"middle";"LRE01"
"LRE02_beginning";4,35889894354067;3,64005494464026;3,93700393700591;56,9275855802791;"beginning";"LRE02"
"LRE02_end";4;4,06201920231798;3,08220700148449;48,479377058704;"end";"LRE02"
"LRE02_full";5;3,80788655293195;4,33012701892219;83,8525491562421;"full";"LRE02"
"LRE02_middle";4;4;3,08220700148449;64,1911208813182;"middle";"LRE02"
"LRE03_beginning";2,38047614284762;2,94392028877595;2,62995563967658;45,551253184371;"beginning";"LRE03"
"LRE03_end";4,43471156521669;3,48807492274273;3,48807492274273;53,3869522136886;"end";"LRE03"
"LRE03_full";3,69684550213647;3,82970843102535;3,98956973452861;59,0966722131345;"full";"LRE03"
"LRE03_middle";3,69684550213647;3,18852107828483;3,2659863237109;48,5789735036329;"middle";"LRE03"
"LRE04_beginning";4,08248290463863;4,08248290463863;4,29146439652791;70,9412902805317;"beginning";"LRE04"
"LRE04_end";3,78593889720018;3,47610893576904;3,21455025366432;57,3810363563898;"end";"LRE04"
"LRE04_full";4,35889894354067;4,15331193145904;3,39116499156263;67,9043444854598;"full";"LRE04"
"LRE04_middle";4;4,27200187265877;3,67423461417477;73,5968749336546;"middle";"LRE04"
"LRE05_beginning";3,36650164612069;3,61708906903512;3,51188458428425;56,6487716842416;"beginning";"LRE05"
"LRE05_end";3,36650164612069;3,36650164612069;3,36650164612069;59,6915683604756;"end";"LRE05"
"LRE05_full";4;4,52769256906871;4,27200187265877;76,0871211178344;"full";"LRE05"
"LRE05_middle";3,69684550213647;3,7638632635454;3,7638632635454;58,988699482754;"middle";"LRE05"
"LRE06_beginning";3,87298334620742;3,57071421427143;3,64005494464026;55,1112511198938;"beginning";"LRE06"
"LRE06_end";3,78593889720018;3,61708906903512;3,01385688667085;55,146018290837;"end";"LRE06"
"LRE06_full";3,3166247903554;3,35410196624968;3,35410196624968;57,7602804702332;"full";"LRE06"
"LRE06_middle";4,08248290463863;3,79692858329817;3,37885582211888;67,0198975429437;"middle";"LRE06"
"LRE07_beginning";4;3,08220700148449;3,90512483795333;56,1716120473678;"beginning";"LRE07"
"LRE07_end";3,36650164612069;3,51188458428425;4,19324854180304;57,4180575545127;"end";"LRE07"
"LRE07_full";4,08248290463863;3,79692858329817;3,55902608401044;64,2760971642388;"full";"LRE07"
"LRE07_middle";4,35889894354067;4,60977222864644;4,60977222864644;74,2041103982792;"middle";"LRE07"
"LRE08_beginning";2,38047614284762;2,94392028877595;3,55902608401044;50,1663898109747;"beginning";"LRE08"
"LRE08_end";4,24264068711928;3,96862696659689;3,74165738677394;61,1064644698088;"end";"LRE08"
"LRE08_full";4,08248290463863;3,79692858329817;3,92640632979658;71,9473186899044;"full";"LRE08"
"LRE08_middle";4,35889894354067;3,87298334620742;3,64005494464026;65,354800894808;"middle";"LRE08"
"LRE09_beginning";2,70801280154532;2,70801280154532;2,79880927062444;45,2143045211727;"beginning";"LRE09"
"LRE09_end";3,87298334620742;3,57071421427143;3,57071421427143;59,4705809623548;"end";"LRE09"
"LRE09_full";3,55902608401044;3,37885582211888;3,37885582211888;57,3011052831153;"full";"LRE09"
"LRE09_middle";3,1091263510296;2,58198889747161;2,58198889747161;35,8422469533743;"middle";"LRE09"
"LRE10_beginning";3,87298334620742;3,74165738677394;4,03112887414927;53,6097006147208;"beginning";"LRE10"
"LRE10_end";4,69041575982343;4,44409720865779;4,44409720865779;72,0798168699117;"end";"LRE10"
"LRE10_full";3,46410161513775;4,15331193145904;3,39116499156263;53,0306515140065;"full";"LRE10"
"LRE10_middle";4,08248290463863;4,3493294502333;3,523729085311;69,0881079974453;"middle";"LRE10"
"LRE11_beginning";4,08248290463863;3,55902608401044;3,18852107828483;64,0442555321449;"beginning";"LRE11"
"LRE11_end";4;4;3,77491721763537;65,6981734905926;"end";"LRE11"
"LRE11_full";4,69041575982343;4,92442890089805;4,44409720865779;82,4545329257282;"full";"LRE11"
"LRE11_middle";3,87298334620742;4,03112887414927;3,5;61,3697808371514;"middle";"LRE11"
"LYO01_beginning";4,35889894354067;4,35889894354067;4,60977222864644;76,597976474578;"beginning";"LYO01"
"LYO01_end";4,08248290463863;4,08248290463863;3,62859017617954;66,6345756095637;"end";"LYO01"
"LYO01_full";4;3,77491721763537;3,53553390593274;66,9440064531546;"full";"LYO01"
"LYO01_middle";4,69041575982343;4,18330013267038;3,96862696659689;75,2861208988748;"middle";"LYO01"
"LYO02_beginning";3,69684550213647;3,2659863237109;3,82970843102535;49,5572060014148;"beginning";"LYO02"
"LYO02_end";3,69684550213647;3,45205252953466;3,92640632979658;68,3148348945283;"end";"LYO02"
"LYO02_full";4,08248290463863;3,69684550213647;4,08248290463863;70,8989891794422;"full";"LYO02"
"LYO02_middle";4;4,06201920231798;3,80788655293195;59,1903708385072;"middle";"LYO02"
"LYO03_beginning";4;4,27200187265877;3,67423461417477;59,3738157776641;"beginning";"LYO03"
"LYO03_end";4,35889894354067;4,15331193145904;3,87298334620742;72,9811619529314;"end";"LYO03"
"LYO03_full";4,35889894354067;4,35889894354067;4,35889894354067;83,8436044072534;"full";"LYO03"
"LYO03_middle";4,69041575982343;4,03112887414927;3,87298334620742;62,2314229308635;"middle";"LYO03"
"LYO04_beginning";4,43471156521669;3,66287682930599;3,37885582211888;63,2686072761734;"beginning";"LYO04"
"LYO04_end";3,69684550213647;3,69684550213647;2,98607881119482;57,0737826560205;"end";"LYO04"
"LYO04_full";4,35889894354067;3,87298334620742;4,35889894354067;76,6028720088222;"full";"LYO04"
"LYO04_middle";4,69041575982343;4,69041575982343;4,09267638593623;73,167615787314;"middle";"LYO04"
"LYO05_beginning";4,43471156521669;4,02077936060494;4,29146439652791;72,7129057779062;"beginning";"LYO05"
"LYO05_end";4,08248290463863;3,79692858329817;3,06865877325366;59,4278273762946;"end";"LYO05"
"LYO05_full";3,55902608401044;3,22748612183951;3,22748612183951;49,2282100697016;"full";"LYO05"
"LYO05_middle";4,08248290463863;4,29146439652791;4,3493294502333;68,6925517553881;"middle";"LYO05"
"LYO06_beginning";5;4,52769256906871;4,27200187265877;74,8565294413253;"beginning";"LYO06"
"LYO06_end";3,69684550213647;3,7638632635454;3,45205252953466;65,3158990343597;"end";"LYO06"
"LYO06_full";4,35889894354067;4,60977222864644;4,60977222864644;77,4402995861974;"full";"LYO06"
"LYO06_middle";4,08248290463863;4,08248290463863;3,62859017617954;73,5980072193987;"middle";"LYO06"
"LYO07_beginning";4,69041575982343;4,44409720865779;4,18330013267038;72,4085630295202;"beginning";"LYO07"
"LYO07_end";4;4,27200187265877;4,27200187265877;77,9262471828331;"end";"LYO07"
"LYO07_full";4,69041575982343;4,24264068711928;4,03112887414927;68,1964075300158;"full";"LYO07"
"LYO07_middle";4,08248290463863;4,08248290463863;4,08248290463863;66,5219262098345;"middle";"LYO07"
"LYO08_beginning";4,35889894354067;3,46410161513775;3,87298334620742;54,4242592967511;"beginning";"LYO08"
"LYO08_end";4,35889894354067;4,35889894354067;4,09267638593623;70,5319076730525;"end";"LYO08"
"LYO08_full";4,08248290463863;4,08248290463863;3,92640632979658;69,1387493860474;"full";"LYO08"
"LYO08_middle";3,78593889720018;3,47610893576904;3,61708906903512;60,7048872277458;"middle";"LYO08"
"LYO09_beginning";4,35889894354067;4,35889894354067;4,60977222864644;78,8717313110344;"beginning";"LYO09"
"LYO09_end";4,69041575982343;4,24264068711928;4,18330013267038;66,5620011718398;"end";"LYO09"
"LYO09_full";4,35889894354067;4,35889894354067;4,15331193145904;80,6535802057168;"full";"LYO09"
"LYO09_middle";4;4,27200187265877;4,27200187265877;61,3555213489381;"middle";"LYO09"
"LYO10_beginning";4,43471156521669;4,62781445897161;3,89444048184931;72,7421244305297;"beginning";"LYO10"
"LYO10_end";4,08248290463863;4,3493294502333;3,92640632979658;76,3440676586378;"end";"LYO10"
"LYO10_full";4,69041575982343;4,27200187265877;4,92442890089805;66,1192105216026;"full";"LYO10"
"LYO10_middle";3,69684550213647;4,20317340430616;3,2659863237109;61,7548918440205;"middle";"LYO10"
"LYO11_beginning";4,69041575982343;4,92442890089805;4,44409720865779;68,1872422084953;"beginning";"LYO11"
"LYO11_end";3,78593889720018;3,78593889720018;3,71931893407023;71,0551429055866;"end";"LYO11"
"LYO11_full";4,69041575982343;4,44409720865779;4,5;75,8798392196504;"full";"LYO11"
"LYO11_middle";4;3,77491721763537;4,27200187265877;63,7338214765128;"middle";"LYO11"
"LYO12_beginning";3,69684550213647;3,523729085311;3,7638632635454;64,0988819455275;"beginning";"LYO12"
"LYO12_end";3,36650164612069;3,43996124009172;3,40342964277702;61,5047423645798;"end";"LYO12"
"LYO12_full";4,35889894354067;4,15331193145904;4,15331193145904;69,238717492455;"full";"LYO12"
"LYO12_middle";3,55902608401044;3,48807492274273;3,55902608401044;52,4181902269304;"middle";"LYO12"
"LYO13_beginning";4,35889894354067;3,64005494464026;3,70809924354783;70,3988636271922;"beginning";"LYO13"
"LYO13_end";4;3,77491721763537;3,35410196624968;67,913547985656;"end";"LYO13"
"LYO13_full";3,87298334620742;4,24264068711928;3,64005494464026;68,0128664298161;"full";"LYO13"
"LYO13_middle";3,69684550213647;3,18852107828483;3,14907393794853;55,1241024114377;"middle";"LYO13"
"LYO14_beginning";4,35889894354067;4,15331193145904;4,15331193145904;65,9924238075857;"beginning";"LYO14"
"LYO14_end";4;4,27200187265877;3,60555127546399;74,1046557241851;"end";"LYO14"
"LYO14_full";4,35889894354067;4,84767985741633;4,60977222864644;80,4098874517307;"full";"LYO14"
"LYO14_middle";3,69684550213647;4,20317340430616;3,98956973452861;65,9159818759204;"middle";"LYO14"
"NOR01_beginning";4,08248290463863;3,92640632979658;4,08248290463863;62,2769352703444;"beginning";"NOR01"
"NOR01_end";4,43471156521669;4,37797517885457;4,1733280085163;67,9276575973783;"end";"NOR01"
"NOR01_full";4,69041575982343;4,5;4,5;80,5465703801223;"full";"NOR01"
"NOR01_middle";4,08248290463863;3,69684550213647;3,92640632979658;62,1523665411597;"middle";"NOR01"
"NOR02_beginning";3,36650164612069;3,09569593683445;2,88675134594813;57,2305279840518;"beginning";"NOR02"
"NOR02_end";3,1091263510296;3,1091263510296;3,37885582211888;59,1326193117358;"end";"NOR02"
"NOR02_full";5;4,52769256906871;4,52769256906871;75,6273759957332;"full";"NOR02"
"NOR02_middle";3,46410161513775;3,20156211871642;2,91547594742265;54,0878914360691;"middle";"NOR02"
"NOR03_beginning";3,87298334620742;3,64005494464026;3,5;61,273974899626;"beginning";"NOR03"
"NOR03_end";4,08248290463863;3,86221007541882;3,37885582211888;66,7133170114233;"end";"NOR03"
"NOR03_full";4,43471156521669;4,62781445897161;4,37797517885457;69,8707139412978;"full";"NOR03"
"NOR03_middle";3;2,78388218141501;3,60555127546399;57,5043476617203;"middle";"NOR03"
"NOR04_beginning";3,87298334620742;3,3166247903554;3,57071421427143;62,0966987850401;"beginning";"NOR04"
"NOR04_end";4,35889894354067;3,87298334620742;3,64005494464026;61,7636624561724;"end";"NOR04"
"NOR04_full";4,35889894354067;4;4;69,065186599328;"full";"NOR04"
"NOR04_middle";3,69684550213647;3,69684550213647;3,48807492274273;63,2211726138219;"middle";"NOR04"
"NOR05_beginning";3;2,78388218141501;3,42782730020052;50,2444026733327;"beginning";"NOR05"
"NOR05_end";3,3166247903554;3,16227766016838;3,16227766016838;43,1914343359884;"end";"NOR05"
"NOR05_full";2,38047614284762;2,62995563967658;3,14907393794853;35,3753680781793;"full";"NOR05"
"NOR05_middle";3,55902608401044;3,55902608401044;3,55902608401044;42,1712777452458;"middle";"NOR05"
"NOR06_beginning";4,08248290463863;3,79692858329817;4,02077936060494;67,6824694190945;"beginning";"NOR06"
"NOR06_end";3,46410161513775;3,20156211871642;2,54950975679639;45,99184710359;"end";"NOR06"
"NOR06_full";4,08248290463863;4,08248290463863;3,86221007541882;70,202682759754;"full";"NOR06"
"NOR06_middle";3,36650164612069;3,17542648054294;4,13319892254575;58,1707257418483;"middle";"NOR06"
"NOR07_beginning";3,36650164612069;2,25462487641145;3,75277674973257;35,3883219909243;"beginning";"NOR07"
"NOR07_end";4,12310562561766;3,57071421427143;3,57071421427143;56,0513157740298;"end";"NOR07"
"NOR07_full";3,1091263510296;3,69684550213647;4,08248290463863;54,5771625010559;"full";"NOR07"
"NOR07_middle";3,69684550213647;3,45205252953466;2,98607881119482;46,4964156324621;"middle";"NOR07"
"NOR08_beginning";4,08248290463863;4,08248290463863;3,62859017617954;64,5477859160689;"beginning";"NOR08"
"NOR08_end";3,36650164612069;3,85140666943045;3,17542648054294;49,5412286215565;"end";"NOR08"
"NOR08_full";3,87298334620742;3,87298334620742;4,74341649025257;66,6558324529819;"full";"NOR08"
"NOR08_middle";1,73205080756888;1,93649167310371;2,34520787991171;12,913171570145;"middle";"NOR08"
"NOR09_beginning";3,69684550213647;3,41565025531987;3,523729085311;56,8389537787833;"beginning";"NOR09"
"NOR09_end";4,08248290463863;3,79692858329817;4,08248290463863;70,2471826244061;"end";"NOR09"
"NOR09_full";4,08248290463863;4,08248290463863;4,29146439652791;69,9475994346244;"full";"NOR09"
"NOR09_middle";3,36650164612069;3,85140666943045;3,09569593683445;62,4606542819825;"middle";"NOR09"
"NOR10_beginning";4,69041575982343;4,44409720865779;4,24264068711928;71,068628803432;"beginning";"NOR10"
"NOR10_end";4,43471156521669;4,1733280085163;4,1733280085163;64,3752022650544;"end";"NOR10"
"NOR10_full";4,35889894354067;4,15331193145904;4,60977222864644;67,2569698990372;"full";"NOR10"
"NOR10_middle";3,1091263510296;2,81365716935569;3,86221007541882;50,4099857832421;"middle";"NOR10"
"NOR11_beginning";4,08248290463863;3,79692858329817;3,86221007541882;63,0211604674705;"beginning";"NOR11"
"NOR11_end";3,46410161513775;4,06201920231798;3;58,6898628384834;"end";"NOR11"
"NOR11_full";4,35889894354067;4,35889894354067;4,15331193145904;75,3060422542574;"full";"NOR11"
"NOR11_middle";4,35889894354067;4,35889894354067;4,15331193145904;68,980069585352;"middle";"NOR11"
"NOR12_beginning";4,69041575982343;4,24264068711928;3,74165738677394;71,4072825417688;"beginning";"NOR12"
"NOR12_end";2,82842712474619;3,24037034920393;2,82842712474619;54,011572833977;"end";"NOR12"
"NOR12_full";4;3,60555127546399;3,60555127546399;65,0864809311427;"full";"NOR12"
"NOR12_middle";4,43471156521669;4,02077936060494;3,79692858329817;60,5282303282251;"middle";"NOR12"
"OCM01_beginning";4,08248290463863;4,29146439652791;4,02077936060494;67,0646454301122;"beginning";"OCM01"
"OCM01_end";4,08248290463863;3,62859017617954;3,62859017617954;70,6163342766153;"end";"OCM01"
"OCM01_full";4,69041575982343;4,69041575982343;4,69041575982343;77,0194780558788;"full";"OCM01"
"OCM01_middle";4,35889894354067;4,09267638593623;4,60977222864644;67,8785680461808;"middle";"OCM01"
"OCM02_beginning";3,1091263510296;2,81365716935569;2,81365716935569;53,6182493808467;"beginning";"OCM02"
"OCM02_end";4,35889894354067;4,35889894354067;4,15331193145904;65,2303610292017;"end";"OCM02"
"OCM02_full";4,35889894354067;4,35889894354067;4,35889894354067;73,9543778284964;"full";"OCM02"
"OCM02_middle";2,70801280154532;3,01385688667085;3,21455025366432;53,968354925209;"middle";"OCM02"
"OCM03_beginning";4,35889894354067;4,15331193145904;3,87298334620742;67,7845852683337;"beginning";"OCM03"
"OCM03_end";4,08248290463863;4,02077936060494;3,37885582211888;58,2487481982803;"end";"OCM03"
"OCM03_full";2,70801280154532;3,47610893576903;3,21455025366432;55,6985936387386;"full";"OCM03"
"OCM03_middle";4,08248290463863;3,86221007541882;3,69684550213647;66,1771612164398;"middle";"OCM03"
"OCM04_beginning";3,78593889720018;4,01040313850532;3,947573094109;69,8915827073141;"beginning";"OCM04"
"OCM04_end";3,36650164612069;3,17542648054294;3,09569593683445;61,8876670535684;"end";"OCM04"
"OCM04_full";3,87298334620742;3,80788655293195;4,24264068711928;74,2714615447953;"full";"OCM04"
"OCM04_middle";3,69684550213647;3,69684550213647;3,98956973452861;64,246919511107;"middle";"OCM04"
"OCM05_beginning";3,1091263510296;2,9011491975882;3,2659863237109;51,219299747914;"beginning";"OCM05"
"OCM05_end";4;4,52769256906871;4,06201920231798;70,0892288443809;"end";"OCM05"
"OCM05_full";4,69041575982343;4,92442890089805;3,96862696659689;81,2742271571991;"full";"OCM05"
"OCM05_middle";4,69041575982343;4,44409720865779;3,87298334620742;67,5351760196122;"middle";"OCM05"
"OCM06_beginning";3,69684550213647;3,18852107828483;2,98607881119482;62,712970481924;"beginning";"OCM06"
"OCM06_end";3,87298334620742;3,57071421427143;3,3166247903554;59,2979763567021;"end";"OCM06"
"OCM06_full";3,69684550213647;3,69684550213647;3,2659863237109;58,6998012489537;"full";"OCM06"
"OCM06_middle";4,35889894354067;4,09267638593623;3,93700393700591;72,0138875495553;"middle";"OCM06"
"OCM07_beginning";4,43471156521669;4,1733280085163;3,89444048184931;74,7557132710716;"beginning";"OCM07"
"OCM07_end";4,08248290463863;3,69684550213647;3,523729085311;62,7826940061245;"end";"OCM07"
"OCM07_full";4,35889894354067;4,60977222864644;4,35889894354067;80,4192141219995;"full";"OCM07"
"OCM07_middle";3,87298334620742;4,24264068711928;4,5;69,2838364988545;"middle";"OCM07"
"OCM08_beginning";3,78593889720018;3,78593889720018;4,01040313850532;64,5432671417657;"beginning";"OCM08"
"OCM08_end";4,69041575982343;4,69041575982343;4,24264068711928;69,9070811863863;"end";"OCM08"
"OCM08_full";4,35889894354067;4,84767985741633;4,84767985741633;81,7664356566923;"full";"OCM08"
"OCM08_middle";3,55902608401044;3,55902608401044;3,37885582211888;58,7402474174792;"middle";"OCM08"
"OCM09_beginning";3,78593889720018;3,21455025366432;3,47610893576904;55,4962461192947;"beginning";"OCM09"
"OCM09_end";3,1091263510296;2,81365716935569;3,1091263510296;49,5471156240872;"end";"OCM09"
"OCM09_full";4,43471156521669;4,43471156521669;4,29146439652791;72,7060290943376;"full";"OCM09"
"OCM09_middle";3,36650164612069;3,685557397916;3,685557397916;55,2366122543131;"middle";"OCM09"
"OCM10_beginning";3,36650164612069;3,36650164612069;3,91578004149024;68,2373309364701;"beginning";"OCM10"
"OCM10_end";3,36650164612069;3,36650164612069;3,61708906903512;66,6151884582888;"end";"OCM10"
"OCM10_full";4,69041575982343;4,5;4,24264068711928;77,2948898699002;"full";"OCM10"
"OCM10_middle";4,35889894354067;4,15331193145904;3,93700393700591;67,9871311352376;"middle";"OCM10"
"OCM11_beginning";3,36650164612069;2,88675134594813;3,61708906903512;54,7205019470156;"beginning";"OCM11"
"OCM11_end";4,08248290463863;4,29146439652791;3,86221007541882;68,0618591185009;"end";"OCM11"
"OCM11_full";3,1091263510296;3,1091263510296;3,1091263510296;44,9073119510249;"full";"OCM11"
"OCM11_middle";3,87298334620742;4,24264068711928;3,46410161513775;66,1853458100809;"middle";"OCM11"
"OCM12_beginning";4,08248290463863;3,55902608401044;3,55902608401044;65,0647113777251;"beginning";"OCM12"
"OCM12_end";3,69684550213647;3,69684550213647;3,41565025531987;66,5839069645712;"end";"OCM12"
"OCM12_full";4,35889894354067;3,64005494464026;3,93700393700591;65,236109632626;"full";"OCM12"
"OCM12_middle";3,46410161513775;3,20156211871642;3,53553390593274;51,4222714395232;"middle";"OCM12"
"OCM13_beginning";4,35889894354067;4,09267638593623;4,35889894354067;74,0084454640144;"beginning";"OCM13"
"OCM13_end";3,69684550213647;3,45205252953466;3,2659863237109;65,3407733858933;"end";"OCM13"
"OCM13_full";3,1091263510296;3,45205252953466;3,1091263510296;54,3407459156264;"full";"OCM13"
"OCM13_middle";3,55902608401044;2,72335577306137;3,55902608401044;52,0424506212637;"middle";"OCM13"
"OCM14_beginning";4,35889894354067;4,15331193145904;3,87298334620742;72,1127589265589;"beginning";"OCM14"
"OCM14_end";4;3,53553390593274;4,06201920231798;69,2351067017304;"end";"OCM14"
"OCM14_full";4,43471156521669;3,69684550213647;4,43471156521669;64,9551127061347;"full";"OCM14"
"OCM14_middle";3,36650164612069;3,61708906903512;3,36650164612069;56,6465650620877;"middle";"OCM14"
"OCM15_beginning";4,43471156521669;4,1733280085163;3,66287682930599;60,1117015785335;"beginning";"OCM15"
"OCM15_end";3,3166247903554;3,60555127546399;3,60555127546399;69,3920024210283;"end";"OCM15"
"OCM15_full";4,69041575982343;4,18330013267038;3,80788655293195;76,4705825791853;"full";"OCM15"
"OCM15_middle";3,78593889720018;3,71931893407023;4,01040313850532;59,8087228866604;"middle";"OCM15"
"OCM16_beginning";3,1091263510296;3,45205252953466;3,55902608401044;49,6378551779453;"beginning";"OCM16"
"OCM16_end";4,35889894354067;4,15331193145904;4,09267638593623;68,9347517584563;"end";"OCM16"
"OCM16_full";3,69684550213647;3,45205252953466;2,98607881119482;59,2276680839848;"full";"OCM16"
"OCM16_middle";3,36650164612069;2,88675134594813;3,685557397916;36,6753777531102;"middle";"OCM16"
"OCM17_beginning";4,35889894354067;4,35889894354067;4,15331193145904;68,5145969848761;"beginning";"OCM17"
"OCM17_end";4,08248290463863;3,86221007541882;3,55902608401044;66,907896893167;"end";"OCM17"
"OCM17_full";4,43471156521669;4,37797517885457;4,37797517885457;66,9807186186194;"full";"OCM17"
"OCM17_middle";4,69041575982343;4,18330013267038;4,44409720865779;67,8269857799976;"middle";"OCM17"
"OCM18_beginning";4,69041575982343;4,18330013267038;4,44409720865779;68,0716534249022;"beginning";"OCM18"
"OCM18_end";4,69041575982343;4,69041575982343;3,80788655293195;75,9061921057828;"end";"OCM18"
"OCM18_full";3,87298334620742;3,64005494464026;4,03112887414927;60,1414998150196;"full";"OCM18"
"OCM18_middle";4;4,27200187265877;4,52769256906871;64,9230313525177;"middle";"OCM18"
"OCM19_beginning";4,35889894354067;3,77491721763537;4,60977222864644;74,7930478052606;"beginning";"OCM19"
"OCM19_end";4,35889894354067;4,09267638593623;4,15331193145904;72,3204673657465;"end";"OCM19"
"OCM19_full";4,69041575982343;4,69041575982343;4,24264068711928;76,044394928226;"full";"OCM19"
"OCM19_middle";4;3,35410196624968;4,06201920231798;58,0301645698166;"middle";"OCM19"
"OCM20_beginning";4,35889894354067;4,15331193145904;3,87298334620742;75,5331053247515;"beginning";"OCM20"
"OCM20_end";3,46410161513775;3,46410161513775;3,46410161513775;50,2941348469183;"end";"OCM20"
"OCM20_full";4,08248290463863;4,29146439652791;3,523729085311;66,7657596876323;"full";"OCM20"
"OCM20_middle";3,69684550213647;3,69684550213647;2,94392028877595;52,1791784782653;"middle";"OCM20"
"PES01_beginning";2,38047614284762;2,38047614284762;2,21735578260835;43,8510737230762;"beginning";"PES01"
"PES01_end";3,3166247903554;2,95803989154981;2,64575131106459;50,0699510684802;"end";"PES01"
"PES01_full";4,08248290463863;4,29146439652791;4,08248290463863;69,2363103195619;"full";"PES01"
"PES01_middle";3,1091263510296;3,1091263510296;2,81365716935569;54,0154298943058;"middle";"PES01"
"PES02_beginning";3,36650164612069;3,36650164612069;3,05505046330389;57,8626246668204;"beginning";"PES02"
"PES02_end";3,36650164612069;3,17542648054294;2,88675134594813;53,8663469462459;"end";"PES02"
"PES02_full";3,87298334620742;4,03112887414927;3,5;68,5255426830025;"full";"PES02"
"PES02_middle";2,70801280154532;2,70801280154532;3,01385688667085;51,3160143944688;"middle";"PES02"
"PES03_beginning";4;4,27200187265877;3,90512483795333;71,3670091849168;"beginning";"PES03"
"PES03_end";4,35889894354067;4,15331193145904;3,87298334620742;64,2748006609122;"end";"PES03"
"PES03_full";3,55902608401044;2,58198889747161;3,55902608401044;61,0279990386926;"full";"PES03"
"PES03_middle";3,69684550213647;2,98607881119482;2,76887462097269;50,0466449091911;"middle";"PES03"
"PES04_beginning";2;1,80277563773199;1,80277563773199;22,4443756874634;"beginning";"PES04"
"PES04_end";1,73205080756888;2,06155281280883;2,06155281280883;41,3884041731498;"end";"PES04"
"PES04_full";2,94392028877595;2,58198889747161;2,72335577306137;46,6761895045715;"full";"PES04"
"PES04_middle";2;2;2;29,7363414023985;"middle";"PES04"
"PES05_beginning";3,69684550213647;3,45205252953466;2,85773803324704;61,2161471073333;"beginning";"PES05"
"PES05_end";4,69041575982343;4,24264068711928;3,57071421427143;70,4112917080776;"end";"PES05"
"PES05_full";5;4,76969600708473;4,33012701892219;72,653286229874;"full";"PES05"
"PES05_middle";4,08248290463863;3,79692858329817;3,55902608401044;64,3771439772429;"middle";"PES05"
"PES06_beginning";4,35889894354067;4,35889894354067;3,67423461417477;69,8391007960441;"beginning";"PES06"
"PES06_end";4,08248290463863;3,79692858329817;3,55902608401044;67,6122523413225;"end";"PES06"
"PES06_full";4,69041575982343;4,5;4,5;76,1560897105412;"full";"PES06"
"PES06_middle";3,69684550213647;3,69684550213647;3,98956973452861;62,4192812091478;"middle";"PES06"
"PES07_beginning";3,69684550213647;3,2659863237109;2,98607881119482;58,2809288418318;"beginning";"PES07"
"PES07_end";3,36650164612069;3,09569593683445;3,51188458428425;52,2190897405665;"end";"PES07"
"PES07_full";4,69041575982343;4,92442890089805;4,92442890089805;80,3803458564343;"full";"PES07"
"PES07_middle";4;3,77491721763537;3,77491721763537;61,077819214507;"middle";"PES07"
"PES08_beginning";3,3166247903554;3,90512483795333;3,8405728739343;60,8378993720197;"beginning";"PES08"
"PES08_end";3,69684550213647;3,69684550213647;2,98607881119482;65,2239730978316;"end";"PES08"
"PES08_full";3,78593889720018;3,71931893407023;3,71931893407023;61,5230309179687;"full";"PES08"
"PES08_middle";3,1091263510296;3,45205252953466;3,86221007541882;58,8635427634683;"middle";"PES08"
"PES09_beginning";3,69684550213647;3,69684550213647;3,82970843102535;53,2697537695329;"beginning";"PES09"
"PES09_end";4,08248290463863;3,79692858329817;4,08248290463863;60,1470420441992;"end";"PES09"
"PES09_full";4,35889894354067;4,15331193145904;3,87298334620742;74,5335494928291;"full";"PES09"
"PES09_middle";3,36650164612069;3,61708906903512;3,17542648054294;56,0319849133808;"middle";"PES09"
"PES10_beginning";3,78593889720018;3,78593889720018;3,43996124009172;55,6289792584165;"beginning";"PES10"
"PES10_end";3,78593889720018;3,78593889720018;2,66145323711189;53,9428710149296;"end";"PES10"
"PES10_full";4,35889894354067;4,35889894354067;4,35889894354067;75,3607988280379;"full";"PES10"
"PES10_middle";3,1091263510296;2,81365716935569;2,81365716935569;48,3494226094445;"middle";"PES10"
"PES11_beginning";4,08248290463863;3,86221007541882;3,10912635102961;64,048158963913;"beginning";"PES11"
"PES11_end";3,69684550213647;3,69684550213647;3,69684550213647;69,4166166466406;"end";"PES11"
"PES11_full";4,35889894354067;4,15331193145904;3,93700393700591;76,7219003935643;"full";"PES11"
"PES11_middle";3,36650164612069;3,61708906903512;2,88675134594813;46,4471025289343;"middle";"PES11"
"POF01_beginning";5;4,52769256906871;4,06201920231798;71,7896232055859;"beginning";"POF01"
"POF01_end";3,78593889720018;3,61708906903512;3,61708906903512;51,9141920223491;"end";"POF01"
"POF01_full";4,43471156521669;4,02077936060494;3,48807492274273;61,732622386115;"full";"POF01"
"POF01_middle";4,08248290463863;3,79692858329817;3,37885582211888;60,5426846668255;"middle";"POF01"
"POF02_beginning";3,69684550213647;3,69684550213647;3,69684550213647;62,0295628443943;"beginning";"POF02"
"POF02_end";3,1091263510296;2,81365716935569;3,1091263510296;40,9593294215941;"end";"POF02"
"POF02_full";4,24264068711928;4,33012701892219;4,58257569495584;66,2929106315298;"full";"POF02"
"POF02_middle";2,38047614284762;2,38047614284762;2,38047614284762;34,3317151722233;"middle";"POF02"
"POF03_beginning";4,08248290463863;4,08248290463863;3,79692858329817;62,9735394167;"beginning";"POF03"
"POF03_end";3,69684550213647;3,69684550213647;3,523729085311;53,4407771899574;"end";"POF03"
"POF03_full";4,69041575982343;4,69041575982343;4,18330013267038;77,8957636845548;"full";"POF03"
"POF03_middle";4;3,77491721763537;3,53553390593274;62,2976725086901;"middle";"POF03"
"POF04_beginning";3,36650164612069;3,36650164612069;2,97209241668783;58,4601003534319;"beginning";"POF04"
"POF04_end";3,36650164612069;3,17542648054294;3,17542648054294;55,0007575705402;"end";"POF04"
"POF04_full";4;3,53553390593274;3,8405728739343;73,8291947673818;"full";"POF04"
"POF04_middle";4,08248290463863;4,08248290463863;3,5939764421413;71,0240569572498;"middle";"POF04"
"POF05_beginning";4,43471156521669;4,1733280085163;3,89444048184931;72,5339001203345;"beginning";"POF05"
"POF05_end";3;3,278719262151;3,53553390593274;55,0681396090335;"end";"POF05"
"POF05_full";4;4,06201920231798;4,27200187265877;73;"full";"POF05"
"POF05_middle";4,08248290463863;3,79692858329817;2,9011491975882;61,2753348964056;"middle";"POF05"
"SEN01_beginning";3,36650164612069;3,61708906903512;3,61708906903512;68,5152051250913;"beginning";"SEN01"
"SEN01_end";4,69041575982343;4,69041575982343;4,44409720865779;71,6030725597722;"end";"SEN01"
"SEN01_full";4,08248290463863;3,79692858329817;3,37885582211888;60,3089269235216;"full";"SEN01"
"SEN01_middle";4,08248290463863;4,29146439652791;3,92640632979658;71,2156349874567;"middle";"SEN01"
"SEN02_beginning";4;3,77491721763537;4,52769256906871;63,5649274364409;"beginning";"SEN02"
"SEN02_end";2,70801280154532;3,47610893576903;3,29140294302192;56,2968323561223;"end";"SEN02"
"SEN02_full";4,35889894354067;4,35889894354067;4,60977222864644;77,1880819816116;"full";"SEN02"
"SEN02_middle";4,08248290463863;4,29146439652791;3,92640632979658;71,0398948948171;"middle";"SEN02"
"SOU01_beginning";4,69041575982343;4,24264068711928;4,44409720865779;73,5645974637257;"beginning";"SOU01"
"SOU01_end";3,55902608401044;3,41565025531987;3,41565025531987;52,3251055103252;"end";"SOU01"
"SOU01_full";4,69041575982343;3,96862696659689;3,96862696659689;70,2904687706662;"full";"SOU01"
"SOU01_middle";4,35889894354067;4,60977222864644;4,27200187265877;71,5629093874753;"middle";"SOU01"
"SOU02_beginning";4,35889894354067;4,35889894354067;3,87298334620742;72,8234165636301;"beginning";"SOU02"
"SOU02_end";3,46410161513775;2,69258240356725;3,20156211871642;49,2112791949163;"end";"SOU02"
"SOU02_full";4,69041575982343;4,24264068711928;4,35889894354067;72,6962860124229;"full";"SOU02"
"SOU02_middle";3,55902608401044;3,48807492274273;3,22748612183951;51,3874173963497;"middle";"SOU02"
"SOU03_beginning";4,35889894354067;3,64005494464026;3,93700393700591;65,8578013602033;"beginning";"SOU03"
"SOU03_end";4,08248290463863;3,92640632979658;3,62859017617954;58,6124275786856;"end";"SOU03"
"SOU03_full";4;3,53553390593274;4,52769256906871;66,0302960768767;"full";"SOU03"
"SOU03_middle";3,78593889720018;3,78593889720018;3,09569593683445;63,5301765567619;"middle";"SOU03"
"SOU04_beginning";4,08248290463863;3,79692858329817;3,30403793359983;70,1528093996717;"beginning";"SOU04"
"SOU04_end";4,35889894354067;4,09267638593623;3,87298334620742;72,1110255092798;"end";"SOU04"
"SOU04_full";3,69684550213647;3,18852107828483;3,523729085311;51,8885022588499;"full";"SOU04"
"SOU04_middle";4,08248290463863;3,55902608401044;2,76887462097269;62,2367790511902;"middle";"SOU04"
"SOU05_beginning";4,08248290463863;3,55902608401044;3,55902608401044;69,1748991084676;"beginning";"SOU05"
"SOU05_end";3,1091263510296;2,9011491975882;3,1091263510296;43,6396226687017;"end";"SOU05"
"SOU05_full";4,24264068711928;4,12310562561766;4,12310562561766;63,9374694525831;"full";"SOU05"
"SOU05_middle";4,08248290463863;3,55902608401044;3,41565025531987;65,2028884840746;"middle";"SOU05"
"SOU06_beginning";3,87298334620742;3,20156211871642;4,03112887414927;69,8695212521168;"beginning";"SOU06"
"SOU06_end";3,36650164612069;3,09569593683445;2,66145323711189;50,552777701461;"end";"SOU06"
"SOU06_full";4,35889894354067;4,35889894354067;4,35889894354067;76,8309833335484;"full";"SOU06"
"SOU06_middle";3,36650164612069;3,17542648054294;2,51661147842358;47,3612007167611;"middle";"SOU06"
"SOU07_beginning";4,69041575982343;4,69041575982343;4,44409720865779;79,4905654779232;"beginning";"SOU07"
"SOU07_end";4,08248290463863;3,79692858329817;3,79692858329817;56,9092845383481;"end";"SOU07"
"SOU07_full";4,35889894354067;3,60555127546399;4,15331193145904;68,784082460988;"full";"SOU07"
"SOU07_middle";4,08248290463863;4,29146439652791;3,2659863237109;59,6524657216;"middle";"SOU07"
"SOU08_beginning";3,69684550213647;3,2659863237109;3,45205252953466;66,3224446674477;"beginning";"SOU08"
"SOU08_end";4,35889894354067;3,87298334620742;3,64005494464026;72,29799443968;"end";"SOU08"
"SOU08_full";4,43471156521669;4,62781445897161;4,62781445897161;83,5473917406562;"full";"SOU08"
"SOU08_middle";4,08248290463863;3,79692858329817;3,2659863237109;64,0169248454396;"middle";"SOU08"
"SOU09_beginning";4,35889894354067;4,09267638593623;3,87298334620742;68,5091234800154;"beginning";"SOU09"
"SOU09_end";3,1091263510296;3,1091263510296;3,1091263510296;61,1528140535386;"end";"SOU09"
"SOU09_full";1,4142135623731;1,6583123951777;2,95803989154981;16,271140095273;"full";"SOU09"
"SOU09_middle";2;1,58113883008419;1,3228756555323;15,7559512565887;"middle";"SOU09"
"SOU10_beginning";4;4,27200187265877;4,06201920231798;70,174781795172;"beginning";"SOU10"
"SOU10_end";3,69684550213647;3,45205252953466;3,45205252953466;50,2783916475723;"end";"SOU10"
"SOU10_full";4,35889894354067;4,60977222864644;4;74,0928471581434;"full";"SOU10"
"SOU10_middle";4,35889894354067;4,15331193145904;3,08220700148449;64,9788427105316;"middle";"SOU10"
"SOU11_beginning";4,24264068711928;3,67423461417477;3,42782730020052;59,39696961967;"beginning";"SOU11"
"SOU11_end";3,36650164612069;3,36650164612069;3,17542648054294;45,225361616391;"end";"SOU11"
"SOU11_full";5;4,52769256906871;4,33012701892219;77,9214347917183;"full";"SOU11"
"SOU11_middle";2,38047614284762;2,62995563967658;1,91485421551268;38,6188641296798;"middle";"SOU11"
"SOU12_beginning";4;4;3,77491721763537;67,0261143137509;"beginning";"SOU12"
"SOU12_end";2,70801280154532;2,92973263854116;2,70801280154532;42,0842409143058;"end";"SOU12"
"SOU12_full";3,69684550213647;3,92640632979658;3,69684550213647;70,8213715390112;"full";"SOU12"
"SOU12_middle";4,08248290463863;3,79692858329817;3,62859017617954;64,8491840092585;"middle";"SOU12"
"SOU13_beginning";4,08248290463863;4,08248290463863;3,92640632979658;75,2423861042874;"beginning";"SOU13"
"SOU13_end";3,69684550213647;3,41565025531987;3,5939764421413;59,9346866736339;"end";"SOU13"
"SOU13_full";5;5;4,76969600708473;84,9426276965812;"full";"SOU13"
"SOU13_middle";3,69684550213647;3,92640632979658;3,14907393794853;53,5786026942348;"middle";"SOU13"
"SOU14_beginning";4,69041575982343;4,18330013267038;4,09267638593623;68,0643078272306;"beginning";"SOU14"
"SOU14_end";3,1091263510296;3,30403793359983;2,9011491975882;46,9139282800606;"end";"SOU14"
"SOU14_full";3,46410161513775;4,06201920231798;3,20156211871642;60,1414998150196;"full";"SOU14"
"SOU14_middle";3,36650164612069;3,36650164612069;2,51661147842358;55,0552752543599;"middle";"SOU14"
"SOU15_beginning";3,78593889720018;3,17542648054294;4,22295315310664;77,2549890514091;"beginning";"SOU15"
"SOU15_end";4,08248290463863;3,79692858329817;3,55902608401044;55,0310518404534;"end";"SOU15"
"SOU15_full";5;4,09267638593623;4,76969600708473;82,4287571178894;"full";"SOU15"
"SOU15_middle";4,08248290463863;3,55902608401044;3,2659863237109;61,9811799392902;"middle";"SOU15"
"SOU16_beginning";4,35889894354067;3,60555127546399;4,35889894354067;69,6760360525769;"beginning";"SOU16"
"SOU16_end";3,69684550213647;3,523729085311;3,523729085311;68,2489316155694;"end";"SOU16"
"SOU16_full";4,69041575982343;4,69041575982343;4,44409720865779;82,7194052202988;"full";"SOU16"
"SOU16_middle";4,43471156521669;4,1733280085163;3,92640632979658;72,0376059198712;"middle";"SOU16"
"SPC01_beginning";3,78593889720018;3,78593889720018;3,47610893576904;56,3877941875131;"beginning";"SPC01"
"SPC01_end";4,43471156521669;4,1733280085163;3,79692858329817;71,1998361421335;"end";"SPC01"
"SPC01_full";5;4,76969600708473;4,52769256906871;80,4285397107271;"full";"SPC01"
"SPC01_middle";4;4,06201920231798;4,27200187265877;64,1833311693932;"middle";"SPC01"
"SPC02_beginning";3,87298334620742;4,03112887414927;3,1224989991992;60,8461173781861;"beginning";"SPC02"
"SPC02_end";3,69684550213647;3,69684550213647;3,92640632979658;71,8430001229533;"end";"SPC02"
"SPC02_full";4,69041575982343;4,44409720865779;4,09267638593623;68,569308002925;"full";"SPC02"
"SPC02_middle";4,43471156521669;4,1733280085163;4,1733280085163;68,7416661615549;"middle";"SPC02"
"SPC03_beginning";3,69684550213647;3,69684550213647;3,14907393794853;55,2102043708105;"beginning";"SPC03"
"SPC03_end";3,78593889720018;3,29140294302192;3,21455025366432;59,649671695101;"end";"SPC03"
"SPC03_full";3,87298334620742;3,3166247903554;3,3166247903554;65,5515064662895;"full";"SPC03"
"SPC03_middle";3;3,60555127546399;3,278719262151;58,9024617482156;"middle";"SPC03"
"SPC04_beginning";4,35889894354067;4,35889894354067;4;73,0051368055701;"beginning";"SPC04"
"SPC04_end";4,35889894354067;4,60977222864644;4,60977222864644;63,4034699365894;"end";"SPC04"
"SPC04_full";4,35889894354067;4,15331193145904;4,35889894354067;74,9049397570013;"full";"SPC04"
"SPC04_middle";4;4;3,8405728739343;72,8457273970135;"middle";"SPC04"
"SPC05_beginning";3,69684550213647;3,69684550213647;3,2659863237109;68,7998304261476;"beginning";"SPC05"
"SPC05_end";4,69041575982343;4,44409720865779;4,5;71,5192281837549;"end";"SPC05"
"SPC05_full";4,69041575982343;4,69041575982343;4,24264068711928;78,4968152220203;"full";"SPC05"
"SPC05_middle";4,35889894354067;4,35889894354067;4,09267638593623;74,933303677337;"middle";"SPC05"
"SPC06_beginning";4,08248290463863;3,79692858329817;3,55902608401044;61,1282804164052;"beginning";"SPC06"
"SPC06_end";3,36650164612069;3,91578004149024;4,13319892254575;63,7089737268882;"end";"SPC06"
"SPC06_full";4,35889894354067;4,60977222864644;3,64005494464026;79,0031644935821;"full";"SPC06"
"SPC06_middle";2,82842712474619;3,04138126514911;2,73861278752583;39,2428337406972;"middle";"SPC06"
"SPC07_beginning";3,36650164612069;3,61708906903512;2,75378527364305;65,9854782003839;"beginning";"SPC07"
"SPC07_end";3,69684550213647;3,7638632635454;3,14907393794853;67,0087059020443;"end";"SPC07"
"SPC07_full";4,08248290463863;3,92640632979658;3,82970843102535;69,3733858671081;"full";"SPC07"
"SPC07_middle";3,36650164612069;2,97209241668783;3,75277674973257;53,5451522860224;"middle";"SPC07"
"SPC08_beginning";3,69684550213647;3,45205252953466;3,82970843102535;56,7883497441743;"beginning";"SPC08"
"SPC08_end";4,08248290463863;4,20317340430616;3,55902608401044;76,1916443362831;"end";"SPC08"
"SPC08_full";3,55902608401044;3,37885582211888;3,37885582211888;57,7184257119567;"full";"SPC08"
"SPC08_middle";4;4;4,52769256906871;70,3935366351201;"middle";"SPC08"
"SPC09_beginning";2,38047614284762;2,21735578260835;1,91485421551268;39,5242541569941;"beginning";"SPC09"
"SPC09_end";2;1,80277563773199;2,12132034355964;18,9010581714358;"end";"SPC09"
"SPC09_full";3,3166247903554;3,74165738677394;3,64005494464026;64,2611857967156;"full";"SPC09"
"SPC09_middle";2,38047614284762;2,62995563967658;2,94392028877595;58,8699130852651;"middle";"SPC09"
"SPC10_beginning";3,69684550213647;3,92640632979658;3,92640632979658;65,1664535375884;"beginning";"SPC10"
"SPC10_end";4,69041575982343;3,96862696659689;4,44409720865779;77,2965070362174;"end";"SPC10"
"SPC10_full";3,46410161513775;3,93700393700591;3,53553390593274;61,4837376872942;"full";"SPC10"
"SPC10_middle";4,35889894354067;4,35889894354067;3,87298334620742;75,0016666481486;"middle";"SPC10"
"SPC11_beginning";4,08248290463863;3,55902608401044;3,37885582211888;62,533324449182;"beginning";"SPC11"
"SPC11_end";3,78593889720018;3,71931893407023;3,71931893407023;57,3766793508768;"end";"SPC11"
"SPC11_full";4;3,77491721763537;4;72,0780826604038;"full";"SPC11"
"SPC11_middle";3,1091263510296;3,02765035409749;2,81365716935569;45,5539972633211;"middle";"SPC11"
"SPC12_beginning";4,35889894354067;4,35889894354067;3,39116499156263;54,0277706369604;"beginning";"SPC12"
"SPC12_end";3,36650164612069;2,88675134594813;3,36650164612069;62,968907671432;"end";"SPC12"
"SPC12_full";3,3166247903554;3,74165738677394;3,5;54,2240721451276;"full";"SPC12"
"SPC12_middle";3,55902608401044;2,72335577306137;2,72335577306137;50,1838287366226;"middle";"SPC12"
"UCA01_beginning";3,36650164612069;3,61708906903512;2,88675134594813;60,4924237680499;"beginning";"UCA01"
"UCA01_end";3,69684550213647;3,45205252953466;3,14907393794853;66,1979355166509;"end";"UCA01"
"UCA01_full";4,69041575982343;4,44409720865779;4,44409720865779;72,7426972279692;"full";"UCA01"
"UCA01_middle";4,69041575982343;4,44409720865779;3,96862696659689;70,9136799214369;"middle";"UCA01"
"UCA02_beginning";4,35889894354067;3,87298334620742;3,87298334620742;69,3307291177585;"beginning";"UCA02"
"UCA02_end";4,08248290463863;4,08248290463863;3,5939764421413;63,9192198533952;"end";"UCA02"
"UCA02_full";4,12310562561766;3,8405728739343;3,8405728739343;67,5703337271617;"full";"UCA02"
"UCA02_middle";4,69041575982343;4,69041575982343;3,96862696659689;72,6894077565638;"middle";"UCA02"
"UCA03_beginning";3,69684550213647;3,69684550213647;3,98956973452861;67,3250820026732;"beginning";"UCA03"
"UCA03_end";4,43471156521669;4,1733280085163;3,69684550213647;66,18282758138;"end";"UCA03"
"UCA03_full";5;4,76969600708473;5;84,6492764292761;"full";"UCA03"
"UCA03_middle";4,69041575982343;4,69041575982343;4,24264068711928;77,0503082407851;"middle";"UCA03"
"UCA04_beginning";4,69041575982343;4,69041575982343;4,24264068711928;73,3501874571565;"beginning";"UCA04"
"UCA04_end";3,78593889720018;3,78593889720018;3,85140666943045;57,5376688208111;"end";"UCA04"
"UCA04_full";3,1091263510296;3,55902608401044;3,37885582211888;58,4372883240373;"full";"UCA04"
"UCA04_middle";4,35889894354067;3,87298334620742;3,70809924354783;67,6295053952045;"middle";"UCA04"
"UCA05_beginning";4,35889894354067;4,60977222864644;3,87298334620742;65,4675492133316;"beginning";"UCA05"
"UCA05_end";4;3,278719262151;2,87228132326901;52,5975284590445;"end";"UCA05"
"UCA05_full";4,69041575982343;4,5;4,24264068711928;73,8799702219756;"full";"UCA05"
"UCA05_middle";3,87298334620742;3,74165738677394;3,5;59,7180877121831;"middle";"UCA05"
"UCA06_beginning";3,69684550213647;3,69684550213647;3,06865877325366;57,093490580509;"beginning";"UCA06"
"UCA06_end";2;2;1,80277563773199;29,2617497767991;"end";"UCA06"
"UCA06_full";4,35889894354067;3,64005494464026;4,15331193145904;60,1061560907034;"full";"UCA06"
"UCA06_middle";3,1091263510296;2,81365716935569;3,1091263510296;45,1599010923039;"middle";"UCA06"
"UCA07_beginning";4,69041575982343;4,44409720865779;4,44409720865779;64,8806596760545;"beginning";"UCA07"
"UCA07_end";4,35889894354067;4,60977222864644;4,18330013267038;72,0832851637604;"end";"UCA07"
"UCA07_full";4,43471156521669;4,1733280085163;4,02077936060494;70,6181043831302;"full";"UCA07"
"UCA07_middle";4,35889894354067;4,15331193145904;3,64005494464026;71,7234271350721;"middle";"UCA07"
"UCA08_beginning";4;4,52769256906871;4,52769256906871;69,3847966055965;"beginning";"UCA08"
"UCA08_end";2,82842712474619;2,5;2,06155281280883;46,4165918611007;"end";"UCA08"
"UCA08_full";4,35889894354067;4,35889894354067;4,27200187265877;76,8830280361017;"full";"UCA08"
"UCA08_middle";3,1091263510296;3,30403793359983;3,55902608401044;52,3346602804171;"middle";"UCA08"
"UCA09_beginning";3,1091263510296;2,9011491975882;2,9011491975882;50,3752584774179;"beginning";"UCA09"
"UCA09_end";3,55902608401044;3,22748612183951;3,45205252953466;58,0359084245837;"end";"UCA09"
"UCA09_full";4,08248290463863;4,08248290463863;3,92640632979658;68,5377025196108;"full";"UCA09"
"UCA09_middle";4,69041575982343;3,5;4,03112887414927;65,0153827951509;"middle";"UCA09"
"UCA10_beginning";3,78593889720018;3,29140294302192;3,29140294302192;58,5711817648691;"beginning";"UCA10"
"UCA10_end";3,1091263510296;2,58198889747161;2,43241991988774;48,5866922795395;"end";"UCA10"
"UCA10_full";3,69684550213647;4,20317340430616;3,14907393794853;57,9496908245995;"full";"UCA10"
"UCA10_middle";3,36650164612069;3,36650164612069;3,91578004149024;57,3069222113117;"middle";"UCA10"
"UCA11_beginning";3,36650164612069;3,3291640592397;3,17542648054294;50,5898540552682;"beginning";"UCA11"
"UCA11_end";4,35889894354067;4,15331193145904;4,35889894354067;65,9602152816378;"end";"UCA11"
"UCA11_full";4,35889894354067;4,15331193145904;4,35889894354067;66,3927706907913;"full";"UCA11"
"UCA11_middle";3,36650164612069;3,36650164612069;3,36650164612069;62,145662224594;"middle";"UCA11"
"UCA12_beginning";4,69041575982343;3,74165738677394;3,96862696659689;62,3438048245373;"beginning";"UCA12"
"UCA12_end";4,08248290463863;4,3493294502333;4,08248290463863;70,4958627627655;"end";"UCA12"
"UCA12_full";4;4,27200187265877;3,35410196624968;62,6358523531052;"full";"UCA12"
"UCA12_middle";4,35889894354067;4,35889894354067;4,35889894354067;71,7861407236801;"middle";"UCA12"
"UCA13_beginning";3,36650164612069;3,09569593683445;3,36650164612069;57,2916515151495;"beginning";"UCA13"
"UCA13_end";3,1091263510296;2,81365716935569;2,76887462097269;52,198339692625;"end";"UCA13"
"UCA13_full";4,69041575982343;4,44409720865779;4,03112887414927;76,7316753368516;"full";"UCA13"
"UCA13_middle";4,08248290463863;3,79692858329817;3,37885582211888;63,1380762034025;"middle";"UCA13"
"UCA14_beginning";4;4;4,06201920231798;66,1759019583413;"beginning";"UCA14"
"UCA14_end";3,69684550213647;3,69684550213647;3,06865877325366;72,4873552191461;"end";"UCA14"
"UCA14_full";4,69041575982343;4,44409720865779;4,09267638593623;83,8212383587835;"full";"UCA14"
"UCA14_middle";4,35889894354067;4,15331193145904;3,46410161513775;73,851201750547;"middle";"UCA14"
"UCA15_beginning";4,08248290463863;3,79692858329817;3,55902608401044;63,1123337127274;"beginning";"UCA15"
"UCA15_end";3,87298334620742;4,03112887414927;3,87298334620742;64,5232516229615;"end";"UCA15"
"UCA15_full";4,35889894354067;4,15331193145904;3,5;70,1908113644514;"full";"UCA15"
"UCA15_middle";4,69041575982343;4,44409720865779;3,57071421427143;67,297845433565;"middle";"UCA15"
"UPL01_beginning";4,35889894354067;4,35889894354067;4;69,9642765988472;"beginning";"UPL01"
"UPL01_end";3,46410161513775;2,87228132326901;3,46410161513775;48,2648940742648;"end";"UPL01"
"UPL01_full";4,69041575982343;4,69041575982343;4,69041575982343;84,9234949822486;"full";"UPL01"
"UPL01_middle";4,24264068711928;3,96862696659689;3,67423461417477;62,155048065302;"middle";"UPL01"
"UPL02_beginning";3,69684550213647;3,18852107828483;3,523729085311;56,2020165711753;"beginning";"UPL02"
"UPL02_end";4;4;3,77491721763537;67,0261143137509;"end";"UPL02"
"UPL02_full";4,08248290463863;3,69684550213647;3,86221007541882;64,6947962873883;"full";"UPL02"
"UPL02_middle";3,46410161513775;3,64005494464026;3,35410196624968;54,7402959436648;"middle";"UPL02"
"UPS01_beginning";4,08248290463863;3,86221007541882;3,55902608401044;67,7526137257203;"beginning";"UPS01"
"UPS01_end";3,69684550213647;3,45205252953466;3,18852107828483;57,4144290807343;"end";"UPS01"
"UPS01_full";3,1091263510296;3,30403793359983;3,79692858329817;56,7619297299402;"full";"UPS01"
"UPS01_middle";4,43471156521669;3,66287682930599;3,10912635102961;61,0075131985124;"middle";"UPS01"
"UPS02_beginning";3,69684550213647;3,69684550213647;3,45205252953466;50,2062413118794;"beginning";"UPS02"
"UPS02_end";3,69684550213647;3,69684550213647;4,26223728418147;67,8392708294146;"end";"UPS02"
"UPS02_full";4,43471156521669;4,43471156521669;4,1733280085163;68,1334474884888;"full";"UPS02"
"UPS02_middle";4,08248290463863;3,79692858329817;3,79692858329817;62,9159492232825;"middle";"UPS02"
"UPS03_beginning";3,69684550213647;3,98956973452861;3,98956973452861;63,0271105689184;"beginning";"UPS03"
"UPS03_end";4;3,53553390593274;3,278719262151;54,3254084200018;"end";"UPS03"
"UPS03_full";4,69041575982343;4,44409720865779;4,44409720865779;78,268767717398;"full";"UPS03"
"UPS03_middle";4,35889894354067;4,09267638593623;3,35410196624968;68,4634939219435;"middle";"UPS03"
"UPS04_beginning";3,69684550213647;3,92640632979658;3,98956973452861;49,5849439514321;"beginning";"UPS04"
"UPS04_end";3,46410161513775;3,93700393700591;3,20156211871642;59,6594502153682;"end";"UPS04"
"UPS04_full";3,46410161513775;3;3,70809924354783;53,0659966456864;"full";"UPS04"
"UPS04_middle";2,82842712474619;2,73861278752583;2,23606797749979;43,433857760968;"middle";"UPS04"
"UPS05_beginning";3,55902608401044;3,79692858329817;3,79692858329817;64,4217872048476;"beginning";"UPS05"
"UPS05_end";3,87298334620742;3,87298334620742;3,87298334620742;54,5435605731786;"end";"UPS05"
"UPS05_full";4,69041575982343;4,69041575982343;4,24264068711928;75,9868409660515;"full";"UPS05"
"UPS05_middle";4,08248290463863;3,79692858329817;3,55902608401044;63,5819680936873;"middle";"UPS05"
"UPS06_beginning";4,69041575982343;4;4,44409720865779;65,0461374717977;"beginning";"UPS06"
"UPS06_end";2,38047614284762;2,62995563967658;2,62995563967658;39,1492869241148;"end";"UPS06"
"UPS06_full";4,08248290463863;3,69684550213647;3,55902608401044;65,1817970499945;"full";"UPS06"
"UPS06_middle";4,08248290463863;3,55902608401044;3,2659863237109;60,9213974451232;"middle";"UPS06"
"UPS07_beginning";4,35889894354067;4,15331193145904;4,15331193145904;70,3242490183863;"beginning";"UPS07"
"UPS07_end";4,08248290463863;3,79692858329817;4,02077936060494;55,5960130465006;"end";"UPS07"
"UPS07_full";4,69041575982343;4,44409720865779;4,24264068711928;80,5636394411275;"full";"UPS07"
"UPS07_middle";4,35889894354067;4,35889894354067;4;61,6461677641036;"middle";"UPS07"
"UPS08_beginning";4,08248290463863;3,86221007541882;4,08248290463863;59,5392027715073;"beginning";"UPS08"
"UPS08_end";4,35889894354067;3,46410161513775;3,87298334620742;63,7749950999606;"end";"UPS08"
"UPS08_full";4,69041575982343;4,69041575982343;4,69041575982343;80,7217442824423;"full";"UPS08"
"UPS08_middle";4,08248290463863;4,08248290463863;3,5939764421413;66,8331255192114;"middle";"UPS08"
"UPS09_beginning";3,78593889720018;3,85140666943045;3,01385688667085;62,710312814826;"beginning";"UPS09"
"UPS09_end";4;4;3,53553390593274;65,2246119191215;"end";"UPS09"
"UPS09_full";4,08248290463863;3,79692858329817;4,08248290463863;71,0170167401213;"full";"UPS09"
"UPS09_middle";4,08248290463863;4,29146439652791;3,5939764421413;72,2939600981069;"middle";"UPS09"
"UPS10_beginning";4,69041575982343;4,69041575982343;4,24264068711928;75,7413361382013;"beginning";"UPS10"
"UPS10_end";3,36650164612069;3,17542648054294;3,17542648054294;48,3537313279268;"end";"UPS10"
"UPS10_full";3,74165738677394;2,5;3,5;62,2314229308635;"full";"UPS10"
"UPS10_middle";3,69684550213647;3,45205252953466;3,45205252953466;62,4573187598272;"middle";"UPS10"
"UPS11_beginning";4,35889894354067;3,90512483795333;4;77,7222619331167;"beginning";"UPS11"
"UPS11_end";3,36650164612069;3,51188458428425;2,88675134594813;55,410588639116;"end";"UPS11"
"UPS11_full";3,87298334620742;3,87298334620742;3,87298334620742;69,3036795559947;"full";"UPS11"
"UPS11_middle";3,69684550213647;3,92640632979658;3,98956973452861;69,344550374681;"middle";"UPS11"
"UPS12_beginning";4,69041575982343;4,18330013267038;3,74165738677394;73,2990450142429;"beginning";"UPS12"
"UPS12_end";4,35889894354067;4,09267638593623;4,41588043316392;66,5488542350655;"end";"UPS12"
"UPS12_full";4,35889894354067;4,35889894354067;4,15331193145904;71,2688571537386;"full";"UPS12"
"UPS12_middle";3,36650164612069;3,36650164612069;3,61708906903512;60,6822324353128;"middle";"UPS12"
"UPS13_beginning";4,69041575982343;4,24264068711928;4,03112887414927;78,2176450681047;"beginning";"UPS13"
"UPS13_end";4,69041575982343;4,69041575982343;4,69041575982343;79,4638282490845;"end";"UPS13"
"UPS13_full";4,69041575982343;4,92442890089805;4,69041575982343;84,0728850462502;"full";"UPS13"
"UPS13_middle";3,1091263510296;3,55902608401044;2,58198889747161;59,6419874473233;"middle";"UPS13"
"UPS14_beginning";4,08248290463863;3,79692858329817;4,08248290463863;68,1389511708734;"beginning";"UPS14"
"UPS14_end";4;4;3,77491721763537;70,7972457091376;"end";"UPS14"
"UPS14_full";3,36650164612069;3,85140666943045;3,61708906903512;65,2846332097633;"full";"UPS14"
"UPS14_middle";3,69684550213647;3,45205252953466;3,45205252953466;48,996598521394;"middle";"UPS14"
"UPS15_beginning";5;4,76969600708473;4,76969600708473;70,515955641259;"beginning";"UPS15"
"UPS15_end";4,35889894354067;4,09267638593623;4,60977222864644;70,5567147761289;"end";"UPS15"
"UPS15_full";4,35889894354067;4,09267638593623;4,09267638593623;68,6822393344888;"full";"UPS15"
"UPS15_middle";4,08248290463863;3,79692858329817;3,37885582211888;64,0754763280513;"middle";"UPS15"
