,DISC_RefExprPronounsPerNoun,DISC_RefExprPronounsPerSen,DISC_RefExprPronounsPerWord,DISC_RefExprPerPronounsPerSen,DISC_RefExprPerProPerWord,DISC_RefExprPossProPerSen,DISC_RefExprPossProPerWord,DISC_RefExprDefArtPerSen,DISC_RefExprDefArtPerWord,DISC_RefExprProperNounsPerNoun
BOD09,0.1134020618556701,0.21153846153846154,0.021153846153846155,0.21153846153846154,0.021153846153846155,0.0,0.0,0.0,0.0,0.07216494845360824
LYO06,0.10752688172043011,0.19607843137254902,0.019646365422396856,0.19607843137254902,0.019646365422396856,0.0,0.0,0.0,0.0,0.07526881720430108
LDV02,0.13986013986013987,0.24691358024691357,0.024691358024691357,0.24691358024691357,0.024691358024691357,0.0,0.0,0.0,0.0,0.07692307692307693
UPS06,0.15555555555555556,0.3111111111111111,0.03111111111111111,0.3111111111111111,0.03111111111111111,0.0,0.0,0.0,0.0,0.12222222222222222
LRE06,0.19672131147540983,0.32432432432432434,0.0326975476839237,0.32432432432432434,0.0326975476839237,0.0,0.0,0.0,0.0,0.06557377049180328
ANT01,0.25742574257425743,0.5098039215686274,0.050980392156862744,0.5098039215686274,0.050980392156862744,0.0,0.0,0.0,0.0,0.039603960396039604
UPS12,0.11607142857142858,0.25,0.025145067698259187,0.25,0.025145067698259187,0.0,0.0,0.0,0.0,0.044642857142857144
BOD12,0.05,0.10909090909090909,0.01090909090909091,0.10909090909090909,0.01090909090909091,0.0,0.0,0.0,0.0,0.041666666666666664
OCM08,0.2,0.38095238095238093,0.03827751196172249,0.38095238095238093,0.03827751196172249,0.0,0.0,0.0,0.0,0.05
UPS10,0.1509433962264151,0.2857142857142857,0.02882882882882883,0.2857142857142857,0.02882882882882883,0.0,0.0,0.0,0.0,0.018867924528301886
BRE14,0.3522727272727273,0.6595744680851063,0.06595744680851064,0.6595744680851063,0.06595744680851064,0.0,0.0,0.0,0.0,0.06818181818181818
LOR01,0.11965811965811966,0.25925925925925924,0.026168224299065422,0.25925925925925924,0.026168224299065422,0.0,0.0,0.0,0.0,0.08547008547008547
AMU09,0.1728395061728395,0.34146341463414637,0.03414634146341464,0.34146341463414637,0.03414634146341464,0.0,0.0,0.0,0.0,0.04938271604938271
BFC07,0.14912280701754385,0.27419354838709675,0.02750809061488673,0.27419354838709675,0.02750809061488673,0.0,0.0,0.0,0.0,0.12280701754385964
HES07,0.09278350515463918,0.16666666666666666,0.016791044776119403,0.16666666666666666,0.016791044776119403,0.0,0.0,0.0,0.0,0.09278350515463918
LRE10,0.15463917525773196,0.30612244897959184,0.030737704918032786,0.30612244897959184,0.030737704918032786,0.0,0.0,0.0,0.0,0.10309278350515463
BRE12,0.14925373134328357,0.25,0.025252525252525252,0.25,0.025252525252525252,0.0,0.0,0.0,0.0,0.1044776119402985
GRE03,0.05555555555555555,0.125,0.0125,0.125,0.0125,0.0,0.0,0.0,0.0,0.07777777777777778
BOD10,0.14583333333333334,0.30434782608695654,0.030634573304157548,0.30434782608695654,0.030634573304157548,0.0,0.0,0.0,0.0,0.11458333333333333
LDV05,0.17777777777777778,0.2962962962962963,0.02981366459627329,0.2962962962962963,0.02981366459627329,0.0,0.0,0.0,0.0,0.17037037037037037
SEN02,0.1308411214953271,0.25925925925925924,0.026119402985074626,0.25925925925925924,0.026119402985074626,0.0,0.0,0.0,0.0,0.04672897196261682
HES03,0.1,0.22857142857142856,0.022988505747126436,0.22857142857142856,0.022988505747126436,0.0,0.0,0.0,0.0,0.0625
OCM11,0.3333333333333333,0.6097560975609756,0.06142506142506143,0.6097560975609756,0.06142506142506143,0.0,0.0,0.0,0.0,0.09333333333333334
NOR12,0.16379310344827586,0.3220338983050847,0.03220338983050847,0.3220338983050847,0.03220338983050847,0.0,0.0,0.0,0.0,0.02586206896551724
BOD01,0.05384615384615385,0.1320754716981132,0.013207547169811321,0.1320754716981132,0.013207547169811321,0.0,0.0,0.0,0.0,0.046153846153846156
SEN01,0.058333333333333334,0.14583333333333334,0.014583333333333334,0.14583333333333334,0.014583333333333334,0.0,0.0,0.0,0.0,0.058333333333333334
BOD03,0.125,0.25,0.025,0.25,0.025,0.0,0.0,0.0,0.0,0.11363636363636363
LYO03,0.07086614173228346,0.15,0.015100671140939598,0.15,0.015100671140939598,0.0,0.0,0.0,0.0,0.11811023622047244
POF04,0.1782178217821782,0.33962264150943394,0.033962264150943396,0.33962264150943394,0.033962264150943396,0.0,0.0,0.0,0.0,0.1485148514851485
BFC05,0.2033898305084746,0.35294117647058826,0.03529411764705882,0.35294117647058826,0.03529411764705882,0.0,0.0,0.0,0.0,0.13559322033898305
OCM05,0.1308411214953271,0.23728813559322035,0.023769100169779286,0.23728813559322035,0.023769100169779286,0.0,0.0,0.0,0.0,0.17757009345794392
BOD11,0.18604651162790697,0.36363636363636365,0.03636363636363636,0.36363636363636365,0.03636363636363636,0.0,0.0,0.0,0.0,0.046511627906976744
CVL04,0.19387755102040816,0.3958333333333333,0.03958333333333333,0.3958333333333333,0.03958333333333333,0.0,0.0,0.0,0.0,0.04081632653061224
PES09,0.08461538461538462,0.20754716981132076,0.020754716981132074,0.20754716981132076,0.020754716981132074,0.0,0.0,0.0,0.0,0.05384615384615385
BOD05,0.14285714285714285,0.2727272727272727,0.02727272727272727,0.2727272727272727,0.02727272727272727,0.0,0.0,0.0,0.0,0.0380952380952381
OCM19,0.18181818181818182,0.34615384615384615,0.03481624758220503,0.34615384615384615,0.03481624758220503,0.0,0.0,0.0,0.0,0.050505050505050504
OCM14,0.15151515151515152,0.28846153846153844,0.028846153846153848,0.28846153846153844,0.028846153846153848,0.0,0.0,0.0,0.0,0.06060606060606061
UPS11,0.16666666666666666,0.32558139534883723,0.03255813953488372,0.32558139534883723,0.03255813953488372,0.0,0.0,0.0,0.0,0.023809523809523808
AMU10,0.13725490196078433,0.28,0.028169014084507043,0.28,0.028169014084507043,0.0,0.0,0.0,0.0,0.0392156862745098
BFC08,0.1079136690647482,0.21428571428571427,0.02158273381294964,0.21428571428571427,0.02158273381294964,0.0,0.0,0.0,0.0,0.1223021582733813
OCM12,0.112,0.25925925925925924,0.025925925925925925,0.25925925925925924,0.025925925925925925,0.0,0.0,0.0,0.0,0.048
PES08,0.0989010989010989,0.20454545454545456,0.020642201834862386,0.20454545454545456,0.020642201834862386,0.0,0.0,0.0,0.0,0.06593406593406594
GRE14,0.08849557522123894,0.18867924528301888,0.018867924528301886,0.18867924528301888,0.018867924528301886,0.0,0.0,0.0,0.0,0.04424778761061947
LRE04,0.15151515151515152,0.29411764705882354,0.02952755905511811,0.29411764705882354,0.02952755905511811,0.0,0.0,0.0,0.0,0.08080808080808081
CFE09,0.10810810810810811,0.23076923076923078,0.023076923076923078,0.23076923076923078,0.023076923076923078,0.0,0.0,0.0,0.0,0.05405405405405406
NOR06,0.15053763440860216,0.2857142857142857,0.02857142857142857,0.2857142857142857,0.02857142857142857,0.0,0.0,0.0,0.0,0.13978494623655913
BOD13,0.03773584905660377,0.08695652173913043,0.008733624454148471,0.08695652173913043,0.008733624454148471,0.0,0.0,0.0,0.0,0.11320754716981132
PES05,0.13333333333333333,0.24390243902439024,0.024390243902439025,0.24390243902439024,0.024390243902439025,0.0,0.0,0.0,0.0,0.06666666666666667
BRE11,0.11392405063291139,0.21951219512195122,0.022222222222222223,0.21951219512195122,0.022222222222222223,0.0,0.0,0.0,0.0,0.0759493670886076
AMU11,0.28378378378378377,0.5,0.05,0.5,0.05,0.0,0.0,0.0,0.0,0.13513513513513514
CFE02,0.16666666666666666,0.35135135135135137,0.03513513513513514,0.35135135135135137,0.03513513513513514,0.0,0.0,0.0,0.0,0.038461538461538464
AMU02,0.10344827586206896,0.21951219512195122,0.02195121951219512,0.21951219512195122,0.02195121951219512,0.0,0.0,0.0,0.0,0.10344827586206896
LRE05,0.09090909090909091,0.17391304347826086,0.01735357917570499,0.17391304347826086,0.01735357917570499,0.0,0.0,0.0,0.0,0.11363636363636363
ANT02,0.060240963855421686,0.125,0.012626262626262626,0.125,0.012626262626262626,0.0,0.0,0.0,0.0,0.012048192771084338
LDV03,0.22330097087378642,0.3709677419354839,0.03727714748784441,0.3709677419354839,0.03727714748784441,0.0,0.0,0.0,0.0,0.18446601941747573
GRE06,0.21176470588235294,0.4186046511627907,0.04205607476635514,0.4186046511627907,0.04205607476635514,0.0,0.0,0.0,0.0,0.03529411764705882
LYO09,0.07547169811320754,0.14285714285714285,0.01444043321299639,0.14285714285714285,0.01444043321299639,0.0,0.0,0.0,0.0,0.10377358490566038
LOR06,0.10989010989010989,0.25,0.025,0.25,0.025,0.0,0.0,0.0,0.0,0.08791208791208792
UPS01,0.04424778761061947,0.1,0.01,0.1,0.01,0.0,0.0,0.0,0.0,0.02654867256637168
BOD16,0.06504065040650407,0.15384615384615385,0.015444015444015444,0.15384615384615385,0.015444015444015444,0.0,0.0,0.0,0.0,0.008130081300813009
BFC02,0.12138728323699421,0.22105263157894736,0.022105263157894735,0.22105263157894736,0.022105263157894735,0.0,0.0,0.0,0.0,0.09826589595375723
UPS03,0.0625,0.14893617021276595,0.014957264957264958,0.14893617021276595,0.014957264957264958,0.0,0.0,0.0,0.0,0.05357142857142857
GRE01,0.1368421052631579,0.2826086956521739,0.028446389496717725,0.2826086956521739,0.028446389496717725,0.0,0.0,0.0,0.0,0.08421052631578947
GRE04,0.20481927710843373,0.4358974358974359,0.04358974358974359,0.4358974358974359,0.04358974358974359,0.0,0.0,0.0,0.0,0.04819277108433735
OCM07,0.14285714285714285,0.28,0.028,0.28,0.028,0.0,0.0,0.0,0.0,0.08163265306122448
LOR09,0.1686746987951807,0.3333333333333333,0.03333333333333333,0.3333333333333333,0.03333333333333333,0.0,0.0,0.0,0.0,0.21686746987951808
LDV10,0.0859375,0.16666666666666666,0.016666666666666666,0.16666666666666666,0.016666666666666666,0.0,0.0,0.0,0.0,0.1015625
PES03,0.07339449541284404,0.16666666666666666,0.016666666666666666,0.16666666666666666,0.016666666666666666,0.0,0.0,0.0,0.0,0.027522935779816515
UPS05,0.15463917525773196,0.32608695652173914,0.03260869565217391,0.32608695652173914,0.03260869565217391,0.0,0.0,0.0,0.0,0.030927835051546393
NOR10,0.08108108108108109,0.15,0.015151515151515152,0.15,0.015151515151515152,0.0,0.0,0.0,0.0,0.08108108108108109
PES11,0.15151515151515152,0.3125,0.03125,0.3125,0.03125,0.0,0.0,0.0,0.0,0.04040404040404041
OCM15,0.12631578947368421,0.25,0.02510460251046025,0.25,0.02510460251046025,0.0,0.0,0.0,0.0,0.031578947368421054
AMU06,0.2261904761904762,0.38,0.038306451612903226,0.38,0.038306451612903226,0.0,0.0,0.0,0.0,0.14285714285714285
LRE08,0.14285714285714285,0.2894736842105263,0.02894736842105263,0.2894736842105263,0.02894736842105263,0.0,0.0,0.0,0.0,0.03896103896103896
OCM01,0.17391304347826086,0.2962962962962963,0.02962962962962963,0.2962962962962963,0.02962962962962963,0.0,0.0,0.0,0.0,0.13043478260869565
GRE07,0.17045454545454544,0.35714285714285715,0.03571428571428571,0.35714285714285715,0.03571428571428571,0.0,0.0,0.0,0.0,0.022727272727272728
PES07,0.06818181818181818,0.13333333333333333,0.013452914798206279,0.13333333333333333,0.013452914798206279,0.0,0.0,0.0,0.0,0.056818181818181816
LYO11,0.07547169811320754,0.15384615384615385,0.01556420233463035,0.15384615384615385,0.01556420233463035,0.0,0.0,0.0,0.0,0.11320754716981132
BOD08,0.13829787234042554,0.28888888888888886,0.028888888888888888,0.28888888888888886,0.028888888888888888,0.0,0.0,0.0,0.0,0.07446808510638298
BRE15,0.21176470588235294,0.33962264150943394,0.033962264150943396,0.33962264150943394,0.033962264150943396,0.0,0.0,0.0,0.0,0.07058823529411765
LYO02,0.1375,0.22,0.022,0.22,0.022,0.0,0.0,0.0,0.0,0.0125
BRE09,0.044444444444444446,0.08888888888888889,0.008988764044943821,0.08888888888888889,0.008988764044943821,0.0,0.0,0.0,0.0,0.08888888888888889
BRE13,0.19298245614035087,0.36666666666666664,0.03672787979966611,0.36666666666666664,0.03672787979966611,0.0,0.0,0.0,0.0,0.043859649122807015
OCM13,0.16393442622950818,0.29411764705882354,0.02976190476190476,0.29411764705882354,0.02976190476190476,0.0,0.0,0.0,0.0,0.06557377049180328
LOR08,0.14583333333333334,0.2857142857142857,0.02857142857142857,0.2857142857142857,0.02857142857142857,0.0,0.0,0.0,0.0,0.010416666666666666
PES06,0.13,0.2826086956521739,0.028384279475982533,0.2826086956521739,0.028384279475982533,0.0,0.0,0.0,0.0,0.03
BRE08,0.12345679012345678,0.23809523809523808,0.023809523809523808,0.23809523809523808,0.023809523809523808,0.0,0.0,0.0,0.0,0.08641975308641975
LOR10,0.14285714285714285,0.29411764705882354,0.029585798816568046,0.29411764705882354,0.029585798816568046,0.0,0.0,0.0,0.0,0.01904761904761905
NOR04,0.13580246913580246,0.2682926829268293,0.026829268292682926,0.2682926829268293,0.026829268292682926,0.0,0.0,0.0,0.0,0.04938271604938271
CVL01,0.13253012048192772,0.2619047619047619,0.026442307692307692,0.2619047619047619,0.026442307692307692,0.0,0.0,0.0,0.0,0.04819277108433735
LRE02,0.11504424778761062,0.26,0.026052104208416832,0.26,0.026052104208416832,0.0,0.0,0.0,0.0,0.05309734513274336
OCM17,0.06896551724137931,0.16,0.016,0.16,0.016,0.0,0.0,0.0,0.0,0.008620689655172414
POF05,0.05,0.09090909090909091,0.00909090909090909,0.09090909090909091,0.00909090909090909,0.0,0.0,0.0,0.0,0.225
GRE10,0.11538461538461539,0.21052631578947367,0.021052631578947368,0.21052631578947367,0.021052631578947368,0.0,0.0,0.0,0.0,0.0673076923076923
HES06,0.14864864864864866,0.3055555555555556,0.030555555555555555,0.3055555555555556,0.030555555555555555,0.0,0.0,0.0,0.0,0.1891891891891892
UPS04,0.1134020618556701,0.25,0.02522935779816514,0.25,0.02522935779816514,0.0,0.0,0.0,0.0,0.030927835051546393
CFE08,0.09574468085106383,0.19148936170212766,0.019313304721030045,0.19148936170212766,0.019313304721030045,0.0,0.0,0.0,0.0,0.13829787234042554
CFE11,0.14772727272727273,0.2708333333333333,0.027083333333333334,0.2708333333333333,0.027083333333333334,0.0,0.0,0.0,0.0,0.09090909090909091
LRE01,0.10309278350515463,0.2,0.02,0.2,0.02,0.0,0.0,0.0,0.0,0.29896907216494845
LOR07,0.09183673469387756,0.1956521739130435,0.01956521739130435,0.1956521739130435,0.01956521739130435,0.0,0.0,0.0,0.0,0.04081632653061224
OCM18,0.18867924528301888,0.4,0.040160642570281124,0.4,0.040160642570281124,0.0,0.0,0.0,0.0,0.07547169811320754
OCM06,0.13333333333333333,0.22580645161290322,0.022653721682847898,0.22580645161290322,0.022653721682847898,0.0,0.0,0.0,0.0,0.2
LRE09,0.2875,0.5227272727272727,0.05239179954441914,0.5227272727272727,0.05239179954441914,0.0,0.0,0.0,0.0,0.05
GRE09,0.2222222222222222,0.33962264150943394,0.033962264150943396,0.33962264150943394,0.033962264150943396,0.0,0.0,0.0,0.0,0.1111111111111111
OCM20,0.16455696202531644,0.28888888888888886,0.029082774049217,0.28888888888888886,0.029082774049217,0.0,0.0,0.0,0.0,0.17721518987341772
BOD07,0.18518518518518517,0.29411764705882354,0.029469548133595286,0.29411764705882354,0.029469548133595286,0.0,0.0,0.0,0.0,0.07407407407407407
BRE07,0.08641975308641975,0.18421052631578946,0.018421052631578946,0.18421052631578946,0.018421052631578946,0.0,0.0,0.0,0.0,0.08641975308641975
HES05,0.2625,0.4772727272727273,0.04772727272727273,0.4772727272727273,0.04772727272727273,0.0,0.0,0.0,0.0,0.05
LYO14,0.08080808080808081,0.16,0.016,0.16,0.016,0.0,0.0,0.0,0.0,0.050505050505050504
HES01,0.5079365079365079,0.7619047619047619,0.0761904761904762,0.7619047619047619,0.0761904761904762,0.0,0.0,0.0,0.0,0.06349206349206349
POF03,0.16,0.2909090909090909,0.02909090909090909,0.2909090909090909,0.02909090909090909,0.0,0.0,0.0,0.0,0.14
LOR02,0.11428571428571428,0.26666666666666666,0.02666666666666667,0.26666666666666666,0.02666666666666667,0.0,0.0,0.0,0.0,0.05714285714285714
BRE05,0.19148936170212766,0.2727272727272727,0.027522935779816515,0.2727272727272727,0.027522935779816515,0.0,0.0,0.0,0.0,0.1595744680851064
CFE01,0.2,0.3148148148148148,0.03148148148148148,0.3148148148148148,0.03148148148148148,0.0,0.0,0.0,0.0,0.11764705882352941
LRE03,0.0641025641025641,0.13157894736842105,0.013157894736842105,0.13157894736842105,0.013157894736842105,0.0,0.0,0.0,0.0,0.11538461538461539
LDV04,0.15942028985507245,0.2558139534883721,0.02564102564102564,0.2558139534883721,0.02564102564102564,0.0,0.0,0.0,0.0,0.16666666666666666
OCM04,0.31521739130434784,0.5918367346938775,0.05918367346938776,0.5918367346938775,0.05918367346938776,0.0,0.0,0.0,0.0,0.010869565217391304
NOR11,0.19047619047619047,0.3870967741935484,0.03877221324717286,0.3870967741935484,0.03877221324717286,0.0,0.0,0.0,0.0,0.047619047619047616
BRE06,0.12149532710280374,0.2653061224489796,0.026694045174537988,0.2653061224489796,0.026694045174537988,0.0,0.0,0.0,0.0,0.056074766355140186
NOR07,0.03614457831325301,0.07142857142857142,0.007177033492822967,0.07142857142857142,0.007177033492822967,0.0,0.0,0.0,0.0,0.024096385542168676
HES04,0.11224489795918367,0.19642857142857142,0.019784172661870502,0.19642857142857142,0.019784172661870502,0.0,0.0,0.0,0.0,0.22448979591836735
LYO13,0.21495327102803738,0.3709677419354839,0.037096774193548385,0.3709677419354839,0.037096774193548385,0.0,0.0,0.0,0.0,0.037383177570093455
AMU01,0.19540229885057472,0.3953488372093023,0.03953488372093023,0.3953488372093023,0.03953488372093023,0.0,0.0,0.0,0.0,0.05747126436781609
BRE16,0.10655737704918032,0.23636363636363636,0.023809523809523808,0.23636363636363636,0.023809523809523808,0.0,0.0,0.0,0.0,0.07377049180327869
POF01,0.0967741935483871,0.20930232558139536,0.020930232558139535,0.20930232558139536,0.020930232558139535,0.0,0.0,0.0,0.0,0.043010752688172046
LYO12,0.12087912087912088,0.25,0.025,0.25,0.025,0.0,0.0,0.0,0.0,0.054945054945054944
PES10,0.1016949152542373,0.21818181818181817,0.021937842778793418,0.21818181818181817,0.021937842778793418,0.0,0.0,0.0,0.0,0.059322033898305086
AMU07,0.037383177570093455,0.0851063829787234,0.00851063829787234,0.0851063829787234,0.00851063829787234,0.0,0.0,0.0,0.0,0.04672897196261682
OCM16,0.16049382716049382,0.24528301886792453,0.024714828897338403,0.24528301886792453,0.024714828897338403,0.0,0.0,0.0,0.0,0.037037037037037035
BRE02,0.07526881720430108,0.14583333333333334,0.014583333333333334,0.14583333333333334,0.014583333333333334,0.0,0.0,0.0,0.0,0.0967741935483871
CFE10,0.09195402298850575,0.2,0.020100502512562814,0.2,0.020100502512562814,0.0,0.0,0.0,0.0,0.06896551724137931
HES08,0.0761904761904762,0.15384615384615385,0.015384615384615385,0.15384615384615385,0.015384615384615385,0.0,0.0,0.0,0.0,0.0761904761904762
LYO04,0.1875,0.3409090909090909,0.03424657534246575,0.3409090909090909,0.03424657534246575,0.0,0.0,0.0,0.0,0.1875
OCM09,0.2345679012345679,0.40425531914893614,0.04042553191489362,0.40425531914893614,0.04042553191489362,0.0,0.0,0.0,0.0,0.2222222222222222
LYO01,0.14736842105263157,0.2916666666666667,0.029166666666666667,0.2916666666666667,0.029166666666666667,0.0,0.0,0.0,0.0,0.042105263157894736
UPL02,0.20212765957446807,0.35185185185185186,0.035381750465549346,0.35185185185185186,0.035381750465549346,0.0,0.0,0.0,0.0,0.10638297872340426
UPS07,0.11904761904761904,0.22727272727272727,0.0228310502283105,0.22727272727272727,0.0228310502283105,0.0,0.0,0.0,0.0,0.07142857142857142
BFC01,0.2878787878787879,0.4418604651162791,0.044186046511627906,0.4418604651162791,0.044186046511627906,0.0,0.0,0.0,0.0,0.10606060606060606
UPS13,0.14583333333333334,0.2692307692307692,0.02697495183044316,0.2692307692307692,0.02697495183044316,0.0,0.0,0.0,0.0,0.041666666666666664
GRE15,0.14634146341463414,0.2553191489361702,0.02553191489361702,0.2553191489361702,0.02553191489361702,0.0,0.0,0.0,0.0,0.08536585365853659
NOR08,0.11538461538461539,0.21951219512195122,0.02195121951219512,0.21951219512195122,0.02195121951219512,0.0,0.0,0.0,0.0,0.02564102564102564
BRE01,0.1553398058252427,0.3076923076923077,0.03076923076923077,0.3076923076923077,0.03076923076923077,0.0,0.0,0.0,0.0,0.04854368932038835
CVL03,0.010869565217391304,0.022727272727272728,0.0022727272727272726,0.022727272727272728,0.0022727272727272726,0.0,0.0,0.0,0.0,0.06521739130434782
LDV09,0.09230769230769231,0.2033898305084746,0.02040816326530612,0.2033898305084746,0.02040816326530612,0.0,0.0,0.0,0.0,0.06923076923076923
UPS08,0.2857142857142857,0.43137254901960786,0.043478260869565216,0.43137254901960786,0.043478260869565216,0.0,0.0,0.0,0.0,0.12987012987012986
LYO10,0.20253164556962025,0.3018867924528302,0.030303030303030304,0.3018867924528302,0.030303030303030304,0.0,0.0,0.0,0.0,0.12658227848101267
LRE11,0.17142857142857143,0.36,0.03643724696356275,0.36,0.03643724696356275,0.0,0.0,0.0,0.0,0.0380952380952381
LYO05,0.13761467889908258,0.25862068965517243,0.025951557093425604,0.25862068965517243,0.025951557093425604,0.0,0.0,0.0,0.0,0.12844036697247707
NOR02,0.1348314606741573,0.2727272727272727,0.0273972602739726,0.2727272727272727,0.0273972602739726,0.0,0.0,0.0,0.0,0.011235955056179775
UPS15,0.08411214953271028,0.1875,0.01875,0.1875,0.01875,0.0,0.0,0.0,0.0,0.056074766355140186
OCM02,0.043010752688172046,0.09090909090909091,0.009195402298850575,0.09090909090909091,0.009195402298850575,0.0,0.0,0.0,0.0,0.053763440860215055
BFC03,0.0873015873015873,0.19298245614035087,0.01926444833625219,0.19298245614035087,0.01926444833625219,0.0,0.0,0.0,0.0,0.05555555555555555
AMU03,0.07272727272727272,0.17391304347826086,0.017391304347826087,0.17391304347826086,0.017391304347826087,0.0,0.0,0.0,0.0,0.02727272727272727
BFC06,0.0784313725490196,0.15584415584415584,0.015584415584415584,0.15584415584415584,0.015584415584415584,0.0,0.0,0.0,0.0,0.0915032679738562
GRE11,0.11009174311926606,0.2222222222222222,0.02247191011235955,0.2222222222222222,0.02247191011235955,0.0,0.0,0.0,0.0,0.027522935779816515
UPS14,0.2236842105263158,0.30357142857142855,0.030685920577617327,0.30357142857142855,0.030685920577617327,0.0,0.0,0.0,0.0,0.11842105263157894
CFE04,0.17117117117117117,0.35185185185185186,0.03544776119402985,0.35185185185185186,0.03544776119402985,0.0,0.0,0.0,0.0,0.018018018018018018
UPS02,0.11827956989247312,0.23404255319148937,0.023404255319148935,0.23404255319148937,0.023404255319148935,0.0,0.0,0.0,0.0,0.10752688172043011
LDV01,0.1984732824427481,0.35135135135135137,0.03513513513513514,0.35135135135135137,0.03513513513513514,0.0,0.0,0.0,0.0,0.061068702290076333
LOR04,0.16666666666666666,0.2708333333333333,0.027139874739039668,0.2708333333333333,0.027139874739039668,0.0,0.0,0.0,0.0,0.08974358974358974
LOR05,0.07526881720430108,0.14583333333333334,0.014644351464435146,0.14583333333333334,0.014644351464435146,0.0,0.0,0.0,0.0,0.03225806451612903
LDV08,0.1566265060240964,0.2708333333333333,0.027139874739039668,0.2708333333333333,0.027139874739039668,0.0,0.0,0.0,0.0,0.12048192771084337
BRE04,0.11320754716981132,0.24,0.024242424242424242,0.24,0.024242424242424242,0.0,0.0,0.0,0.0,0.09433962264150944
UPS09,0.06060606060606061,0.125,0.012526096033402923,0.125,0.012526096033402923,0.0,0.0,0.0,0.0,0.0707070707070707
PES01,0.09411764705882353,0.2,0.020253164556962026,0.2,0.020253164556962026,0.0,0.0,0.0,0.0,0.23529411764705882
CVL02,0.0970873786407767,0.18181818181818182,0.018281535648994516,0.18181818181818182,0.018281535648994516,0.0,0.0,0.0,0.0,0.019417475728155338
LDV06,0.12264150943396226,0.203125,0.0203125,0.203125,0.0203125,0.0,0.0,0.0,0.0,0.22641509433962265
GRE08,0.16161616161616163,0.2962962962962963,0.029906542056074768,0.2962962962962963,0.029906542056074768,0.0,0.0,0.0,0.0,0.04040404040404041
NOR03,0.18095238095238095,0.31666666666666665,0.03166666666666667,0.31666666666666665,0.03166666666666667,0.0,0.0,0.0,0.0,0.10476190476190476
BRE03,0.09230769230769231,0.1935483870967742,0.01935483870967742,0.1935483870967742,0.01935483870967742,0.0,0.0,0.0,0.0,0.06923076923076923
NOR09,0.2018348623853211,0.4,0.04007285974499089,0.4,0.04007285974499089,0.0,0.0,0.0,0.0,0.01834862385321101
LYO07,0.15730337078651685,0.2916666666666667,0.029166666666666667,0.2916666666666667,0.029166666666666667,0.0,0.0,0.0,0.0,0.011235955056179775
GRE12,0.11711711711711711,0.2549019607843137,0.025590551181102362,0.2549019607843137,0.025590551181102362,0.0,0.0,0.0,0.0,0.036036036036036036
CFE05,0.10843373493975904,0.1836734693877551,0.018404907975460124,0.1836734693877551,0.018404907975460124,0.0,0.0,0.0,0.0,0.07228915662650602
BFC10,0.09923664122137404,0.19402985074626866,0.019402985074626865,0.19402985074626866,0.019402985074626865,0.0,0.0,0.0,0.0,0.061068702290076333
GRE05,0.10989010989010989,0.18867924528301888,0.01890359168241966,0.18867924528301888,0.01890359168241966,0.0,0.0,0.0,0.0,0.10989010989010989
NOR01,0.06741573033707865,0.13953488372093023,0.013953488372093023,0.13953488372093023,0.013953488372093023,0.0,0.0,0.0,0.0,0.056179775280898875
BOD14,0.1836734693877551,0.35294117647058826,0.03543307086614173,0.35294117647058826,0.03543307086614173,0.0,0.0,0.0,0.0,0.08163265306122448
CFE07,0.13,0.2549019607843137,0.025490196078431372,0.2549019607843137,0.025490196078431372,0.0,0.0,0.0,0.0,0.05
BFC09,0.10218978102189781,0.19718309859154928,0.01971830985915493,0.19718309859154928,0.01971830985915493,0.0,0.0,0.0,0.0,0.021897810218978103
OCM03,0.09615384615384616,0.2,0.02,0.2,0.02,0.0,0.0,0.0,0.0,0.15384615384615385
UPL01,0.05063291139240506,0.10256410256410256,0.010256410256410256,0.10256410256410256,0.010256410256410256,0.0,0.0,0.0,0.0,0.06329113924050633
BOD02,0.13953488372093023,0.2608695652173913,0.02608695652173913,0.2608695652173913,0.02608695652173913,0.0,0.0,0.0,0.0,0.03488372093023256
BRE10,0.041666666666666664,0.08771929824561403,0.008818342151675485,0.08771929824561403,0.008818342151675485,0.0,0.0,0.0,0.0,0.041666666666666664
CFE03,0.07407407407407407,0.1568627450980392,0.01568627450980392,0.1568627450980392,0.01568627450980392,0.0,0.0,0.0,0.0,0.0
GRE02,0.16853932584269662,0.3488372093023256,0.035211267605633804,0.3488372093023256,0.035211267605633804,0.0,0.0,0.0,0.0,0.06741573033707865
BOD15,0.10377358490566038,0.1864406779661017,0.01870748299319728,0.1864406779661017,0.01870748299319728,0.0,0.0,0.0,0.0,0.0660377358490566
CFE06,0.09210526315789473,0.16279069767441862,0.01627906976744186,0.16279069767441862,0.01627906976744186,0.0,0.0,0.0,0.0,0.10526315789473684
BFC04,0.10714285714285714,0.20833333333333334,0.02094972067039106,0.20833333333333334,0.02094972067039106,0.0,0.0,0.0,0.0,0.06428571428571428
BOD06,0.10619469026548672,0.2608695652173913,0.02608695652173913,0.2608695652173913,0.02608695652173913,0.0,0.0,0.0,0.0,0.035398230088495575
LDV07,0.17037037037037037,0.3026315789473684,0.030263157894736843,0.3026315789473684,0.030263157894736843,0.0,0.0,0.0,0.0,0.14074074074074075
GRE13,0.12871287128712872,0.24528301886792453,0.024714828897338403,0.24528301886792453,0.024714828897338403,0.0,0.0,0.0,0.0,0.039603960396039604
BOD04,0.10869565217391304,0.20833333333333334,0.020833333333333332,0.20833333333333334,0.020833333333333332,0.0,0.0,0.0,0.0,0.043478260869565216
AMU05,0.13333333333333333,0.26666666666666666,0.02666666666666667,0.26666666666666666,0.02666666666666667,0.0,0.0,0.0,0.0,0.14444444444444443
AMU04,0.11926605504587157,0.2708333333333333,0.027083333333333334,0.2708333333333333,0.027083333333333334,0.0,0.0,0.0,0.0,0.0
LYO08,0.1111111111111111,0.23529411764705882,0.023622047244094488,0.23529411764705882,0.023622047244094488,0.0,0.0,0.0,0.0,0.08333333333333333
AMU08,0.07142857142857142,0.17777777777777778,0.017777777777777778,0.17777777777777778,0.017777777777777778,0.0,0.0,0.0,0.0,0.0625
PES02,0.1415929203539823,0.2807017543859649,0.028070175438596492,0.2807017543859649,0.028070175438596492,0.0,0.0,0.0,0.0,0.04424778761061947
LRE07,0.30927835051546393,0.5454545454545454,0.05454545454545454,0.5454545454545454,0.05454545454545454,0.0,0.0,0.0,0.0,0.21649484536082475
HES02,0.22950819672131148,0.509090909090909,0.051094890510948905,0.509090909090909,0.051094890510948905,0.0,0.0,0.0,0.0,0.10655737704918032
POF02,0.13157894736842105,0.24390243902439024,0.02444987775061125,0.24390243902439024,0.02444987775061125,0.0,0.0,0.0,0.0,0.05263157894736842
