,POS_numNouns,POS_numProperNouns,POS_numPronouns,POS_numConjunct,POS_numAdjectives,POS_numVerbs,POS_numAdverbs,POS_numModals,POS_numPrepositions,POS_numInterjections,POS_numPerPronouns,POS_numWhPronouns,POS_numLexicals,POS_numFunctionWords,POS_numDeterminers,POS_numVerbsVB,POS_numVerbsVBG,POS_numVerbsVBN,POS_numVerbsVBP,POS_numVerbsVBZ,POS_advVar,POS_adjVar,POS_modVar,POS_nounVar,POS_verbVar1,POS_verbVar2,POS_squaredVerbVar1,POS_correctedVV1
BOD09,0.23318385650224216,0.01569506726457399,0.02466367713004484,0.04932735426008968,0.10089686098654709,0.16591928251121077,0.1031390134529148,0,0.1860986547085202,0.004484304932735426,0.02466367713004484,0,0.6031390134529148,0.5,0.13228699551569506,0.15022421524663676,0,0.01569506726457399,0,0,0.17100371747211895,0.16728624535315986,0.3382899628252788,0.38661710037174724,1.2333333333333334,0.275092936802974,91.26666666666667,6.7552448758970485
LYO06,0.2386634844868735,0.016706443914081145,0.02386634844868735,0.059665871121718374,0.07637231503579953,0.16706443914081145,0.08591885441527446,0,0.20286396181384247,0.0,0.02386634844868735,0,0.568019093078759,0.5178997613365155,0.14558472553699284,0.15035799522673032,0,0.016706443914081145,0,0,0.15126050420168066,0.13445378151260504,0.2857142857142857,0.42016806722689076,1.1111111111111112,0.29411764705882354,77.77777777777777,6.236095644623235
LDV02,0.2326283987915408,0.01661631419939577,0.030211480362537766,0.04229607250755287,0.06646525679758308,0.17673716012084592,0.1163141993957704,0,0.21148036253776434,0.0030211480362537764,0.030211480362537766,0,0.5921450151057401,0.5241691842900302,0.12084592145015106,0.16012084592145015,0,0.01661631419939577,0,0,0.19642857142857142,0.11224489795918367,0.3086734693877551,0.39285714285714285,1.2717391304347827,0.29846938775510207,148.79347826086956,8.625354435061482
UPS06,0.271505376344086,0.02956989247311828,0.03763440860215054,0.04032258064516129,0.07526881720430108,0.1774193548387097,0.07526881720430108,0,0.17204301075268819,0.0,0.03763440860215054,0,0.5994623655913979,0.47580645161290325,0.15053763440860216,0.16129032258064516,0,0.016129032258064516,0,0,0.12556053811659193,0.12556053811659193,0.25112107623318386,0.452914798206278,1.0819672131147542,0.29596412556053814,71.40983606557377,5.975359238806223
LRE06,0.21739130434782608,0.013377926421404682,0.04013377926421405,0.04013377926421405,0.07357859531772576,0.2140468227424749,0.12374581939799331,0,0.17391304347826086,0.0033444816053511705,0.04013377926421405,0,0.6287625418060201,0.49498327759197325,0.11371237458193979,0.18394648829431437,0,0.030100334448160536,0,0,0.19680851063829788,0.11702127659574468,0.31382978723404253,0.34574468085106386,1.3061224489795917,0.3404255319148936,83.59183673469387,6.464976285134148
ANT01,0.2408256880733945,0.009174311926605505,0.05963302752293578,0.045871559633027525,0.0481651376146789,0.18807339449541285,0.08256880733944955,0,0.20412844036697247,0.0,0.05963302752293578,0,0.5596330275229358,0.5229357798165137,0.13073394495412843,0.1651376146788991,0,0.022935779816513763,0,0,0.14754098360655737,0.0860655737704918,0.2336065573770492,0.430327868852459,1.2058823529411764,0.3360655737704918,98.88235294117646,7.031441990842862
UPS12,0.2623318385650224,0.011210762331838564,0.02914798206278027,0.03811659192825112,0.05829596412556054,0.17488789237668162,0.09641255605381166,0,0.16143497757847533,0.002242152466367713,0.02914798206278027,0,0.5919282511210763,0.5044843049327354,0.17713004484304934,0.1547085201793722,0,0.020179372197309416,0,0,0.16287878787878787,0.09848484848484848,0.26136363636363635,0.4431818181818182,1.0985915492957747,0.29545454545454547,85.69014084507042,6.545614594714175
BOD12,0.27292576419213976,0.010917030567685589,0.013100436681222707,0.043668122270742356,0.0851528384279476,0.14192139737991266,0.0982532751091703,0,0.19213973799126638,0.002183406113537118,0.013100436681222707,0,0.5982532751091703,0.5,0.15065502183406113,0.10043668122270742,0,0.04148471615720524,0,0,0.16423357664233576,0.14233576642335766,0.30656934306569344,0.4562043795620438,1.1403508771929824,0.23722627737226276,74.12280701754386,6.087807775281011
OCM08,0.24347826086956523,0.011594202898550725,0.0463768115942029,0.07246376811594203,0.1072463768115942,0.13623188405797101,0.09855072463768116,0,0.21159420289855072,0.0,0.0463768115942029,0,0.5855072463768116,0.5130434782608696,0.08405797101449275,0.11304347826086956,0,0.02318840579710145,0,0,0.16831683168316833,0.18316831683168316,0.35148514851485146,0.4158415841584158,1.0217391304347827,0.23267326732673269,48.02173913043478,4.900088730341257
UPS10,0.2394678492239468,0.004434589800443459,0.03547671840354767,0.04212860310421286,0.06208425720620843,0.14634146341463414,0.10643015521064302,0,0.1973392461197339,0.0022172949002217295,0.03547671840354767,0,0.5543237250554324,0.5521064301552107,0.16851441241685144,0.13082039911308205,0,0.015521064301552107,0,0,0.192,0.112,0.304,0.432,1.1785714285714286,0.264,77.78571428571429,6.236413804652249
BRE14,0.24352331606217617,0.015544041450777202,0.08031088082901554,0.02849740932642487,0.06476683937823834,0.18393782383419688,0.05699481865284974,0,0.16839378238341968,0.0025906735751295338,0.08031088082901554,0,0.5492227979274611,0.5077720207253886,0.17098445595854922,0.15025906735751296,0,0.03367875647668394,0,0,0.10377358490566038,0.1179245283018868,0.22169811320754718,0.44339622641509435,1.4489795918367347,0.33490566037735847,102.87755102040816,7.172083066320696
LOR01,0.27370689655172414,0.021551724137931036,0.03017241379310345,0.034482758620689655,0.07112068965517242,0.14870689655172414,0.09051724137931035,0,0.20474137931034483,0.0,0.03017241379310345,0,0.584051724137931,0.5064655172413793,0.14655172413793102,0.11206896551724138,0,0.036637931034482756,0,0,0.15498154981549817,0.12177121771217712,0.2767527675276753,0.46863468634686345,1.0952380952380953,0.25461254612546125,75.57142857142857,6.147008563985761
AMU09,0.24853801169590642,0.011695906432748537,0.04093567251461988,0.04093567251461988,0.08771929824561403,0.195906432748538,0.1023391812865497,0,0.1608187134502924,0.0,0.04093567251461988,0,0.6345029239766082,0.4678362573099415,0.12280701754385964,0.15204678362573099,0,0.043859649122807015,0,0,0.16129032258064516,0.1382488479262673,0.2995391705069124,0.391705069124424,1.046875,0.3087557603686636,70.140625,5.922019292437335
BFC07,0.256,0.028,0.034,0.05,0.066,0.172,0.082,0,0.238,0.0,0.034,0,0.576,0.506,0.102,0.142,0,0.03,0,0,0.1423611111111111,0.11458333333333333,0.2569444444444444,0.4444444444444444,1.131578947368421,0.2986111111111111,97.3157894736842,6.9755211086227895
HES07,0.24537037037037038,0.020833333333333332,0.020833333333333332,0.04398148148148148,0.08796296296296297,0.17824074074074073,0.09953703703703703,0,0.2037037037037037,0.0,0.020833333333333332,0,0.6111111111111112,0.48842592592592593,0.12037037037037036,0.13194444444444445,0,0.046296296296296294,0,0,0.16287878787878787,0.14393939393939395,0.3068181818181818,0.4015151515151515,1.1492537313432836,0.2916666666666667,88.49253731343283,6.651786876976473
LRE10,0.25783132530120484,0.024096385542168676,0.03614457831325301,0.04819277108433735,0.0746987951807229,0.16626506024096385,0.06746987951807229,0,0.17590361445783131,0.0024096385542168677,0.03614457831325301,0,0.5662650602409639,0.5012048192771085,0.1710843373493976,0.14216867469879518,0,0.024096385542168676,0,0,0.11914893617021277,0.13191489361702127,0.251063829787234,0.4553191489361702,1.1694915254237288,0.2936170212765957,80.69491525423729,6.351964863498432
BRE12,0.2276923076923077,0.021538461538461538,0.03076923076923077,0.036923076923076927,0.10461538461538461,0.20923076923076922,0.10153846153846154,0,0.12923076923076923,0.003076923076923077,0.03076923076923077,0,0.6430769230769231,0.4584615384615385,0.15692307692307692,0.18769230769230769,0,0.021538461538461538,0,0,0.15789473684210525,0.16267942583732056,0.32057416267942584,0.35406698564593303,1.2363636363636363,0.3253588516746411,84.07272727272728,6.4835456068700275
GRE03,0.2904191616766467,0.020958083832335328,0.014970059880239521,0.038922155688622756,0.08682634730538923,0.1317365269461078,0.10179640718562874,0,0.18263473053892215,0.0029940119760479044,0.014970059880239521,0,0.6107784431137725,0.49101796407185627,0.1497005988023952,0.12275449101796407,0,0.008982035928143712,0,0,0.16666666666666666,0.14215686274509803,0.3088235294117647,0.47549019607843135,1.0232558139534884,0.21568627450980393,45.02325581395349,4.74464202095129
BOD10,0.2681704260651629,0.02756892230576441,0.03508771929824561,0.042606516290726815,0.09273182957393483,0.13784461152882205,0.08020050125313283,0,0.19298245614035087,0.002506265664160401,0.03508771929824561,0,0.5789473684210527,0.5012531328320802,0.14786967418546365,0.10776942355889724,0,0.03007518796992481,0,0,0.13852813852813853,0.16017316017316016,0.2987012987012987,0.46320346320346323,1.1956521739130435,0.23809523809523808,65.76086956521739,5.734146386569557
LDV05,0.2415902140672783,0.035168195718654434,0.03669724770642202,0.05198776758409786,0.08868501529051988,0.14831804281345565,0.1345565749235474,0,0.16666666666666666,0.0,0.03669724770642202,0,0.6131498470948012,0.5214067278287462,0.13149847094801223,0.12538226299694188,0,0.022935779816513763,0,0,0.2194513715710723,0.14463840399002495,0.3640897755610973,0.3940149625935162,1.2125,0.24189526184538654,117.6125,7.668523325908319
SEN02,0.25,0.011160714285714286,0.03125,0.05133928571428571,0.08035714285714286,0.14285714285714285,0.12276785714285714,0,0.1875,0.002232142857142857,0.03125,0,0.5959821428571429,0.5267857142857143,0.13169642857142858,0.125,0,0.017857142857142856,0,0,0.20599250936329588,0.1348314606741573,0.3408239700374532,0.41947565543071164,1.103448275862069,0.2397003745318352,70.62068965517241,5.9422508216656595
HES03,0.2910958904109589,0.017123287671232876,0.0273972602739726,0.04452054794520548,0.09931506849315068,0.14726027397260275,0.08904109589041095,0,0.15753424657534246,0.0,0.0273972602739726,0,0.6267123287671232,0.4623287671232877,0.14383561643835616,0.0958904109589041,0,0.05136986301369863,0,0,0.14207650273224043,0.15846994535519127,0.3005464480874317,0.4644808743169399,1.075,0.23497267759562843,46.225,4.807546151624548
OCM11,0.24404761904761904,0.020833333333333332,0.0744047619047619,0.041666666666666664,0.03571428571428571,0.17559523809523808,0.09821428571428571,0,0.16666666666666666,0.0,0.0744047619047619,0,0.5535714285714286,0.5446428571428571,0.1636904761904762,0.11011904761904762,0,0.06547619047619048,0,0,0.1774193548387097,0.06451612903225806,0.24193548387096775,0.44086021505376344,1.3409090909090908,0.3172043010752688,79.11363636363636,6.289421132490507
NOR12,0.24843423799582465,0.006263048016701462,0.03966597077244259,0.031315240083507306,0.06889352818371608,0.17536534446764093,0.10020876826722339,0,0.2150313152400835,0.0,0.03966597077244259,0,0.592901878914405,0.5073068893528184,0.12108559498956159,0.15657620041753653,0,0.018789144050104383,0,0,0.16901408450704225,0.11619718309859155,0.2852112676056338,0.41901408450704225,1.5272727272727273,0.29577464788732394,128.29090909090908,8.009085749662976
BOD01,0.29955947136563876,0.013215859030837005,0.015418502202643172,0.039647577092511016,0.0947136563876652,0.13215859030837004,0.06607929515418502,0,0.18061674008810572,0.004405286343612335,0.015418502202643172,0,0.5925110132158591,0.473568281938326,0.16740088105726872,0.10352422907488987,0,0.028634361233480177,0,0,0.11152416356877323,0.15985130111524162,0.27137546468401486,0.5055762081784386,1.1320754716981132,0.22304832713754646,67.9245283018868,5.827715174143584
SEN01,0.30455635491606714,0.016786570743405275,0.016786570743405275,0.05755395683453238,0.1079136690647482,0.11750599520383694,0.07913669064748201,0,0.19664268585131894,0.0,0.016786570743405275,0,0.6091127098321343,0.47002398081534774,0.11990407673860912,0.09592326139088729,0,0.02158273381294964,0,0,0.12992125984251968,0.17716535433070865,0.30708661417322836,0.5,1.1136363636363635,0.19291338582677164,54.56818181818182,5.223417550712456
BOD03,0.26558265582655827,0.02710027100271003,0.02981029810298103,0.04607046070460705,0.05420054200542006,0.15989159891598917,0.08672086720867209,0,0.22493224932249323,0.0,0.02981029810298103,0,0.5663956639566395,0.5203252032520326,0.13279132791327913,0.12466124661246612,0,0.03523035230352303,0,0,0.15311004784688995,0.09569377990430622,0.24880382775119617,0.4688995215311005,1.1132075471698113,0.2822966507177033,65.67924528301887,5.730586587907858
LYO03,0.27788649706457924,0.029354207436399216,0.01761252446183953,0.043052837573385516,0.07827788649706457,0.1487279843444227,0.09393346379647749,0,0.18199608610567514,0.0,0.01761252446183953,0,0.598825831702544,0.49510763209393344,0.15851272015655576,0.12720156555772993,0,0.021526418786692758,0,0,0.1568627450980392,0.13071895424836602,0.2875816993464052,0.46405228758169936,1.2258064516129032,0.24836601307189543,93.16129032258064,6.825001477017446
POF04,0.27102803738317754,0.035046728971962614,0.04205607476635514,0.04906542056074766,0.0794392523364486,0.15654205607476634,0.08878504672897196,0,0.18925233644859812,0.0,0.04205607476635514,0,0.5957943925233645,0.4929906542056075,0.12383177570093458,0.10747663551401869,0,0.04906542056074766,0,0,0.14901960784313725,0.13333333333333333,0.2823529411764706,0.4549019607843137,1.1355932203389831,0.2627450980392157,76.08474576271186,6.167849939918766
BFC05,0.23344947735191637,0.027874564459930314,0.041811846689895474,0.04355400696864112,0.08710801393728224,0.1759581881533101,0.10104529616724739,0,0.20209059233449478,0.0,0.041811846689895474,0,0.5975609756097561,0.5034843205574913,0.11498257839721254,0.14634146341463414,0,0.029616724738675958,0,0,0.16909620991253643,0.1457725947521866,0.31486880466472306,0.39067055393586003,1.3116883116883118,0.2944606413994169,132.4805194805195,8.13881193665634
OCM05,0.2850678733031674,0.042986425339366516,0.03167420814479638,0.05429864253393665,0.0746606334841629,0.16289592760180996,0.08597285067873303,0,0.167420814479638,0.0,0.03167420814479638,0,0.6085972850678733,0.47737556561085975,0.13800904977375567,0.1085972850678733,0,0.05429864253393665,0,0,0.1412639405204461,0.12267657992565056,0.26394052044609667,0.4684014869888476,1.1428571428571428,0.26765799256505574,82.28571428571429,6.4142698058981855
BOD11,0.25280898876404495,0.011235955056179775,0.0449438202247191,0.05056179775280899,0.06179775280898876,0.19382022471910113,0.06741573033707865,0,0.17415730337078653,0.0028089887640449437,0.0449438202247191,0,0.5758426966292135,0.49157303370786515,0.15168539325842698,0.15730337078651685,0,0.03651685393258427,0,0,0.11707317073170732,0.1073170731707317,0.22439024390243903,0.43902439024390244,1.2777777777777777,0.33658536585365856,88.16666666666667,6.639528095680696
CVL04,0.24817518248175183,0.009732360097323601,0.046228710462287104,0.06326034063260341,0.058394160583941604,0.14841849148418493,0.10218978102189781,0,0.19464720194647203,0.0024330900243309003,0.046228710462287104,0,0.5571776155717761,0.5450121654501217,0.1362530413625304,0.13138686131386862,0,0.0170316301703163,0,0,0.18340611353711792,0.10480349344978165,0.28820960698689957,0.44541484716157204,1.1296296296296295,0.2663755458515284,68.9074074074074,5.869727736761195
PES09,0.2946236559139785,0.015053763440860216,0.023655913978494623,0.04086021505376344,0.06666666666666667,0.13118279569892474,0.06236559139784946,0,0.21505376344086022,0.002150537634408602,0.023655913978494623,0,0.5548387096774193,0.5075268817204301,0.16344086021505377,0.12258064516129032,0,0.008602150537634409,0,0,0.1124031007751938,0.12015503875968993,0.23255813953488372,0.5310077519379846,1.0338983050847457,0.2364341085271318,63.067796610169495,5.615505169179773
BOD05,0.23542116630669546,0.008639308855291577,0.032397408207343416,0.04967602591792657,0.09719222462203024,0.17926565874730022,0.1079913606911447,0,0.16414686825053995,0.0021598272138228943,0.032397408207343416,0,0.6198704103671706,0.48812095032397407,0.13174946004319654,0.13606911447084233,0,0.04319654427645788,0,0,0.17421602787456447,0.156794425087108,0.3310104529616725,0.3797909407665505,1.2388059701492538,0.289198606271777,102.82089552238806,7.170107932325289
OCM19,0.2374429223744292,0.01141552511415525,0.0410958904109589,0.0410958904109589,0.1095890410958904,0.20319634703196346,0.07534246575342465,0,0.16210045662100456,0.0,0.0410958904109589,0,0.6255707762557078,0.4497716894977169,0.13013698630136986,0.1735159817351598,0,0.02968036529680365,0,0,0.12043795620437957,0.17518248175182483,0.2956204379562044,0.3795620437956204,1.2714285714285714,0.3248175182481752,113.15714285714286,7.521872867083798
OCM14,0.2441860465116279,0.013953488372093023,0.03488372093023256,0.04186046511627907,0.06976744186046512,0.16744186046511628,0.15813953488372093,0,0.19069767441860466,0.0,0.03488372093023256,0,0.6395348837209303,0.5186046511627908,0.09302325581395349,0.15348837209302327,0,0.013953488372093023,0,0,0.24727272727272728,0.10909090909090909,0.3563636363636364,0.38181818181818183,1.2857142857142858,0.26181818181818184,92.57142857142857,6.80336051416609
UPS11,0.23497267759562843,0.00546448087431694,0.03825136612021858,0.06284153005464481,0.10382513661202186,0.16666666666666666,0.08743169398907104,0,0.16666666666666666,0.0,0.03825136612021858,0,0.592896174863388,0.49453551912568305,0.13934426229508196,0.14207650273224043,0,0.02459016393442623,0,0,0.14746543778801843,0.17511520737327188,0.3225806451612903,0.39631336405529954,1.196078431372549,0.28110599078341014,72.96078431372548,6.039900012157713
AMU10,0.2560386473429952,0.00966183574879227,0.033816425120772944,0.024154589371980676,0.07729468599033816,0.1473429951690821,0.09178743961352658,0,0.21497584541062803,0.0,0.033816425120772944,0,0.572463768115942,0.5193236714975845,0.15458937198067632,0.12560386473429952,0,0.021739130434782608,0,0,0.16033755274261605,0.1350210970464135,0.29535864978902954,0.4472573839662447,1.1296296296296295,0.25738396624472576,68.9074074074074,5.869727736761195
BFC08,0.2591362126245847,0.02823920265780731,0.024916943521594685,0.04983388704318937,0.06976744186046512,0.1378737541528239,0.09800664451827243,0,0.21760797342192692,0.0,0.024916943521594685,0,0.5647840531561462,0.5332225913621262,0.14285714285714285,0.10963455149501661,0,0.02823920265780731,0,0,0.17352941176470588,0.12352941176470589,0.29705882352941176,0.4588235294117647,1.2769230769230768,0.24411764705882352,105.98461538461538,7.279581560248343
OCM12,0.28665207877461707,0.01312910284463895,0.030634573304157548,0.04814004376367615,0.05470459518599562,0.1422319474835886,0.0700218818380744,0,0.19474835886214442,0.0,0.030634573304157548,0,0.5536105032822757,0.5164113785557987,0.17286652078774617,0.12253829321663019,0,0.019693654266958426,0,0,0.12648221343873517,0.09881422924901186,0.22529644268774704,0.5177865612648221,1.1403508771929824,0.25691699604743085,74.12280701754386,6.087807775281011
PES08,0.26721763085399447,0.01652892561983471,0.024793388429752067,0.049586776859504134,0.07713498622589532,0.15977961432506887,0.09090909090909091,0,0.18457300275482094,0.0027548209366391185,0.024793388429752067,0,0.5950413223140496,0.49586776859504134,0.14325068870523416,0.12121212121212122,0,0.03856749311294766,0,0,0.1527777777777778,0.12962962962962962,0.2824074074074074,0.44907407407407407,1.0740740740740742,0.26851851851851855,62.2962962962963,5.581052602166382
GRE14,0.2645739910313901,0.011210762331838564,0.02242152466367713,0.04484304932735426,0.05829596412556054,0.16143497757847533,0.07623318385650224,0,0.18385650224215247,0.0,0.02242152466367713,0,0.5605381165919282,0.515695067264574,0.18834080717488788,0.1210762331838565,0,0.04035874439461883,0,0,0.136,0.104,0.24,0.472,1.1076923076923078,0.288,79.75384615384615,6.314817739010611
LRE04,0.25235849056603776,0.018867924528301886,0.03537735849056604,0.06367924528301887,0.06367924528301887,0.16037735849056603,0.09198113207547169,0,0.19103773584905662,0.0,0.03537735849056604,0,0.5683962264150944,0.5235849056603774,0.14150943396226415,0.14622641509433962,0,0.014150943396226415,0,0,0.16182572614107885,0.11203319502074689,0.27385892116182575,0.44398340248962653,1.1724137931034482,0.2821576763485477,79.72413793103448,6.313641498019764
CFE09,0.2635135135135135,0.013513513513513514,0.02702702702702703,0.038288288288288286,0.05630630630630631,0.1554054054054054,0.07882882882882883,0,0.21171171171171171,0.0,0.02702702702702703,0,0.5540540540540541,0.5247747747747747,0.16891891891891891,0.12612612612612611,0,0.02927927927927928,0,0,0.14227642276422764,0.1016260162601626,0.24390243902439024,0.47560975609756095,1.0454545454545454,0.2804878048780488,72.13636363636364,6.0056791304715755
NOR06,0.26108374384236455,0.03201970443349754,0.034482758620689655,0.0665024630541872,0.05665024630541872,0.18719211822660098,0.09113300492610837,0,0.1896551724137931,0.0,0.034482758620689655,0,0.5960591133004927,0.49507389162561577,0.11330049261083744,0.1625615763546798,0,0.024630541871921183,0,0,0.15289256198347106,0.09504132231404959,0.24793388429752067,0.4380165289256198,1.2459016393442623,0.3140495867768595,94.68852459016394,6.880716699231408
BOD13,0.31216931216931215,0.031746031746031744,0.010582010582010581,0.037037037037037035,0.10582010582010581,0.11904761904761904,0.042328042328042326,0,0.2328042328042328,0.0,0.010582010582010581,0,0.5793650793650794,0.46296296296296297,0.1402116402116402,0.09788359788359788,0,0.021164021164021163,0,0,0.0730593607305936,0.182648401826484,0.2557077625570776,0.5388127853881278,1.0975609756097562,0.2054794520547945,49.390243902439025,4.969418673368094
PES05,0.22598870056497175,0.014124293785310734,0.02824858757062147,0.06497175141242938,0.0903954802259887,0.1497175141242938,0.11299435028248588,0,0.18926553672316385,0.002824858757062147,0.02824858757062147,0,0.5790960451977402,0.5338983050847458,0.13559322033898305,0.1271186440677966,0,0.022598870056497175,0,0,0.1951219512195122,0.15609756097560976,0.35121951219512193,0.3902439024390244,1.2325581395348837,0.25853658536585367,65.32558139534883,5.715136979782236
BRE11,0.25,0.01764705882352941,0.026470588235294117,0.03529411764705882,0.061764705882352944,0.16470588235294117,0.12058823529411765,0,0.19117647058823528,0.0,0.026470588235294117,0,0.5970588235294118,0.5235294117647059,0.15,0.11176470588235295,0,0.052941176470588235,0,0,0.2019704433497537,0.10344827586206896,0.3054187192118227,0.4187192118226601,1.12,0.27586206896551724,62.72,5.6
AMU11,0.24068767908309455,0.02865329512893983,0.06017191977077364,0.04297994269340974,0.08882521489971347,0.16332378223495703,0.12034383954154727,0,0.15759312320916904,0.0,0.06017191977077364,0,0.6131805157593123,0.5071633237822349,0.12607449856733524,0.14613180515759314,0,0.017191977077363897,0,0,0.19626168224299065,0.14485981308411214,0.3411214953271028,0.3925233644859813,1.1176470588235294,0.26635514018691586,63.705882352941174,5.643840994967044
CFE02,0.2621359223300971,0.009708737864077669,0.042071197411003236,0.022653721682847898,0.09061488673139159,0.20388349514563106,0.07766990291262135,0,0.1779935275080906,0.003236245954692557,0.042071197411003236,0,0.6343042071197411,0.44336569579288027,0.11974110032362459,0.18770226537216828,0,0.016181229773462782,0,0,0.12244897959183673,0.14285714285714285,0.2653061224489796,0.413265306122449,1.1666666666666667,0.32142857142857145,73.5,6.06217782649107
AMU02,0.2823529411764706,0.026470588235294117,0.026470588235294117,0.029411764705882353,0.08235294117647059,0.17058823529411765,0.07352941176470588,0,0.17941176470588235,0.0,0.026470588235294117,0,0.6088235294117647,0.4647058823529412,0.15588235294117647,0.13529411764705881,0,0.03529411764705882,0,0,0.12077294685990338,0.13526570048309178,0.2560386473429952,0.463768115942029,1.16,0.28019323671497587,67.28,5.8
LRE05,0.2558746736292428,0.02610966057441253,0.020887728459530026,0.057441253263707574,0.057441253263707574,0.14360313315926893,0.10704960835509138,0,0.21148825065274152,0.0,0.020887728459530026,0,0.5639686684073107,0.5430809399477807,0.1462140992167102,0.12532637075718014,0,0.018276762402088774,0,0,0.18981481481481483,0.10185185185185185,0.2916666666666667,0.4537037037037037,1.2790697674418605,0.25462962962962965,70.34883720930233,5.930802526189113
ANT02,0.24561403508771928,0.0029239766081871343,0.014619883040935672,0.049707602339181284,0.10526315789473684,0.16374269005847952,0.0847953216374269,0,0.19883040935672514,0.0,0.014619883040935672,0,0.5994152046783626,0.4853801169590643,0.13742690058479531,0.13157894736842105,0,0.03216374269005848,0,0,0.14146341463414633,0.17560975609756097,0.3170731707317073,0.4097560975609756,1.0980392156862746,0.2731707317073171,61.490196078431374,5.5448262406693765
LDV03,0.24206349206349206,0.037698412698412696,0.04563492063492063,0.041666666666666664,0.08928571428571429,0.16071428571428573,0.12896825396825398,0,0.15873015873015872,0.0,0.04563492063492063,0,0.621031746031746,0.5079365079365079,0.13293650793650794,0.14087301587301587,0,0.01984126984126984,0,0,0.20766773162939298,0.14376996805111822,0.3514376996805112,0.38977635782747605,1.1911764705882353,0.25878594249201275,96.48529411764706,6.945692698271608
GRE06,0.24788732394366197,0.008450704225352112,0.05070422535211268,0.02535211267605634,0.09577464788732394,0.16338028169014085,0.07887323943661972,0,0.17464788732394365,0.0,0.05070422535211268,0,0.5859154929577465,0.49295774647887325,0.16338028169014085,0.14929577464788732,0,0.014084507042253521,0,0,0.1346153846153846,0.16346153846153846,0.2980769230769231,0.4230769230769231,1.1153846153846154,0.27884615384615385,64.6923076923077,5.687367919007337
LYO09,0.25,0.023504273504273504,0.017094017094017096,0.042735042735042736,0.1111111111111111,0.14957264957264957,0.11324786324786325,0,0.19230769230769232,0.0,0.017094017094017096,0,0.6239316239316239,0.4893162393162393,0.12393162393162394,0.11752136752136752,0,0.03205128205128205,0,0,0.1815068493150685,0.1780821917808219,0.3595890410958904,0.4006849315068493,1.1475409836065573,0.23972602739726026,80.32786885245902,6.337502222976297
LOR06,0.3018292682926829,0.024390243902439025,0.03048780487804878,0.027439024390243903,0.0701219512195122,0.17378048780487804,0.04878048780487805,0,0.18902439024390244,0.0,0.03048780487804878,0,0.5945121951219512,0.45426829268292684,0.15853658536585366,0.13719512195121952,0,0.036585365853658534,0,0,0.08205128205128205,0.11794871794871795,0.2,0.5076923076923077,1.1875,0.2923076923076923,67.6875,5.817538139110049
UPS01,0.27230046948356806,0.007042253521126761,0.011737089201877934,0.046948356807511735,0.08450704225352113,0.11737089201877934,0.12910798122065728,0,0.17370892018779344,0.0,0.011737089201877934,0,0.6032863849765259,0.5258215962441315,0.1643192488262911,0.09154929577464789,0,0.025821596244131457,0,0,0.2140077821011673,0.14007782101167315,0.3540856031128405,0.45136186770428016,1.1111111111111112,0.19455252918287938,55.55555555555556,5.270462766947299
BOD16,0.2725274725274725,0.002197802197802198,0.017582417582417582,0.054945054945054944,0.07252747252747253,0.15164835164835164,0.09010989010989011,0,0.18021978021978022,0.0,0.017582417582417582,0,0.5868131868131868,0.5032967032967033,0.16043956043956045,0.13626373626373625,0,0.015384615384615385,0,0,0.15355805243445692,0.12359550561797752,0.27715355805243447,0.46441947565543074,1.15,0.25842696629213485,79.35,6.29880941130941
BFC02,0.24771838331160365,0.02216427640156454,0.027379400260756193,0.04563233376792699,0.061277705345501955,0.15384615384615385,0.15254237288135594,0,0.20208604954367665,0.0,0.027379400260756193,0,0.6153846153846154,0.5371577574967406,0.10951760104302477,0.13298565840938723,0,0.020860495436766623,0,0,0.2478813559322034,0.09957627118644068,0.3474576271186441,0.4025423728813559,1.2826086956521738,0.25,151.34782608695653,8.699075413138932
UPS03,0.29797979797979796,0.015151515151515152,0.017676767676767676,0.025252525252525252,0.08333333333333333,0.14898989898989898,0.06060606060606061,0,0.21464646464646464,0.0,0.017676767676767676,0,0.5909090909090909,0.4696969696969697,0.15151515151515152,0.12878787878787878,0,0.020202020202020204,0,0,0.10256410256410256,0.14102564102564102,0.24358974358974358,0.5042735042735043,1.0925925925925926,0.25213675213675213,64.46296296296296,5.67727764703132
GRE01,0.2791327913279133,0.02168021680216802,0.03523035230352303,0.04065040650406504,0.07046070460704607,0.17073170731707318,0.07317073170731707,0,0.1978319783197832,0.0,0.03523035230352303,0,0.5934959349593496,0.4796747967479675,0.13279132791327913,0.14092140921409213,0,0.02981029810298103,0,0,0.1232876712328767,0.1187214611872146,0.2420091324200913,0.4703196347031963,1.1666666666666667,0.2876712328767123,73.5,6.06217782649107
GRE04,0.2744479495268139,0.012618296529968454,0.05362776025236593,0.04100946372239748,0.0946372239747634,0.14195583596214512,0.0914826498422713,0,0.14826498422712933,0.0,0.05362776025236593,0,0.6025236593059937,0.4889589905362776,0.15457413249211358,0.12618296529968454,0,0.015772870662460567,0,0,0.1518324607329843,0.15706806282722513,0.3089005235602094,0.45549738219895286,1.0465116279069768,0.2356020942408377,47.093023255813954,4.852474794154729
OCM07,0.25853658536585367,0.01951219512195122,0.03414634146341464,0.03414634146341464,0.08780487804878048,0.17073170731707318,0.1,0,0.1951219512195122,0.0,0.03414634146341464,0,0.6170731707317073,0.48292682926829267,0.11951219512195121,0.14634146341463414,0,0.024390243902439025,0,0,0.16205533596837945,0.1422924901185771,0.30434782608695654,0.4189723320158103,1.1864406779661016,0.2766798418972332,83.05084745762711,6.444022325288263
LOR09,0.2869318181818182,0.05113636363636364,0.03977272727272727,0.028409090909090908,0.05113636363636364,0.17329545454545456,0.09090909090909091,0,0.19318181818181818,0.002840909090909091,0.03977272727272727,0,0.6022727272727273,0.48863636363636365,0.13352272727272727,0.15625,0,0.017045454545454544,0,0,0.1509433962264151,0.08490566037735849,0.2358490566037736,0.47641509433962265,1.1090909090909091,0.28773584905660377,67.65454545454546,5.816121794398113
LDV10,0.24607329842931938,0.02268760907504363,0.019197207678883072,0.03664921465968586,0.059336823734729496,0.1762652705061082,0.09947643979057591,0,0.2024432809773124,0.005235602094240838,0.019197207678883072,0,0.581151832460733,0.518324607329843,0.15532286212914484,0.15357766143106458,0,0.02268760907504363,0,0,0.17117117117117117,0.1021021021021021,0.2732732732732733,0.42342342342342343,1.2784810126582278,0.3033033033033033,129.126582278481,8.035128570174873
PES03,0.27450980392156865,0.007352941176470588,0.0196078431372549,0.041666666666666664,0.07598039215686274,0.15196078431372548,0.058823529411764705,0,0.20098039215686275,0.004901960784313725,0.0196078431372549,0,0.5612745098039216,0.49754901960784315,0.1715686274509804,0.11764705882352941,0,0.03431372549019608,0,0,0.10480349344978165,0.13537117903930132,0.24017467248908297,0.4890829694323144,1.1923076923076923,0.27074235807860264,73.92307692307692,6.079600189283705
UPS05,0.25773195876288657,0.007731958762886598,0.03865979381443299,0.04639175257731959,0.09020618556701031,0.16237113402061856,0.10309278350515463,0,0.18814432989690721,0.0,0.03865979381443299,0,0.6134020618556701,0.4896907216494845,0.1134020618556701,0.12886597938144329,0,0.03350515463917526,0,0,0.16806722689075632,0.14705882352941177,0.31512605042016806,0.42016806722689076,1.1886792452830188,0.2647058823529412,74.88679245283019,6.119100932850764
NOR10,0.264026402640264,0.019801980198019802,0.019801980198019802,0.0297029702970297,0.0462046204620462,0.2376237623762376,0.07260726072607261,0,0.19801980198019803,0.0,0.019801980198019802,0,0.6204620462046204,0.4521452145214521,0.132013201320132,0.20462046204620463,0,0.033003300330033,0,0,0.11702127659574468,0.07446808510638298,0.19148936170212766,0.425531914893617,1.1612903225806452,0.3829787234042553,83.61290322580645,6.465790872963897
PES11,0.2675324675324675,0.01038961038961039,0.03896103896103896,0.033766233766233764,0.046753246753246755,0.17662337662337663,0.09090909090909091,0,0.22337662337662337,0.0025974025974025974,0.03896103896103896,0,0.5818181818181818,0.509090909090909,0.11948051948051948,0.16103896103896104,0,0.015584415584415584,0,0,0.15625,0.08035714285714286,0.23660714285714285,0.45982142857142855,1.2142857142857142,0.30357142857142855,82.57142857142857,6.425396041156863
OCM15,0.24623115577889448,0.007537688442211055,0.03015075376884422,0.04773869346733668,0.11055276381909548,0.18090452261306533,0.08040201005025126,0,0.18341708542713567,0.0,0.03015075376884422,0,0.6180904522613065,0.4623115577889447,0.12060301507537688,0.14824120603015076,0,0.032663316582914576,0,0,0.13008130081300814,0.17886178861788618,0.3089430894308943,0.3983739837398374,1.1428571428571428,0.2926829268292683,82.28571428571429,6.4142698058981855
AMU06,0.2318840579710145,0.028985507246376812,0.04589371980676329,0.04589371980676329,0.07971014492753623,0.17149758454106281,0.13526570048309178,0,0.17149758454106281,0.0024154589371980675,0.04589371980676329,0,0.6183574879227053,0.5169082125603864,0.11594202898550725,0.15217391304347827,0,0.01932367149758454,0,0,0.21875,0.12890625,0.34765625,0.375,1.2456140350877194,0.27734375,88.43859649122807,6.6497592622300274
LRE08,0.25157232704402516,0.009433962264150943,0.03459119496855346,0.07232704402515723,0.059748427672955975,0.15723270440251572,0.1069182389937107,0,0.1949685534591195,0.0,0.03459119496855346,0,0.5754716981132075,0.5314465408805031,0.12264150943396226,0.13522012578616352,0,0.0220125786163522,0,0,0.18579234972677597,0.10382513661202186,0.2896174863387978,0.4371584699453552,1.1904761904761905,0.273224043715847,59.523809523809526,5.45544725589981
OCM01,0.23529411764705882,0.027149321266968326,0.03619909502262444,0.05203619909502263,0.06108597285067873,0.18552036199095023,0.11312217194570136,0,0.17420814479638008,0.0022624434389140274,0.03619909502262444,0,0.5950226244343891,0.5180995475113123,0.14027149321266968,0.15384615384615385,0,0.03167420814479638,0,0,0.19011406844106463,0.10266159695817491,0.29277566539923955,0.39543726235741444,1.2424242424242424,0.311787072243346,101.87878787878788,7.137183894183611
GRE07,0.25787965616045844,0.0057306590257879654,0.04297994269340974,0.04011461318051576,0.07449856733524356,0.166189111747851,0.08022922636103152,0,0.18911174785100288,0.0,0.04297994269340974,0,0.5787965616045845,0.501432664756447,0.1489971346704871,0.12893982808022922,0,0.03724928366762178,0,0,0.13861386138613863,0.12871287128712872,0.26732673267326734,0.44554455445544555,1.16,0.2871287128712871,67.28,5.8
PES07,0.24603174603174602,0.013227513227513227,0.015873015873015872,0.037037037037037035,0.08994708994708994,0.16666666666666666,0.082010582010582,0,0.2222222222222222,0.0,0.015873015873015872,0,0.5846560846560847,0.4973544973544973,0.1402116402116402,0.12433862433862433,0,0.042328042328042326,0,0,0.14027149321266968,0.15384615384615385,0.29411764705882354,0.42081447963800905,1.125,0.2850678733031674,70.875,5.952940449895329
LYO11,0.27251732101616627,0.02771362586605081,0.018475750577367205,0.03926096997690531,0.05542725173210162,0.14318706697459585,0.12009237875288684,0,0.18706697459584296,0.0,0.018475750577367205,0,0.5912240184757506,0.5288683602771362,0.16397228637413394,0.12009237875288684,0,0.023094688221709007,0,0,0.203125,0.09375,0.296875,0.4609375,1.1071428571428572,0.2421875,68.64285714285714,5.858449331643022
BOD08,0.27595628415300544,0.01912568306010929,0.03551912568306011,0.030054644808743168,0.06284153005464481,0.1721311475409836,0.09016393442622951,0,0.19398907103825136,0.0,0.03551912568306011,0,0.6010928961748634,0.4890710382513661,0.13934426229508196,0.14754098360655737,0,0.02459016393442623,0,0,0.15,0.10454545454545454,0.2545454545454545,0.4590909090909091,1.1666666666666667,0.2863636363636364,73.5,6.06217782649107
BRE15,0.21016166281755197,0.013856812933025405,0.04157043879907621,0.06004618937644342,0.08314087759815242,0.17090069284064666,0.13163972286374134,0,0.18475750577367206,0.0,0.04157043879907621,0,0.5958429561200924,0.535796766743649,0.11778290993071594,0.14780600461893764,0,0.023094688221709007,0,0,0.22093023255813954,0.13953488372093023,0.36046511627906974,0.35271317829457366,1.3454545454545455,0.2868217054263566,99.56363636363636,7.055623160417383
LYO02,0.19708029197080293,0.0024330900243309003,0.0267639902676399,0.0413625304136253,0.046228710462287104,0.22141119221411193,0.1192214111922141,0,0.22871046228710462,0.0,0.0267639902676399,0,0.583941605839416,0.5352798053527981,0.1192214111922141,0.19464720194647203,0,0.0267639902676399,0,0,0.20416666666666666,0.07916666666666666,0.2833333333333333,0.3375,1.3582089552238805,0.37916666666666665,123.59701492537313,7.861202672790377
BRE09,0.2752808988764045,0.02247191011235955,0.011235955056179775,0.016853932584269662,0.056179775280898875,0.20786516853932585,0.10393258426966293,0,0.19382022471910113,0.0,0.011235955056179775,0,0.6432584269662921,0.4606741573033708,0.1348314606741573,0.1797752808988764,0,0.028089887640449437,0,0,0.1615720524017467,0.08733624454148471,0.24890829694323144,0.4279475982532751,1.2542372881355932,0.3231441048034934,92.8135593220339,6.812252172447593
BRE13,0.238,0.01,0.044,0.05,0.078,0.162,0.096,0,0.2,0.0,0.044,0,0.574,0.522,0.132,0.12,0,0.042,0,0,0.1672473867595819,0.13588850174216027,0.30313588850174217,0.4146341463414634,1.2461538461538462,0.28222996515679444,100.93846153846154,7.104169956386937
OCM13,0.24253731343283583,0.014925373134328358,0.03731343283582089,0.041044776119402986,0.1044776119402985,0.15671641791044777,0.09701492537313433,0,0.19029850746268656,0.0037313432835820895,0.03731343283582089,0,0.6007462686567164,0.4962686567164179,0.12686567164179105,0.1455223880597015,0,0.011194029850746268,0,0,0.16149068322981366,0.17391304347826086,0.33540372670807456,0.40372670807453415,1.1666666666666667,0.2608695652173913,49.0,4.949747468305833
LOR08,0.24069478908188585,0.0024813895781637717,0.034739454094292806,0.04466501240694789,0.06699751861042183,0.16129032258064516,0.12406947890818859,0,0.18114143920595532,0.0,0.034739454094292806,0,0.5930521091811415,0.5310173697270472,0.14640198511166252,0.12903225806451613,0,0.03225806451612903,0,0,0.20920502092050208,0.11297071129707113,0.32217573221757323,0.40585774058577406,1.2037037037037037,0.2719665271966527,78.24074074074075,6.2546279162209455
PES06,0.2654639175257732,0.007731958762886598,0.03350515463917526,0.028350515463917526,0.06443298969072164,0.17783505154639176,0.10051546391752578,0,0.21391752577319587,0.0,0.03350515463917526,0,0.6082474226804123,0.49226804123711343,0.11597938144329897,0.15463917525773196,0,0.023195876288659795,0,0,0.1652542372881356,0.1059322033898305,0.2711864406779661,0.4364406779661017,1.1311475409836065,0.2923728813559322,78.04918032786885,6.246966476933778
BRE08,0.24581005586592178,0.019553072625698324,0.027932960893854747,0.05307262569832402,0.10335195530726257,0.12849162011173185,0.08659217877094973,0,0.19553072625698323,0.0,0.027932960893854747,0,0.5642458100558659,0.5223463687150838,0.15921787709497207,0.10614525139664804,0,0.0223463687150838,0,0,0.15346534653465346,0.18316831683168316,0.33663366336633666,0.43564356435643564,1.0222222222222221,0.22772277227722773,47.022222222222226,4.8488257455915145
LOR10,0.25295508274231676,0.004728132387706856,0.03546099290780142,0.04018912529550828,0.07801418439716312,0.15839243498817968,0.08274231678486997,0,0.20094562647754138,0.0,0.03546099290780142,0,0.5721040189125296,0.5106382978723404,0.15130023640661938,0.14657210401891252,0,0.01182033096926714,0,0,0.1446280991735537,0.13636363636363635,0.2809917355371901,0.44214876033057854,1.1166666666666667,0.2768595041322314,74.81666666666666,6.116235225474355
NOR04,0.24566473988439305,0.011560693641618497,0.031791907514450865,0.057803468208092484,0.08959537572254335,0.12716763005780346,0.0953757225433526,0,0.2023121387283237,0.002890173410404624,0.031791907514450865,0,0.5578034682080925,0.5375722543352601,0.14739884393063585,0.11560693641618497,0,0.011560693641618497,0,0,0.17098445595854922,0.16062176165803108,0.3316062176165803,0.44041450777202074,1.1,0.22797927461139897,48.4,4.919349550499537
CVL01,0.2514450867052023,0.011560693641618497,0.031791907514450865,0.06647398843930635,0.06647398843930635,0.2023121387283237,0.09248554913294797,0,0.1676300578034682,0.0,0.031791907514450865,0,0.6127167630057804,0.4797687861271676,0.12138728323699421,0.18497109826589594,0,0.017341040462427744,0,0,0.1509433962264151,0.10849056603773585,0.25943396226415094,0.41037735849056606,1.4583333333333333,0.330188679245283,102.08333333333333,7.144345083117604
LRE02,0.28,0.01411764705882353,0.03058823529411765,0.047058823529411764,0.08,0.13647058823529412,0.10588235294117647,0,0.1623529411764706,0.0,0.03058823529411765,0,0.6023529411764705,0.5035294117647059,0.15764705882352942,0.11764705882352941,0,0.018823529411764704,0,0,0.17578125,0.1328125,0.30859375,0.46484375,1.1153846153846154,0.2265625,64.6923076923077,5.687367919007337
OCM17,0.28536585365853656,0.0024390243902439024,0.01951219512195122,0.03170731707317073,0.04878048780487805,0.15609756097560976,0.07804878048780488,0,0.2073170731707317,0.0,0.01951219512195122,0,0.5682926829268292,0.5097560975609756,0.17317073170731706,0.11951219512195121,0,0.036585365853658534,0,0,0.13733905579399142,0.08583690987124463,0.22317596566523606,0.5021459227467812,1.1636363636363636,0.27467811158798283,74.47272727272727,6.102160571171791
POF05,0.26344086021505375,0.04838709677419355,0.010752688172043012,0.06182795698924731,0.1424731182795699,0.10752688172043011,0.08870967741935484,0,0.18010752688172044,0.002688172043010753,0.010752688172043012,0,0.6021505376344086,0.48655913978494625,0.1424731182795699,0.0913978494623656,0,0.016129032258064516,0,0,0.14732142857142858,0.23660714285714285,0.38392857142857145,0.4375,1.1111111111111112,0.17857142857142858,44.44444444444444,4.714045207910317
GRE10,0.23819742489270387,0.015021459227467811,0.02575107296137339,0.030042918454935622,0.07939914163090128,0.16738197424892703,0.13090128755364808,0,0.19098712446351931,0.0,0.02575107296137339,0,0.6158798283261803,0.5150214592274678,0.13733905579399142,0.148068669527897,0,0.019313304721030045,0,0,0.21254355400696864,0.1289198606271777,0.34146341463414637,0.3867595818815331,1.3928571428571428,0.27177700348432055,108.64285714285714,7.370307223679931
HES06,0.2953020134228188,0.04697986577181208,0.03691275167785235,0.06711409395973154,0.07718120805369127,0.14429530201342283,0.06711409395973154,0,0.174496644295302,0.0,0.03691275167785235,0,0.5838926174496645,0.48322147651006714,0.13758389261744966,0.11409395973154363,0,0.030201342281879196,0,0,0.11494252873563218,0.13218390804597702,0.2471264367816092,0.5057471264367817,1.162162162162162,0.2471264367816092,49.972972972972975,4.998648465984229
UPS04,0.2695417789757412,0.008086253369272238,0.029649595687331536,0.05660377358490566,0.07547169811320754,0.18328840970350405,0.05390835579514825,0,0.1752021563342318,0.0026954177897574125,0.029649595687331536,0,0.5822102425876011,0.4716981132075472,0.15363881401617252,0.16442048517520216,0,0.018867924528301886,0,0,0.09259259259259259,0.12962962962962962,0.2222222222222222,0.46296296296296297,1.1929824561403508,0.3148148148148148,81.12280701754386,6.368783518755519
CFE08,0.27365728900255754,0.03324808184143223,0.023017902813299233,0.04859335038363171,0.06649616368286446,0.18414322250639387,0.09974424552429667,0,0.1636828644501279,0.0,0.023017902813299233,0,0.6240409207161125,0.47570332480818417,0.14066496163682865,0.1636828644501279,0,0.020460358056265986,0,0,0.1598360655737705,0.10655737704918032,0.26639344262295084,0.4385245901639344,1.1612903225806452,0.29508196721311475,83.61290322580645,6.465790872963897
CFE11,0.23357664233576642,0.019464720194647202,0.031630170316301706,0.038929440389294405,0.0681265206812652,0.1654501216545012,0.12165450121654502,0,0.20681265206812652,0.0024330900243309003,0.031630170316301706,0,0.5888077858880778,0.5328467153284672,0.13138686131386862,0.1435523114355231,0,0.021897810218978103,0,0,0.2066115702479339,0.11570247933884298,0.32231404958677684,0.39669421487603307,1.0793650793650793,0.2809917355371901,73.39682539682539,6.057921483348286
LRE01,0.2985781990521327,0.06872037914691943,0.023696682464454975,0.05924170616113744,0.07345971563981042,0.13507109004739337,0.06872037914691943,0,0.1895734597156398,0.0,0.023696682464454975,0,0.5758293838862559,0.4928909952606635,0.15165876777251186,0.11611374407582939,0,0.018957345971563982,0,0,0.11934156378600823,0.12757201646090535,0.24691358024691357,0.5185185185185185,1.0754716981132075,0.2345679012345679,61.301886792452834,5.5363294154364056
LOR07,0.26356589147286824,0.0103359173126615,0.023255813953488372,0.041343669250646,0.06718346253229975,0.16795865633074936,0.1111111111111111,0,0.17571059431524547,0.0,0.023255813953488372,0,0.6098191214470284,0.5012919896640827,0.14987080103359174,0.14987080103359174,0,0.01808785529715762,0,0,0.18220338983050846,0.11016949152542373,0.2923728813559322,0.4322033898305085,1.2264150943396226,0.2754237288135593,79.71698113207547,6.313358105322217
OCM18,0.2632794457274827,0.018475750577367205,0.046189376443418015,0.03464203233256351,0.057736720554272515,0.16628175519630484,0.08314087759815242,0,0.20323325635103925,0.0,0.046189376443418015,0,0.5704387990762124,0.5127020785219399,0.14549653579676675,0.15704387990762125,0,0.009237875288683603,0,0,0.145748987854251,0.10121457489878542,0.24696356275303644,0.46153846153846156,1.180327868852459,0.291497975708502,84.98360655737704,6.518573715061334
OCM06,0.28378378378378377,0.0472972972972973,0.03153153153153153,0.04954954954954955,0.06306306306306306,0.16891891891891891,0.09009009009009009,0,0.18018018018018017,0.0,0.03153153153153153,0,0.6058558558558559,0.48423423423423423,0.13288288288288289,0.11486486486486487,0,0.05405405405405406,0,0,0.14869888475836432,0.10408921933085502,0.2527881040892193,0.4684014869888476,1.1194029850746268,0.2788104089219331,83.95522388059702,6.479013191860201
LRE09,0.22888283378746593,0.010899182561307902,0.06267029972752043,0.03814713896457766,0.06267029972752043,0.19618528610354224,0.07901907356948229,0,0.1880108991825613,0.0,0.06267029972752043,0,0.5667574931880109,0.5122615803814714,0.1444141689373297,0.16348773841961853,0,0.0326975476839237,0,0,0.13942307692307693,0.11057692307692307,0.25,0.40384615384615385,1.263157894736842,0.34615384615384615,90.94736842105263,6.743417843388197
GRE09,0.20689655172413793,0.020689655172413793,0.041379310344827586,0.04367816091954023,0.06896551724137931,0.18160919540229886,0.15862068965517243,0,0.19080459770114944,0.004597701149425287,0.041379310344827586,0,0.6160919540229886,0.542528735632184,0.10344827586206896,0.15172413793103448,0,0.029885057471264367,0,0,0.2574626865671642,0.11194029850746269,0.3694029850746269,0.3358208955223881,1.234375,0.2947761194029851,97.515625,6.982679464217156
OCM20,0.24866310160427807,0.0374331550802139,0.034759358288770054,0.06417112299465241,0.0855614973262032,0.17647058823529413,0.12299465240641712,0,0.16310160427807488,0.0053475935828877,0.034759358288770054,0,0.6336898395721925,0.4893048128342246,0.09893048128342247,0.13101604278074866,0,0.045454545454545456,0,0,0.1940928270042194,0.1350210970464135,0.3291139240506329,0.3924050632911392,1.1,0.27848101265822783,72.6,6.024948132556827
BOD07,0.21271393643031786,0.014669926650366748,0.03667481662591687,0.06845965770171149,0.06356968215158924,0.17114914425427874,0.13691931540342298,0,0.18092909535452323,0.0,0.03667481662591687,0,0.5843520782396088,0.5525672371638142,0.1295843520782396,0.16381418092909536,0,0.007334963325183374,0,0,0.23430962343096234,0.1087866108786611,0.34309623430962344,0.36401673640167365,1.1666666666666667,0.2928870292887029,81.66666666666667,6.390096504226938
BRE07,0.28115015974440893,0.022364217252396165,0.022364217252396165,0.03194888178913738,0.07348242811501597,0.15654952076677317,0.08626198083067092,0,0.1853035143769968,0.0,0.022364217252396165,0,0.597444089456869,0.48881789137380194,0.16293929712460065,0.11182108626198083,0,0.04472843450479233,0,0,0.1443850267379679,0.12299465240641712,0.26737967914438504,0.47058823529411764,1.0888888888888888,0.2620320855614973,53.355555555555554,5.1650535116083525
HES05,0.23140495867768596,0.011019283746556474,0.05785123966942149,0.04132231404958678,0.0743801652892562,0.18181818181818182,0.0881542699724518,0,0.2066115702479339,0.0,0.05785123966942149,0,0.5757575757575758,0.512396694214876,0.1184573002754821,0.15151515151515152,0,0.030303030303030304,0,0,0.15311004784688995,0.1291866028708134,0.2822966507177033,0.4019138755980861,1.1785714285714286,0.3157894736842105,77.78571428571429,6.236413804652249
LYO14,0.25304136253041365,0.012165450121654502,0.019464720194647202,0.0535279805352798,0.06082725060827251,0.170316301703163,0.0948905109489051,0,0.20194647201946472,0.0,0.019464720194647202,0,0.5790754257907542,0.5158150851581509,0.145985401459854,0.11435523114355231,0,0.05596107055961071,0,0,0.1638655462184874,0.10504201680672269,0.2689075630252101,0.4369747899159664,1.1666666666666667,0.29411764705882354,81.66666666666667,6.390096504226938
HES01,0.19648093841642228,0.011730205278592375,0.093841642228739,0.06451612903225806,0.04398826979472141,0.21994134897360704,0.10850439882697947,0,0.16715542521994134,0.002932551319648094,0.093841642228739,0,0.5689149560117303,0.5395894428152492,0.10263929618768329,0.21114369501466276,0,0.008797653958944282,0,0,0.19072164948453607,0.07731958762886598,0.26804123711340205,0.34536082474226804,1.293103448275862,0.3865979381443299,96.98275862068965,6.963575181639445
POF03,0.25054945054945055,0.03076923076923077,0.035164835164835165,0.05274725274725275,0.05714285714285714,0.16263736263736264,0.10329670329670329,0,0.189010989010989,0.004395604395604396,0.035164835164835165,0,0.5736263736263736,0.5296703296703297,0.14505494505494507,0.13846153846153847,0,0.024175824175824177,0,0,0.18007662835249041,0.09961685823754789,0.2796934865900383,0.4367816091954023,1.48,0.2835249042145594,109.52,7.4
LOR02,0.2846153846153846,0.015384615384615385,0.03076923076923077,0.038461538461538464,0.09487179487179487,0.14871794871794872,0.06153846153846154,0,0.19743589743589743,0.0,0.03076923076923077,0,0.5897435897435898,0.4717948717948718,0.14358974358974358,0.11538461538461539,0,0.03333333333333333,0,0,0.10434782608695652,0.1608695652173913,0.26521739130434785,0.4826086956521739,1.0357142857142858,0.25217391304347825,60.07142857142857,5.480484858633795
BRE05,0.212890625,0.029296875,0.03515625,0.044921875,0.0703125,0.2265625,0.1171875,0,0.17578125,0.0,0.03515625,0,0.626953125,0.490234375,0.1171875,0.1796875,0,0.046875,0,0,0.18691588785046728,0.11214953271028037,0.29906542056074764,0.3395638629283489,1.288888888888889,0.3613707165109034,149.51111111111112,8.646129512999186
CFE01,0.22041763341067286,0.02320185614849188,0.03944315545243619,0.06728538283062645,0.06728538283062645,0.18097447795823665,0.0951276102088167,0,0.20185614849187936,0.002320185614849188,0.03944315545243619,0,0.5638051044083526,0.531322505800464,0.12529002320185614,0.16241299303944315,0,0.018561484918793503,0,0,0.16872427983539096,0.11934156378600823,0.2880658436213992,0.39094650205761317,1.3220338983050848,0.32098765432098764,103.11864406779661,7.180482019606923
LRE03,0.26851851851851855,0.027777777777777776,0.015432098765432098,0.05555555555555555,0.08333333333333333,0.12654320987654322,0.11419753086419752,0,0.22839506172839505,0.0,0.015432098765432098,0,0.5925925925925926,0.5216049382716049,0.10802469135802469,0.10185185185185185,0,0.024691358024691357,0,0,0.19270833333333334,0.140625,0.3333333333333333,0.453125,1.2058823529411764,0.21354166666666666,49.44117647058823,4.971980313244826
LDV04,0.22361111111111112,0.03194444444444444,0.030555555555555555,0.029166666666666667,0.06666666666666667,0.1625,0.14722222222222223,0,0.2111111111111111,0.002777777777777778,0.030555555555555555,0,0.6,0.5472222222222223,0.12638888888888888,0.14166666666666666,0,0.020833333333333332,0,0,0.24537037037037038,0.1111111111111111,0.35648148148148145,0.3726851851851852,1.2717391304347827,0.2708333333333333,148.79347826086956,8.625354435061482
OCM04,0.22682926829268293,0.0024390243902439024,0.07073170731707316,0.046341463414634146,0.08048780487804878,0.16097560975609757,0.11463414634146342,0,0.17073170731707318,0.0,0.07073170731707316,0,0.5829268292682926,0.5317073170731708,0.12926829268292683,0.12926829268292683,0,0.03170731707317073,0,0,0.19665271966527198,0.13807531380753138,0.33472803347280333,0.3891213389121339,1.11864406779661,0.27615062761506276,73.83050847457628,6.0757924781289345
NOR11,0.25680933852140075,0.011673151750972763,0.04669260700389105,0.05058365758754864,0.08754863813229571,0.1556420233463035,0.07976653696498054,0,0.18482490272373542,0.0,0.04669260700389105,0,0.5797665369649806,0.5,0.13813229571984437,0.14202334630350194,0,0.013618677042801557,0,0,0.13758389261744966,0.15100671140939598,0.28859060402684567,0.4429530201342282,1.2307692307692308,0.2684563758389262,98.46153846153847,7.0164641544562345
BRE06,0.2703349282296651,0.014354066985645933,0.03110047846889952,0.03588516746411483,0.045454545454545456,0.16507177033492823,0.09090909090909091,0,0.20095693779904306,0.0,0.03110047846889952,0,0.5717703349282297,0.5191387559808612,0.16028708133971292,0.13636363636363635,0,0.028708133971291867,0,0,0.1589958158995816,0.0794979079497908,0.2384937238493724,0.47280334728033474,1.1694915254237288,0.28870292887029286,80.69491525423729,6.351964863498432
NOR07,0.2361111111111111,0.005555555555555556,0.008333333333333333,0.07222222222222222,0.11666666666666667,0.1638888888888889,0.08611111111111111,0,0.16944444444444445,0.005555555555555556,0.008333333333333333,0,0.6027777777777777,0.48333333333333334,0.14166666666666666,0.13333333333333333,0,0.030555555555555555,0,0,0.14285714285714285,0.1935483870967742,0.33640552995391704,0.391705069124424,1.1568627450980393,0.271889400921659,68.25490196078431,5.841870503562379
HES04,0.2608695652173913,0.04782608695652174,0.02391304347826087,0.041304347826086954,0.058695652173913045,0.18478260869565216,0.09782608695652174,0,0.20434782608695654,0.0,0.02391304347826087,0,0.6021739130434782,0.4956521739130435,0.1282608695652174,0.1608695652173913,0,0.02391304347826087,0,0,0.1624548736462094,0.09747292418772563,0.259927797833935,0.4332129963898917,1.1486486486486487,0.30685920577617326,97.63513513513513,6.986956960477685
LYO13,0.22334004024144868,0.008048289738430584,0.04627766599597585,0.026156941649899398,0.07042253521126761,0.18309859154929578,0.1529175050301811,0,0.19718309859154928,0.0,0.04627766599597585,0,0.6297786720321932,0.5231388329979879,0.1006036217303823,0.16498993963782696,0,0.018108651911468814,0,0,0.24281150159744408,0.11182108626198083,0.3546325878594249,0.3546325878594249,1.3,0.29073482428115016,118.3,7.6909037180295
AMU01,0.25842696629213485,0.014044943820224719,0.047752808988764044,0.03089887640449438,0.09831460674157304,0.1544943820224719,0.09269662921348315,0,0.16853932584269662,0.0,0.047752808988764044,0,0.6039325842696629,0.4887640449438202,0.14887640449438203,0.12921348314606743,0,0.025280898876404494,0,0,0.15348837209302327,0.16279069767441862,0.31627906976744186,0.42790697674418604,1.1224489795918366,0.2558139534883721,61.734693877551024,5.555838995037159
BRE16,0.2769556025369979,0.019027484143763214,0.02748414376321353,0.046511627906976744,0.08879492600422834,0.13742071881606766,0.08668076109936575,0,0.17547568710359407,0.0,0.02748414376321353,0,0.5898520084566596,0.49682875264270615,0.160676532769556,0.12050739957716702,0,0.016913319238900635,0,0,0.14695340501792115,0.15053763440860216,0.2974910394265233,0.46953405017921146,1.1607142857142858,0.23297491039426524,75.44642857142857,6.141922686399942
POF01,0.260752688172043,0.010752688172043012,0.024193548387096774,0.0456989247311828,0.08333333333333333,0.15053763440860216,0.08064516129032258,0,0.1935483870967742,0.0,0.024193548387096774,0,0.5752688172043011,0.5053763440860215,0.16129032258064516,0.13440860215053763,0,0.016129032258064516,0,0,0.14018691588785046,0.14485981308411214,0.2850467289719626,0.4532710280373832,1.2173913043478262,0.2616822429906542,68.17391304347827,5.838403593598094
LYO12,0.2719546742209632,0.014164305949008499,0.031161473087818695,0.039660056657223795,0.0453257790368272,0.14730878186968838,0.07365439093484419,0,0.21529745042492918,0.0028328611898017,0.031161473087818695,0,0.5382436260623229,0.5354107648725213,0.17280453257790368,0.11898016997167139,0,0.028328611898016998,0,0,0.1368421052631579,0.08421052631578947,0.22105263157894736,0.5052631578947369,1.04,0.2736842105263158,54.08,5.2
PES10,0.2900232018561485,0.016241299303944315,0.027842227378190254,0.04176334106728538,0.08584686774941995,0.1531322505800464,0.09744779582366589,0,0.19489559164733178,0.002320185614849188,0.027842227378190254,0,0.6264501160092807,0.4709976798143852,0.10672853828306264,0.13225058004640372,0,0.02088167053364269,0,0,0.15555555555555556,0.13703703703703704,0.29259259259259257,0.46296296296296297,1.1379310344827587,0.24444444444444444,75.10344827586206,6.127946159842712
AMU07,0.29015544041450775,0.012953367875647668,0.010362694300518135,0.031088082901554404,0.06217616580310881,0.15284974093264247,0.06476683937823834,0,0.23056994818652848,0.0,0.010362694300518135,0,0.5699481865284974,0.4948186528497409,0.15803108808290156,0.11917098445595854,0,0.03367875647668394,0,0,0.11363636363636363,0.10909090909090909,0.22272727272727272,0.509090909090909,1.2040816326530612,0.2681818181818182,71.04081632653062,5.959900012858044
OCM16,0.20689655172413793,0.007389162561576354,0.03201970443349754,0.04926108374384237,0.07389162561576355,0.15024630541871922,0.19458128078817735,0,0.18226600985221675,0.0,0.03201970443349754,0,0.625615763546798,0.5689655172413793,0.11083743842364532,0.13054187192118227,0,0.019704433497536946,0,0,0.3110236220472441,0.11811023622047244,0.42913385826771655,0.33070866141732286,1.196078431372549,0.24015748031496062,72.96078431372548,6.039900012157713
BRE02,0.25061425061425063,0.022113022113022112,0.0171990171990172,0.04668304668304668,0.07616707616707617,0.15724815724815724,0.10565110565110565,0,0.21867321867321868,0.002457002457002457,0.0171990171990172,0,0.5896805896805897,0.515970515970516,0.12530712530712532,0.14250614250614252,0,0.014742014742014743,0,0,0.17916666666666667,0.12916666666666668,0.30833333333333335,0.425,1.1428571428571428,0.26666666666666666,73.14285714285714,6.047431568147635
CFE10,0.27844311377245506,0.017964071856287425,0.023952095808383235,0.059880239520958084,0.08083832335329341,0.15269461077844312,0.08982035928143713,0,0.16167664670658682,0.005988023952095809,0.023952095808383235,0,0.6017964071856288,0.4880239520958084,0.1467065868263473,0.1317365269461078,0,0.020958083832335328,0,0,0.14925373134328357,0.13432835820895522,0.2835820895522388,0.4626865671641791,1.1333333333333333,0.2537313432835821,57.8,5.375872022286245
HES08,0.2627906976744186,0.018604651162790697,0.018604651162790697,0.037209302325581395,0.07906976744186046,0.16279069767441862,0.1325581395348837,0,0.2069767441860465,0.0,0.018604651162790697,0,0.6372093023255814,0.49534883720930234,0.1,0.13953488372093023,0,0.023255813953488372,0,0,0.20802919708029197,0.12408759124087591,0.33211678832116787,0.4124087591240876,1.3461538461538463,0.25547445255474455,94.23076923076923,6.864064729836442
LYO04,0.25675675675675674,0.04054054054054054,0.04054054054054054,0.06486486486486487,0.0918918918918919,0.14324324324324325,0.10810810810810811,0,0.1945945945945946,0.002702702702702703,0.04054054054054054,0,0.6,0.5081081081081081,0.0972972972972973,0.13513513513513514,0,0.008108108108108109,0,0,0.18018018018018017,0.15315315315315314,0.3333333333333333,0.42792792792792794,1.127659574468085,0.23873873873873874,59.765957446808514,5.466532605171604
OCM09,0.25384615384615383,0.046153846153846156,0.04871794871794872,0.07179487179487179,0.07948717948717948,0.17435897435897435,0.08717948717948718,0,0.1641025641025641,0.005128205128205128,0.04871794871794872,0,0.5948717948717949,0.49230769230769234,0.11538461538461539,0.1641025641025641,0,0.010256410256410256,0,0,0.14655172413793102,0.1336206896551724,0.2801724137931034,0.4267241379310345,1.096774193548387,0.29310344827586204,74.58064516129032,6.106580268910347
LYO01,0.25190839694656486,0.010178117048346057,0.035623409669211195,0.058524173027989825,0.06361323155216285,0.1806615776081425,0.089058524173028,0,0.18829516539440203,0.0,0.035623409669211195,0,0.5852417302798982,0.5038167938931297,0.13231552162849872,0.16539440203562342,0,0.015267175572519083,0,0,0.15217391304347827,0.10869565217391304,0.2608695652173913,0.43043478260869567,1.126984126984127,0.30869565217391304,80.01587301587301,6.32518272526071
UPL02,0.232662192393736,0.02237136465324385,0.042505592841163314,0.040268456375838924,0.07829977628635347,0.15883668903803133,0.1185682326621924,0,0.19239373601789708,0.0,0.042505592841163314,0,0.5883668903803132,0.5302013422818792,0.13646532438478748,0.13870246085011187,0,0.020134228187919462,0,0,0.20152091254752852,0.13307984790874525,0.33460076045627374,0.39543726235741444,1.1833333333333333,0.26996197718631176,84.01666666666667,6.4813835971444655
UPS07,0.25,0.016666666666666666,0.027777777777777776,0.03333333333333333,0.1,0.15833333333333333,0.1,0,0.21944444444444444,0.0,0.027777777777777776,0,0.6083333333333333,0.49166666666666664,0.1111111111111111,0.14166666666666666,0,0.016666666666666666,0,0,0.1643835616438356,0.1643835616438356,0.3287671232876712,0.410958904109589,1.2954545454545454,0.2602739726027397,73.8409090909091,6.076220416134897
BFC01,0.21313868613138687,0.020437956204379562,0.05547445255474453,0.04525547445255475,0.05693430656934306,0.19854014598540146,0.1343065693430657,0,0.1897810218978102,0.0,0.05547445255474453,0,0.602919708029197,0.5313868613138686,0.10656934306569343,0.15328467153284672,0,0.04525547445255475,0,0,0.22276029055690072,0.09443099273607748,0.3171912832929782,0.35351089588377727,1.446808510638298,0.32929782082324455,196.7659574468085,9.91881942185683
UPS13,0.23529411764705882,0.009411764705882352,0.03294117647058824,0.05411764705882353,0.05647058823529412,0.1976470588235294,0.0988235294117647,0,0.1976470588235294,0.007058823529411765,0.03294117647058824,0,0.5882352941176471,0.5105882352941177,0.12,0.16,0,0.03764705882352941,0,0,0.168,0.096,0.264,0.4,1.2,0.336,100.8,7.0992957397195395
GRE15,0.22531645569620254,0.017721518987341773,0.030379746835443037,0.060759493670886074,0.06582278481012659,0.19240506329113924,0.10632911392405063,0,0.1848101265822785,0.0,0.030379746835443037,0,0.589873417721519,0.5164556962025316,0.1341772151898734,0.17468354430379746,0,0.017721518987341773,0,0,0.18025751072961374,0.11158798283261803,0.2918454935622318,0.38197424892703863,1.0704225352112675,0.3261802575107296,81.35211267605634,6.377778323054837
NOR08,0.23668639053254437,0.005917159763313609,0.026627218934911243,0.05917159763313609,0.05917159763313609,0.1952662721893491,0.07988165680473373,0,0.20414201183431951,0.0,0.026627218934911243,0,0.5710059171597633,0.5088757396449705,0.1390532544378698,0.15088757396449703,0,0.04437869822485207,0,0,0.13989637305699482,0.10362694300518134,0.24352331606217617,0.41450777202072536,1.1578947368421053,0.34196891191709844,76.42105263157895,6.18146635643918
BRE01,0.25116279069767444,0.011627906976744186,0.037209302325581395,0.05116279069767442,0.05813953488372093,0.16511627906976745,0.11395348837209303,0,0.19767441860465115,0.002325581395348837,0.037209302325581395,0,0.5883720930232558,0.5255813953488372,0.12325581395348838,0.14883720930232558,0,0.01627906976744186,0,0,0.19367588932806323,0.09881422924901186,0.2924901185770751,0.4268774703557312,1.2456140350877194,0.28063241106719367,88.43859649122807,6.6497592622300274
CVL03,0.2832369942196532,0.017341040462427744,0.002890173410404624,0.04046242774566474,0.10982658959537572,0.1994219653179191,0.07225433526011561,0,0.1791907514450867,0.002890173410404624,0.002890173410404624,0,0.6647398843930635,0.407514450867052,0.10982658959537572,0.17341040462427745,0,0.02601156069364162,0,0,0.10869565217391304,0.16521739130434782,0.27391304347826084,0.4260869565217391,1.4081632653061225,0.3,97.16326530612245,6.970052557410254
LDV09,0.2709551656920078,0.017543859649122806,0.023391812865497075,0.042884990253411304,0.06432748538011696,0.16569200779727095,0.08382066276803118,0,0.1949317738791423,0.005847953216374269,0.023391812865497075,0,0.5847953216374269,0.49902534113060426,0.14814814814814814,0.1364522417153996,0,0.029239766081871343,0,0,0.14333333333333334,0.11,0.25333333333333335,0.4633333333333333,1.1333333333333333,0.2833333333333333,96.33333333333333,6.940220937885671
UPS08,0.20616113744075829,0.023696682464454975,0.052132701421800945,0.08530805687203792,0.08056872037914692,0.16824644549763032,0.13033175355450238,0,0.18009478672985782,0.0071090047393364926,0.052132701421800945,0,0.5853080568720379,0.5450236966824644,0.09004739336492891,0.14454976303317535,0,0.023696682464454975,0,0,0.22267206477732793,0.13765182186234817,0.3603238866396761,0.3522267206477733,1.1833333333333333,0.2874493927125506,84.01666666666667,6.4813835971444655
LYO10,0.21654501216545013,0.024330900243309004,0.038929440389294405,0.0535279805352798,0.0851581508515815,0.19464720194647203,0.11678832116788321,0,0.1630170316301703,0.0,0.038929440389294405,0,0.6131386861313869,0.5036496350364964,0.13138686131386862,0.15571776155717762,0,0.038929440389294405,0,0,0.19047619047619047,0.1388888888888889,0.32936507936507936,0.3531746031746032,1.1764705882352942,0.31746031746031744,94.11764705882354,6.859943405700353
LRE11,0.2645631067961165,0.009708737864077669,0.043689320388349516,0.050970873786407765,0.03398058252427184,0.16747572815533981,0.07766990291262135,0,0.19902912621359223,0.0,0.043689320388349516,0,0.5436893203883495,0.5339805825242718,0.16262135922330098,0.1529126213592233,0,0.014563106796116505,0,0,0.14285714285714285,0.0625,0.20535714285714285,0.48660714285714285,1.2777777777777777,0.3080357142857143,88.16666666666667,6.639528095680696
LYO05,0.2510204081632653,0.02857142857142857,0.030612244897959183,0.0326530612244898,0.07959183673469387,0.1836734693877551,0.08571428571428572,0,0.21836734693877552,0.0,0.030612244897959183,0,0.6,0.4857142857142857,0.11836734693877551,0.15510204081632653,0,0.02857142857142857,0,0,0.14285714285714285,0.1326530612244898,0.2755102040816326,0.41836734693877553,1.0975609756097562,0.30612244897959184,98.78048780487805,7.027819284987273
NOR02,0.24,0.0026666666666666666,0.032,0.024,0.058666666666666666,0.14133333333333334,0.13333333333333333,0,0.21066666666666667,0.0,0.032,0,0.5733333333333334,0.56,0.16,0.12533333333333332,0,0.016,0,0,0.23255813953488372,0.10232558139534884,0.33488372093023255,0.4186046511627907,1.06,0.24651162790697675,56.18,5.3
UPS15,0.2832080200501253,0.015037593984962405,0.022556390977443608,0.03508771929824561,0.08270676691729323,0.14786967418546365,0.07017543859649122,0,0.20300751879699247,0.0,0.022556390977443608,0,0.5839598997493735,0.48621553884711777,0.15538847117794485,0.11779448621553884,0,0.03007518796992481,0,0,0.12017167381974249,0.14163090128755365,0.26180257510729615,0.48497854077253216,1.0727272727272728,0.2532188841201717,63.29090909090909,5.625429276548995
OCM02,0.266304347826087,0.01358695652173913,0.010869565217391304,0.057065217391304345,0.11684782608695653,0.1331521739130435,0.08967391304347826,0,0.16304347826086957,0.0,0.010869565217391304,0,0.6059782608695652,0.483695652173913,0.16304347826086957,0.10326086956521739,0,0.029891304347826088,0,0,0.14798206278026907,0.19282511210762332,0.34080717488789236,0.43946188340807174,1.0208333333333333,0.21973094170403587,50.020833333333336,5.001041558182322
BFC03,0.26814516129032256,0.014112903225806451,0.02217741935483871,0.05443548387096774,0.08064516129032258,0.12903225806451613,0.09274193548387097,0,0.2056451612903226,0.0,0.02217741935483871,0,0.5705645161290323,0.5221774193548387,0.14717741935483872,0.10685483870967742,0,0.02217741935483871,0,0,0.1625441696113074,0.1413427561837456,0.303886925795053,0.46996466431095407,1.1636363636363636,0.22614840989399293,74.47272727272727,6.102160571171791
AMU03,0.2868020304568528,0.007614213197969543,0.02030456852791878,0.050761421319796954,0.08375634517766498,0.1319796954314721,0.07868020304568528,0,0.19035532994923857,0.0,0.02030456852791878,0,0.5812182741116751,0.49746192893401014,0.15736040609137056,0.10406091370558376,0,0.027918781725888325,0,0,0.13537117903930132,0.14410480349344978,0.2794759825327511,0.49344978165938863,1.1304347826086956,0.22707423580786026,58.78260869565217,5.421374765483944
BFC06,0.2609375,0.021875,0.01875,0.0421875,0.096875,0.153125,0.10625,0,0.1890625,0.0,0.01875,0,0.6171875,0.4890625,0.1328125,0.1234375,0,0.0296875,0,0,0.17215189873417722,0.1569620253164557,0.3291139240506329,0.42278481012658226,1.2564102564102564,0.2481012658227848,123.12820512820512,7.846279536449269
GRE11,0.25396825396825395,0.006802721088435374,0.027210884353741496,0.05215419501133787,0.08843537414965986,0.12018140589569161,0.1111111111111111,0,0.19727891156462585,0.0045351473922902496,0.027210884353741496,0,0.5736961451247166,0.5374149659863946,0.14512471655328799,0.10204081632653061,0,0.018140589569160998,0,0,0.19367588932806323,0.1541501976284585,0.34782608695652173,0.4426877470355731,1.06,0.20948616600790515,56.18,5.3
UPS14,0.19630484988452657,0.020785219399538105,0.03926096997690531,0.053117782909930716,0.06928406466512702,0.21939953810623555,0.15011547344110854,0,0.17090069284064666,0.0,0.03926096997690531,0,0.6351039260969977,0.5150115473441108,0.10161662817551963,0.20092378752886836,0,0.018475750577367205,0,0,0.23636363636363636,0.10909090909090909,0.34545454545454546,0.3090909090909091,1.3768115942028984,0.34545454545454546,130.79710144927537,8.086937042208111
CFE04,0.2511111111111111,0.0044444444444444444,0.042222222222222223,0.035555555555555556,0.09555555555555556,0.16666666666666666,0.09555555555555556,0,0.19333333333333333,0.0,0.042222222222222223,0,0.6088888888888889,0.4866666666666667,0.12,0.14,0,0.02666666666666667,0,0,0.15693430656934307,0.15693430656934307,0.31386861313868614,0.4124087591240876,1.293103448275862,0.2737226277372263,96.98275862068965,6.963575181639445
UPS02,0.2661498708010336,0.025839793281653745,0.028423772609819122,0.03875968992248062,0.07235142118863049,0.18087855297157623,0.08527131782945736,0,0.19121447028423771,0.0,0.028423772609819122,0,0.6046511627906976,0.4806201550387597,0.13695090439276486,0.16020671834625322,0,0.020671834625323,0,0,0.14102564102564102,0.11965811965811966,0.2606837606837607,0.44017094017094016,1.1290322580645162,0.29914529914529914,79.03225806451613,6.286185570937122
LDV01,0.23013245033112584,0.013245033112582781,0.04304635761589404,0.041390728476821195,0.07450331125827815,0.19205298013245034,0.10099337748344371,0,0.1804635761589404,0.0016556291390728477,0.04304635761589404,0,0.597682119205298,0.5033112582781457,0.1357615894039735,0.16225165562913907,0,0.029801324503311258,0,0,0.16897506925207756,0.12465373961218837,0.29362880886426596,0.3850415512465374,1.3647058823529412,0.32132963988919666,158.30588235294118,8.896793870629496
LOR04,0.21739130434782608,0.017902813299232736,0.03324808184143223,0.058823529411764705,0.07672634271099744,0.17902813299232737,0.13043478260869565,0,0.17135549872122763,0.0,0.03324808184143223,0,0.6035805626598465,0.5268542199488491,0.1329923273657289,0.13810741687979539,0,0.04092071611253197,0,0,0.21610169491525424,0.1271186440677966,0.3432203389830508,0.3601694915254237,1.0606060606060606,0.2966101694915254,74.24242424242425,6.092717958449424
LOR05,0.2467866323907455,0.007712082262210797,0.017994858611825194,0.05398457583547558,0.06426735218508997,0.16195372750642673,0.13367609254498714,0,0.1928020565552699,0.002570694087403599,0.017994858611825194,0,0.6066838046272494,0.5269922879177378,0.12596401028277635,0.13110539845758354,0,0.030848329048843187,0,0,0.22033898305084745,0.1059322033898305,0.326271186440678,0.4067796610169492,1.05,0.2669491525423729,66.15,5.751086853804244
LDV08,0.2285012285012285,0.02457002457002457,0.03194103194103194,0.056511056511056514,0.10073710073710074,0.14987714987714987,0.10073710073710074,0,0.20393120393120392,0.002457002457002457,0.03194103194103194,0,0.5798525798525799,0.5208845208845209,0.12530712530712532,0.12285012285012285,0,0.02702702702702703,0,0,0.17372881355932204,0.17372881355932204,0.3474576271186441,0.3940677966101695,1.1090909090909091,0.2584745762711864,67.65454545454546,5.816121794398113
BRE04,0.27294117647058824,0.023529411764705882,0.02823529411764706,0.058823529411764705,0.09411764705882353,0.12,0.08941176470588236,0,0.1952941176470588,0.002352941176470588,0.02823529411764706,0,0.5764705882352941,0.5129411764705882,0.1388235294117647,0.1011764705882353,0,0.018823529411764704,0,0,0.15510204081632653,0.16326530612244897,0.3183673469387755,0.47346938775510206,1.1590909090909092,0.20816326530612245,59.11363636363637,5.436618267068066
UPS09,0.2676767676767677,0.017676767676767676,0.015151515151515152,0.03535353535353535,0.06818181818181818,0.15404040404040403,0.10101010101010101,0,0.20454545454545456,0.005050505050505051,0.015151515151515152,0,0.5909090909090909,0.51010101010101,0.14898989898989898,0.12373737373737374,0,0.030303030303030304,0,0,0.17094017094017094,0.11538461538461539,0.2863247863247863,0.452991452991453,1.1296296296296295,0.2606837606837607,68.9074074074074,5.869727736761195
PES01,0.32407407407407407,0.06172839506172839,0.024691358024691357,0.043209876543209874,0.05864197530864197,0.09876543209876543,0.07407407407407407,0,0.20987654320987653,0.006172839506172839,0.024691358024691357,0,0.5555555555555556,0.5185185185185185,0.16049382716049382,0.08641975308641975,0,0.012345679012345678,0,0,0.13333333333333333,0.10555555555555556,0.2388888888888889,0.5833333333333334,1.103448275862069,0.17777777777777778,35.310344827586206,4.201805851511121
CVL02,0.234375,0.004464285714285714,0.022321428571428572,0.05803571428571429,0.07142857142857142,0.17857142857142858,0.11383928571428571,0,0.171875,0.0,0.022321428571428572,0,0.5982142857142857,0.515625,0.14955357142857142,0.14508928571428573,0,0.033482142857142856,0,0,0.19029850746268656,0.11940298507462686,0.30970149253731344,0.3917910447761194,1.25,0.29850746268656714,100.0,7.071067811865475
LDV06,0.26422764227642276,0.04878048780487805,0.026422764227642278,0.04878048780487805,0.06910569105691057,0.18902439024390244,0.12195121951219512,0,0.1524390243902439,0.0020325203252032522,0.026422764227642278,0,0.6443089430894309,0.47764227642276424,0.12601626016260162,0.16666666666666666,0,0.022357723577235773,0,0,0.1892744479495268,0.10725552050473186,0.29652996845425866,0.41009463722397477,1.1772151898734178,0.29337539432176657,109.48101265822785,7.398682742834289
GRE08,0.22687224669603523,0.00881057268722467,0.03524229074889868,0.04405286343612335,0.08370044052863436,0.1894273127753304,0.1277533039647577,0,0.15198237885462554,0.0022026431718061676,0.03524229074889868,0,0.6277533039647577,0.5,0.13876651982378854,0.18061674008810572,0,0.00881057268722467,0,0,0.20350877192982456,0.13333333333333333,0.3368421052631579,0.36140350877192984,1.3870967741935485,0.3017543859649123,119.29032258064517,7.723027987151322
NOR03,0.23246492985971945,0.022044088176352707,0.03807615230460922,0.052104208416833664,0.07414829659318638,0.14228456913827656,0.11222444889779559,0,0.19238476953907815,0.0,0.03807615230460922,0,0.561122244488978,0.5511022044088176,0.156312625250501,0.1282565130260521,0,0.014028056112224449,0,0,0.2,0.13214285714285715,0.33214285714285713,0.4142857142857143,1.2456140350877194,0.25357142857142856,88.43859649122807,6.6497592622300274
BRE03,0.2736220472440945,0.017716535433070866,0.023622047244094488,0.04330708661417323,0.07480314960629922,0.1437007874015748,0.10433070866141732,0,0.20078740157480315,0.001968503937007874,0.023622047244094488,0,0.5964566929133859,0.5078740157480315,0.13385826771653545,0.11614173228346457,0,0.027559055118110236,0,0,0.17491749174917492,0.1254125412541254,0.30033003300330036,0.45874587458745875,1.0735294117647058,0.24092409240924093,78.36764705882354,6.259698357701573
NOR09,0.24342105263157895,0.0043859649122807015,0.04824561403508772,0.039473684210526314,0.07017543859649122,0.1600877192982456,0.09868421052631579,0,0.18421052631578946,0.0021929824561403508,0.04824561403508772,0,0.5723684210526315,0.5263157894736842,0.15350877192982457,0.13596491228070176,0,0.02412280701754386,0,0,0.1724137931034483,0.12260536398467432,0.2950191570881226,0.42528735632183906,1.3035714285714286,0.2796934865900383,95.16071428571429,6.897851632418397
LYO07,0.23684210526315788,0.002631578947368421,0.03684210526315789,0.06842105263157895,0.07631578947368421,0.1736842105263158,0.0868421052631579,0,0.21052631578947367,0.0,0.03684210526315789,0,0.5736842105263158,0.5131578947368421,0.11052631578947368,0.16052631578947368,0,0.013157894736842105,0,0,0.15137614678899083,0.13302752293577982,0.28440366972477066,0.41284403669724773,1.2,0.30275229357798167,79.2,6.292853089020909
GRE12,0.2693208430913349,0.00936768149882904,0.03044496487119438,0.03747072599531616,0.08899297423887588,0.17798594847775176,0.08196721311475409,0,0.18501170960187355,0.0,0.03044496487119438,0,0.6182669789227166,0.4637002341920375,0.1288056206088993,0.14988290398126464,0,0.02810304449648712,0,0,0.13257575757575757,0.14393939393939395,0.2765151515151515,0.4356060606060606,1.3103448275862069,0.2878787878787879,99.58620689655173,7.056422850727971
CFE05,0.2176039119804401,0.014669926650366748,0.022004889975550123,0.03667481662591687,0.07090464547677261,0.15647921760391198,0.12224938875305623,0,0.21026894865525672,0.004889975550122249,0.022004889975550123,0,0.5672371638141809,0.5550122249388753,0.15892420537897312,0.13447432762836187,0,0.022004889975550123,0,0,0.21551724137931033,0.125,0.34051724137931033,0.38362068965517243,1.1228070175438596,0.27586206896551724,71.85964912280701,5.9941491941228415
BFC10,0.25788497217068646,0.014842300556586271,0.02411873840445269,0.04081632653061224,0.06493506493506493,0.18738404452690166,0.08348794063079777,0,0.21706864564007422,0.0018552875695732839,0.02411873840445269,0,0.5936920222634509,0.4897959183673469,0.12244897959183673,0.15584415584415584,0,0.03153988868274583,0,0,0.140625,0.109375,0.25,0.434375,1.2317073170731707,0.315625,124.40243902439025,7.886774975374607
GRE05,0.231651376146789,0.022935779816513763,0.022935779816513763,0.05504587155963303,0.05733944954128441,0.18577981651376146,0.0963302752293578,0,0.21788990825688073,0.0,0.022935779816513763,0,0.5711009174311926,0.5252293577981652,0.13302752293577982,0.1536697247706422,0,0.03211009174311927,0,0,0.1686746987951807,0.10040160642570281,0.26907630522088355,0.40562248995983935,1.173913043478261,0.3253012048192771,95.08695652173913,6.895177899145864
NOR01,0.25895316804407714,0.013774104683195593,0.01652892561983471,0.046831955922865015,0.05509641873278237,0.20110192837465565,0.06887052341597796,0,0.1928374655647383,0.0,0.01652892561983471,0,0.5840220385674931,0.48484848484848486,0.15977961432506887,0.17355371900826447,0,0.027548209366391185,0,0,0.1179245283018868,0.09433962264150944,0.21226415094339623,0.44339622641509435,1.106060606060606,0.3443396226415094,80.74242424242425,6.353834442382971
BOD14,0.2591687041564792,0.019559902200488997,0.044009779951100246,0.07579462102689487,0.05378973105134474,0.17359413202933985,0.09046454767726161,0,0.18092909535452323,0.0,0.044009779951100246,0,0.5770171149144254,0.5134474327628362,0.12224938875305623,0.1491442542787286,0,0.02444987775061125,0,0,0.15677966101694915,0.09322033898305085,0.25,0.4491525423728814,1.1451612903225807,0.3008474576271186,81.30645161290323,6.375988221950509
CFE07,0.2625,0.0125,0.0325,0.0575,0.0775,0.1625,0.085,0,0.1725,0.0,0.0325,0,0.5875,0.4975,0.15,0.125,0,0.0375,0,0,0.14468085106382977,0.13191489361702127,0.2765957446808511,0.44680851063829785,1.0833333333333333,0.2765957446808511,70.41666666666667,5.9336610396393
BFC09,0.23411371237458195,0.005016722408026756,0.023411371237458192,0.048494983277591976,0.10535117056856187,0.15217391304347827,0.13210702341137123,0,0.19230769230769232,0.0,0.023411371237458192,0,0.6237458193979933,0.5083612040133779,0.11204013377926421,0.13377926421404682,0,0.01839464882943144,0,0,0.21179624664879357,0.16890080428954424,0.3806970509383378,0.3753351206434316,1.2297297297297298,0.24396782841823056,111.9054054054054,7.480153922393757
OCM03,0.2823529411764706,0.03764705882352941,0.023529411764705882,0.04941176470588235,0.05176470588235294,0.16941176470588235,0.06352941176470588,0,0.20470588235294118,0.0,0.023529411764705882,0,0.5670588235294117,0.4964705882352941,0.15529411764705883,0.13176470588235295,0,0.03764705882352941,0,0,0.11203319502074689,0.0912863070539419,0.2033195020746888,0.4979253112033195,1.0909090909090908,0.2987551867219917,78.54545454545455,6.2667956144051224
UPL01,0.26666666666666666,0.015873015873015872,0.012698412698412698,0.03492063492063492,0.11746031746031746,0.1619047619047619,0.07301587301587302,0,0.19047619047619047,0.0,0.012698412698412698,0,0.6190476190476191,0.45396825396825397,0.14285714285714285,0.14285714285714285,0,0.01904761904761905,0,0,0.11794871794871795,0.18974358974358974,0.3076923076923077,0.4307692307692308,1.0625,0.26153846153846155,54.1875,5.205165703414254
BOD02,0.24119241192411925,0.008130081300813009,0.032520325203252036,0.06233062330623306,0.056910569105691054,0.18699186991869918,0.10569105691056911,0,0.18699186991869918,0.0,0.032520325203252036,0,0.5907859078590786,0.5149051490514905,0.12737127371273713,0.17344173441734417,0,0.013550135501355014,0,0,0.17889908256880735,0.0963302752293578,0.27522935779816515,0.40825688073394495,1.078125,0.3165137614678899,74.390625,6.098795987733972
BRE10,0.26371308016877637,0.010548523206751054,0.010548523206751054,0.05485232067510549,0.05907172995780591,0.14135021097046413,0.10337552742616034,0,0.22784810126582278,0.002109704641350211,0.010548523206751054,0,0.5675105485232067,0.5358649789029536,0.1371308016877637,0.12236286919831224,0,0.0189873417721519,0,0,0.1821561338289963,0.10408921933085502,0.2862453531598513,0.4646840148698885,1.098360655737705,0.24907063197026022,73.59016393442623,6.065894984848741
CFE03,0.2571428571428571,0.0,0.01904761904761905,0.05476190476190476,0.08571428571428572,0.1619047619047619,0.10952380952380952,0,0.1976190476190476,0.0,0.01904761904761905,0,0.6142857142857143,0.49523809523809526,0.11428571428571428,0.1380952380952381,0,0.023809523809523808,0,0,0.17829457364341086,0.13953488372093023,0.3178294573643411,0.4186046511627907,1.0793650793650793,0.26356589147286824,73.39682539682539,6.057921483348286
GRE02,0.26170798898071623,0.01652892561983471,0.04132231404958678,0.046831955922865015,0.0881542699724518,0.18457300275482094,0.07988980716253444,0,0.1487603305785124,0.0,0.04132231404958678,0,0.6143250688705234,0.465564738292011,0.1487603305785124,0.17079889807162535,0,0.013774104683195593,0,0,0.13004484304932734,0.14349775784753363,0.273542600896861,0.4260089686098655,1.2641509433962264,0.3004484304932735,84.69811320754717,6.507615277793669
BOD15,0.22690763052208834,0.014056224899598393,0.02208835341365462,0.0642570281124498,0.10240963855421686,0.1646586345381526,0.12449799196787148,0,0.1706827309236948,0.002008032128514056,0.02208835341365462,0,0.6184738955823293,0.5060240963855421,0.12248995983935743,0.142570281124498,0,0.02208835341365462,0,0,0.2012987012987013,0.16558441558441558,0.36688311688311687,0.36688311688311687,1.1884057971014492,0.2662337662337662,97.44927536231884,6.980303552221739
CFE06,0.23529411764705882,0.022408963585434174,0.0196078431372549,0.056022408963585436,0.1092436974789916,0.1568627450980392,0.12324929971988796,0,0.18207282913165265,0.0,0.0196078431372549,0,0.6246498599439776,0.49859943977591037,0.11764705882352941,0.13445378151260504,0,0.022408963585434174,0,0,0.19730941704035873,0.17488789237668162,0.3721973094170404,0.37668161434977576,1.0769230769230769,0.25112107623318386,60.30769230769231,5.491251783869154
BFC04,0.25084175084175087,0.015151515151515152,0.025252525252525252,0.04713804713804714,0.05387205387205387,0.17003367003367004,0.10942760942760943,0,0.20875420875420875,0.0,0.025252525252525252,0,0.5841750841750841,0.5252525252525253,0.13468013468013468,0.14983164983164984,0,0.020202020202020204,0,0,0.1873198847262248,0.09221902017291066,0.27953890489913547,0.42939481268011526,1.216867469879518,0.2910662824207493,122.90361445783132,7.8391203096339614
BOD06,0.28888888888888886,0.009876543209876543,0.02962962962962963,0.05432098765432099,0.08641975308641975,0.10864197530864197,0.08395061728395062,0,0.19506172839506172,0.0,0.02962962962962963,0,0.5679012345679012,0.5160493827160494,0.15308641975308643,0.0962962962962963,0,0.012345679012345678,0,0,0.14782608695652175,0.15217391304347827,0.3,0.508695652173913,1.0476190476190477,0.19130434782608696,46.095238095238095,4.800793585191832
LDV07,0.2520458265139116,0.031096563011456628,0.03764320785597381,0.03273322422258593,0.08019639934533551,0.16366612111292964,0.09656301145662848,0,0.20458265139116202,0.0016366612111292963,0.03764320785597381,0,0.5924713584288053,0.5040916530278232,0.1309328968903437,0.13747954173486088,0,0.02618657937806874,0,0,0.16298342541436464,0.13535911602209943,0.2983425414364641,0.425414364640884,1.2820512820512822,0.27624309392265195,128.2051282051282,8.006407690254356
GRE13,0.2328159645232816,0.008869179600886918,0.028824833702882482,0.05321507760532151,0.10199556541019955,0.14855875831485588,0.1130820399113082,0,0.16851441241685144,0.0,0.028824833702882482,0,0.5964523281596452,0.516629711751663,0.15299334811529933,0.12195121951219512,0,0.026607538802660754,0,0,0.1895910780669145,0.17100371747211895,0.36059479553903345,0.3903345724907063,1.1964285714285714,0.24907063197026022,80.16071428571429,6.330904922904556
BOD04,0.24489795918367346,0.01020408163265306,0.025510204081632654,0.05102040816326531,0.06377551020408163,0.1760204081632653,0.11989795918367346,0,0.18112244897959184,0.00510204081632653,0.025510204081632654,0,0.6045918367346939,0.5153061224489796,0.1326530612244898,0.16326530612244897,0,0.012755102040816327,0,0,0.19831223628691982,0.10548523206751055,0.3037974683544304,0.4050632911392405,1.1311475409836065,0.2911392405063291,78.04918032786885,6.246966476933778
AMU05,0.2654639175257732,0.03350515463917526,0.030927835051546393,0.04896907216494845,0.07989690721649484,0.13917525773195877,0.08762886597938144,0,0.21649484536082475,0.0,0.030927835051546393,0,0.5721649484536082,0.5154639175257731,0.13144329896907217,0.11082474226804123,0,0.028350515463917526,0,0,0.15315315315315314,0.13963963963963963,0.2927927927927928,0.46396396396396394,1.125,0.24324324324324326,60.75,5.511351921262151
AMU04,0.2731829573934837,0.0,0.03258145363408521,0.03258145363408521,0.09273182957393483,0.15789473684210525,0.08020050125313283,0,0.17543859649122806,0.002506265664160401,0.03258145363408521,0,0.6040100250626567,0.47619047619047616,0.15288220551378445,0.14536340852130325,0,0.012531328320802004,0,0,0.13278008298755187,0.15352697095435686,0.2863070539419087,0.45228215767634855,1.125,0.26141078838174275,70.875,5.952940449895329
LYO08,0.271461716937355,0.02088167053364269,0.027842227378190254,0.048723897911832945,0.08352668213457076,0.12529002320185614,0.11600928074245939,0,0.20185614849187936,0.0,0.027842227378190254,0,0.5962877030162413,0.5197215777262181,0.12529002320185614,0.10672853828306264,0,0.018561484918793503,0,0,0.19455252918287938,0.14007782101167315,0.3346303501945525,0.45525291828793774,1.2,0.21011673151750973,64.8,5.692099788303083
AMU08,0.3156498673740053,0.01856763925729443,0.021220159151193633,0.04509283819628647,0.07427055702917772,0.14588859416445624,0.0636604774535809,0,0.20424403183023873,0.002652519893899204,0.021220159151193633,0,0.5994694960212201,0.46419098143236076,0.1273209549071618,0.11671087533156499,0,0.029177718832891247,0,0,0.10619469026548672,0.12389380530973451,0.23008849557522124,0.5265486725663717,1.1458333333333333,0.24336283185840707,63.020833333333336,5.613413993878117
PES02,0.25,0.01059322033898305,0.03389830508474576,0.03389830508474576,0.05508474576271186,0.15466101694915255,0.10805084745762712,0,0.22033898305084745,0.0,0.03389830508474576,0,0.5677966101694916,0.5402542372881356,0.1440677966101695,0.1228813559322034,0,0.03177966101694915,0,0,0.19029850746268656,0.09701492537313433,0.2873134328358209,0.44029850746268656,1.3035714285714286,0.27238805970149255,95.16071428571429,6.897851632418397
LRE07,0.27251732101616627,0.04849884526558892,0.06928406466512702,0.06697459584295612,0.07159353348729793,0.16859122401847576,0.08775981524249422,0,0.15473441108545036,0.0,0.06928406466512702,0,0.6004618937644342,0.48729792147806006,0.10854503464203233,0.13394919168591224,0,0.03464203233256351,0,0,0.14615384615384616,0.11923076923076924,0.2653846153846154,0.45384615384615384,1.2372881355932204,0.28076923076923077,90.32203389830508,6.72019471065776
HES02,0.2824267782426778,0.027196652719665274,0.058577405857740586,0.0502092050209205,0.03347280334728033,0.18200836820083682,0.058577405857740586,0,0.18619246861924685,0.0020920502092050207,0.058577405857740586,0,0.5564853556485355,0.502092050209205,0.14644351464435146,0.1694560669456067,0,0.012552301255230125,0,0,0.10526315789473684,0.06015037593984962,0.16541353383458646,0.5075187969924813,1.2253521126760563,0.32706766917293234,106.6056338028169,7.300877817181195
POF02,0.23121387283236994,0.011560693641618497,0.028901734104046242,0.023121387283236993,0.07225433526011561,0.1907514450867052,0.1069364161849711,0,0.19653179190751446,0.0,0.028901734104046242,0,0.6011560693641619,0.5057803468208093,0.15028901734104047,0.16473988439306358,0,0.02601156069364162,0,0,0.1778846153846154,0.1201923076923077,0.2980769230769231,0.38461538461538464,1.1379310344827587,0.3173076923076923,75.10344827586206,6.127946159842712
